date,value,site_no,station_nm,lat,lon
2024-01-01,5.9,14149011,MF WILLAMETTE R BLW LOOKOUT POINT DAM NR LOWELL OR,43.91378056,-122.7556472
2024-01-02,4.8,14149011,MF WILLAMETTE R BLW LOOKOUT POINT DAM NR LOWELL OR,43.91378056,-122.7556472
2024-01-03,4.0,14149011,MF WILLAMETTE R BLW LOOKOUT POINT DAM NR LOWELL OR,43.91378056,-122.7556472
2024-01-04,3.0,14149011,MF WILLAMETTE R BLW LOOKOUT POINT DAM NR LOWELL OR,43.91378056,-122.7556472
2024-01-05,2.7,14149011,MF WILLAMETTE R BLW LOOKOUT POINT DAM NR LOWELL OR,43.91378056,-122.7556472
2024-01-06,2.9,14149011,MF WILLAMETTE R BLW LOOKOUT POINT DAM NR LOWELL OR,43.91378056,-122.7556472
2024-01-07,2.9,14149011,MF WILLAMETTE R BLW LOOKOUT POINT DAM NR LOWELL OR,43.91378056,-122.7556472
2024-01-08,2.5,14149011,MF WILLAMETTE R BLW LOOKOUT POINT DAM NR LOWELL OR,43.91378056,-122.7556472
2024-01-09,17.0,14149011,MF WILLAMETTE R BLW LOOKOUT POINT DAM NR LOWELL OR,43.91378056,-122.7556472
2024-01-10,7.3,14149011,MF WILLAMETTE R BLW LOOKOUT POINT DAM NR LOWELL OR,43.91378056,-122.7556472
2024-01-11,3.0,14149011,MF WILLAMETTE R BLW LOOKOUT POINT DAM NR LOWELL OR,43.91378056,-122.7556472
2024-01-12,2.9,14149011,MF WILLAMETTE R BLW LOOKOUT POINT DAM NR LOWELL OR,43.91378056,-122.7556472
2024-01-13,4.2,14149011,MF WILLAMETTE R BLW LOOKOUT POINT DAM NR LOWELL OR,43.91378056,-122.7556472
2024-01-14,4.5,14149011,MF WILLAMETTE R BLW LOOKOUT POINT DAM NR LOWELL OR,43.91378056,-122.7556472
2024-01-15,5.0,14149011,MF WILLAMETTE R BLW LOOKOUT POINT DAM NR LOWELL OR,43.91378056,-122.7556472
2024-01-16,6.0,14149011,MF WILLAMETTE R BLW LOOKOUT POINT DAM NR LOWELL OR,43.91378056,-122.7556472
2024-01-17,5.7,14149011,MF WILLAMETTE R BLW LOOKOUT POINT DAM NR LOWELL OR,43.91378056,-122.7556472
2024-01-18,5.6,14149011,MF WILLAMETTE R BLW LOOKOUT POINT DAM NR LOWELL OR,43.91378056,-122.7556472
2024-01-19,7.9,14149011,MF WILLAMETTE R BLW LOOKOUT POINT DAM NR LOWELL OR,43.91378056,-122.7556472
2024-01-20,7.3,14149011,MF WILLAMETTE R BLW LOOKOUT POINT DAM NR LOWELL OR,43.91378056,-122.7556472
2024-01-21,7.6,14149011,MF WILLAMETTE R BLW LOOKOUT POINT DAM NR LOWELL OR,43.91378056,-122.7556472
2024-01-22,8.0,14149011,MF WILLAMETTE R BLW LOOKOUT POINT DAM NR LOWELL OR,43.91378056,-122.7556472
2024-01-23,7.5,14149011,MF WILLAMETTE R BLW LOOKOUT POINT DAM NR LOWELL OR,43.91378056,-122.7556472
2024-01-24,6.9,14149011,MF WILLAMETTE R BLW LOOKOUT POINT DAM NR LOWELL OR,43.91378056,-122.7556472
2024-01-25,5.9,14149011,MF WILLAMETTE R BLW LOOKOUT POINT DAM NR LOWELL OR,43.91378056,-122.7556472
2024-01-26,5.4,14149011,MF WILLAMETTE R BLW LOOKOUT POINT DAM NR LOWELL OR,43.91378056,-122.7556472
2024-01-27,4.5,14149011,MF WILLAMETTE R BLW LOOKOUT POINT DAM NR LOWELL OR,43.91378056,-122.7556472
2024-01-28,5.2,14149011,MF WILLAMETTE R BLW LOOKOUT POINT DAM NR LOWELL OR,43.91378056,-122.7556472
2024-01-29,6.9,14149011,MF WILLAMETTE R BLW LOOKOUT POINT DAM NR LOWELL OR,43.91378056,-122.7556472
2024-01-30,14.8,14149011,MF WILLAMETTE R BLW LOOKOUT POINT DAM NR LOWELL OR,43.91378056,-122.7556472
2024-01-31,13.9,14149011,MF WILLAMETTE R BLW LOOKOUT POINT DAM NR LOWELL OR,43.91378056,-122.7556472
2024-02-01,9.7,14149011,MF WILLAMETTE R BLW LOOKOUT POINT DAM NR LOWELL OR,43.91378056,-122.7556472
2024-02-02,6.9,14149011,MF WILLAMETTE R BLW LOOKOUT POINT DAM NR LOWELL OR,43.91378056,-122.7556472
2024-02-03,8.5,14149011,MF WILLAMETTE R BLW LOOKOUT POINT DAM NR LOWELL OR,43.91378056,-122.7556472
2024-02-04,9.6,14149011,MF WILLAMETTE R BLW LOOKOUT POINT DAM NR LOWELL OR,43.91378056,-122.7556472
2024-02-05,13.2,14149011,MF WILLAMETTE R BLW LOOKOUT POINT DAM NR LOWELL OR,43.91378056,-122.7556472
2024-02-06,7.1,14149011,MF WILLAMETTE R BLW LOOKOUT POINT DAM NR LOWELL OR,43.91378056,-122.7556472
2024-02-07,7.7,14149011,MF WILLAMETTE R BLW LOOKOUT POINT DAM NR LOWELL OR,43.91378056,-122.7556472
2024-02-08,8.8,14149011,MF WILLAMETTE R BLW LOOKOUT POINT DAM NR LOWELL OR,43.91378056,-122.7556472
2024-02-09,5.0,14149011,MF WILLAMETTE R BLW LOOKOUT POINT DAM NR LOWELL OR,43.91378056,-122.7556472
2024-02-10,4.4,14149011,MF WILLAMETTE R BLW LOOKOUT POINT DAM NR LOWELL OR,43.91378056,-122.7556472
2024-02-11,3.8,14149011,MF WILLAMETTE R BLW LOOKOUT POINT DAM NR LOWELL OR,43.91378056,-122.7556472
2024-02-12,4.1,14149011,MF WILLAMETTE R BLW LOOKOUT POINT DAM NR LOWELL OR,43.91378056,-122.7556472
2024-02-14,2.3,14149011,MF WILLAMETTE R BLW LOOKOUT POINT DAM NR LOWELL OR,43.91378056,-122.7556472
2024-02-15,2.5,14149011,MF WILLAMETTE R BLW LOOKOUT POINT DAM NR LOWELL OR,43.91378056,-122.7556472
2024-02-16,2.4,14149011,MF WILLAMETTE R BLW LOOKOUT POINT DAM NR LOWELL OR,43.91378056,-122.7556472
2024-02-17,2.5,14149011,MF WILLAMETTE R BLW LOOKOUT POINT DAM NR LOWELL OR,43.91378056,-122.7556472
2024-02-18,2.5,14149011,MF WILLAMETTE R BLW LOOKOUT POINT DAM NR LOWELL OR,43.91378056,-122.7556472
2024-02-19,2.2,14149011,MF WILLAMETTE R BLW LOOKOUT POINT DAM NR LOWELL OR,43.91378056,-122.7556472
2024-02-20,2.5,14149011,MF WILLAMETTE R BLW LOOKOUT POINT DAM NR LOWELL OR,43.91378056,-122.7556472
2024-02-21,2.3,14149011,MF WILLAMETTE R BLW LOOKOUT POINT DAM NR LOWELL OR,43.91378056,-122.7556472
2024-02-22,2.2,14149011,MF WILLAMETTE R BLW LOOKOUT POINT DAM NR LOWELL OR,43.91378056,-122.7556472
2024-02-23,2.4,14149011,MF WILLAMETTE R BLW LOOKOUT POINT DAM NR LOWELL OR,43.91378056,-122.7556472
2024-02-24,3.6,14149011,MF WILLAMETTE R BLW LOOKOUT POINT DAM NR LOWELL OR,43.91378056,-122.7556472
2024-02-25,2.5,14149011,MF WILLAMETTE R BLW LOOKOUT POINT DAM NR LOWELL OR,43.91378056,-122.7556472
2024-02-26,4.8,14149011,MF WILLAMETTE R BLW LOOKOUT POINT DAM NR LOWELL OR,43.91378056,-122.7556472
2024-02-27,2.0,14149011,MF WILLAMETTE R BLW LOOKOUT POINT DAM NR LOWELL OR,43.91378056,-122.7556472
2024-02-28,2.6,14149011,MF WILLAMETTE R BLW LOOKOUT POINT DAM NR LOWELL OR,43.91378056,-122.7556472
2024-02-29,2.8,14149011,MF WILLAMETTE R BLW LOOKOUT POINT DAM NR LOWELL OR,43.91378056,-122.7556472
2024-03-01,1.8,14149011,MF WILLAMETTE R BLW LOOKOUT POINT DAM NR LOWELL OR,43.91378056,-122.7556472
2024-03-02,1.8,14149011,MF WILLAMETTE R BLW LOOKOUT POINT DAM NR LOWELL OR,43.91378056,-122.7556472
2024-03-03,2.3,14149011,MF WILLAMETTE R BLW LOOKOUT POINT DAM NR LOWELL OR,43.91378056,-122.7556472
2024-03-04,3.3,14149011,MF WILLAMETTE R BLW LOOKOUT POINT DAM NR LOWELL OR,43.91378056,-122.7556472
2024-03-05,2.5,14149011,MF WILLAMETTE R BLW LOOKOUT POINT DAM NR LOWELL OR,43.91378056,-122.7556472
2024-03-06,2.8,14149011,MF WILLAMETTE R BLW LOOKOUT POINT DAM NR LOWELL OR,43.91378056,-122.7556472
2024-03-07,1.8,14149011,MF WILLAMETTE R BLW LOOKOUT POINT DAM NR LOWELL OR,43.91378056,-122.7556472
2024-03-08,4.2,14149011,MF WILLAMETTE R BLW LOOKOUT POINT DAM NR LOWELL OR,43.91378056,-122.7556472
2024-03-09,2.1,14149011,MF WILLAMETTE R BLW LOOKOUT POINT DAM NR LOWELL OR,43.91378056,-122.7556472
2024-03-10,1.8,14149011,MF WILLAMETTE R BLW LOOKOUT POINT DAM NR LOWELL OR,43.91378056,-122.7556472
2024-03-11,1.8,14149011,MF WILLAMETTE R BLW LOOKOUT POINT DAM NR LOWELL OR,43.91378056,-122.7556472
2024-03-12,1.9,14149011,MF WILLAMETTE R BLW LOOKOUT POINT DAM NR LOWELL OR,43.91378056,-122.7556472
2024-03-13,1.6,14149011,MF WILLAMETTE R BLW LOOKOUT POINT DAM NR LOWELL OR,43.91378056,-122.7556472
2024-03-14,1.8,14149011,MF WILLAMETTE R BLW LOOKOUT POINT DAM NR LOWELL OR,43.91378056,-122.7556472
2024-03-16,20.5,14149011,MF WILLAMETTE R BLW LOOKOUT POINT DAM NR LOWELL OR,43.91378056,-122.7556472
2024-03-17,10.6,14149011,MF WILLAMETTE R BLW LOOKOUT POINT DAM NR LOWELL OR,43.91378056,-122.7556472
2024-03-18,2.5,14149011,MF WILLAMETTE R BLW LOOKOUT POINT DAM NR LOWELL OR,43.91378056,-122.7556472
2024-03-19,3.7,14149011,MF WILLAMETTE R BLW LOOKOUT POINT DAM NR LOWELL OR,43.91378056,-122.7556472
2024-03-20,3.5,14149011,MF WILLAMETTE R BLW LOOKOUT POINT DAM NR LOWELL OR,43.91378056,-122.7556472
2024-03-21,4.7,14149011,MF WILLAMETTE R BLW LOOKOUT POINT DAM NR LOWELL OR,43.91378056,-122.7556472
2024-03-22,4.7,14149011,MF WILLAMETTE R BLW LOOKOUT POINT DAM NR LOWELL OR,43.91378056,-122.7556472
2024-03-23,3.3,14149011,MF WILLAMETTE R BLW LOOKOUT POINT DAM NR LOWELL OR,43.91378056,-122.7556472
2024-03-24,6.7,14149011,MF WILLAMETTE R BLW LOOKOUT POINT DAM NR LOWELL OR,43.91378056,-122.7556472
2024-03-25,3.8,14149011,MF WILLAMETTE R BLW LOOKOUT POINT DAM NR LOWELL OR,43.91378056,-122.7556472
2024-03-26,3.2,14149011,MF WILLAMETTE R BLW LOOKOUT POINT DAM NR LOWELL OR,43.91378056,-122.7556472
2024-03-27,7.3,14149011,MF WILLAMETTE R BLW LOOKOUT POINT DAM NR LOWELL OR,43.91378056,-122.7556472
2024-03-28,4.4,14149011,MF WILLAMETTE R BLW LOOKOUT POINT DAM NR LOWELL OR,43.91378056,-122.7556472
2024-03-29,2.8,14149011,MF WILLAMETTE R BLW LOOKOUT POINT DAM NR LOWELL OR,43.91378056,-122.7556472
2024-03-30,3.9,14149011,MF WILLAMETTE R BLW LOOKOUT POINT DAM NR LOWELL OR,43.91378056,-122.7556472
2024-03-31,4.3,14149011,MF WILLAMETTE R BLW LOOKOUT POINT DAM NR LOWELL OR,43.91378056,-122.7556472
2024-04-01,5.2,14149011,MF WILLAMETTE R BLW LOOKOUT POINT DAM NR LOWELL OR,43.91378056,-122.7556472
2024-04-02,9.0,14149011,MF WILLAMETTE R BLW LOOKOUT POINT DAM NR LOWELL OR,43.91378056,-122.7556472
2024-04-03,5.5,14149011,MF WILLAMETTE R BLW LOOKOUT POINT DAM NR LOWELL OR,43.91378056,-122.7556472
2024-04-04,5.2,14149011,MF WILLAMETTE R BLW LOOKOUT POINT DAM NR LOWELL OR,43.91378056,-122.7556472
2024-04-05,5.9,14149011,MF WILLAMETTE R BLW LOOKOUT POINT DAM NR LOWELL OR,43.91378056,-122.7556472
2024-04-06,5.5,14149011,MF WILLAMETTE R BLW LOOKOUT POINT DAM NR LOWELL OR,43.91378056,-122.7556472
2024-04-07,8.6,14149011,MF WILLAMETTE R BLW LOOKOUT POINT DAM NR LOWELL OR,43.91378056,-122.7556472
2024-04-08,3.1,14149011,MF WILLAMETTE R BLW LOOKOUT POINT DAM NR LOWELL OR,43.91378056,-122.7556472
2024-04-09,5.7,14149011,MF WILLAMETTE R BLW LOOKOUT POINT DAM NR LOWELL OR,43.91378056,-122.7556472
2024-04-10,5.0,14149011,MF WILLAMETTE R BLW LOOKOUT POINT DAM NR LOWELL OR,43.91378056,-122.7556472
2024-04-11,4.6,14149011,MF WILLAMETTE R BLW LOOKOUT POINT DAM NR LOWELL OR,43.91378056,-122.7556472
2024-04-12,9.4,14149011,MF WILLAMETTE R BLW LOOKOUT POINT DAM NR LOWELL OR,43.91378056,-122.7556472
2024-04-13,5.4,14149011,MF WILLAMETTE R BLW LOOKOUT POINT DAM NR LOWELL OR,43.91378056,-122.7556472
2024-04-14,3.3,14149011,MF WILLAMETTE R BLW LOOKOUT POINT DAM NR LOWELL OR,43.91378056,-122.7556472
2024-04-15,6.0,14149011,MF WILLAMETTE R BLW LOOKOUT POINT DAM NR LOWELL OR,43.91378056,-122.7556472
2024-04-16,10.3,14149011,MF WILLAMETTE R BLW LOOKOUT POINT DAM NR LOWELL OR,43.91378056,-122.7556472
2024-04-17,15.7,14149011,MF WILLAMETTE R BLW LOOKOUT POINT DAM NR LOWELL OR,43.91378056,-122.7556472
2024-04-18,23.0,14149011,MF WILLAMETTE R BLW LOOKOUT POINT DAM NR LOWELL OR,43.91378056,-122.7556472
2024-04-19,27.5,14149011,MF WILLAMETTE R BLW LOOKOUT POINT DAM NR LOWELL OR,43.91378056,-122.7556472
2024-04-20,12.9,14149011,MF WILLAMETTE R BLW LOOKOUT POINT DAM NR LOWELL OR,43.91378056,-122.7556472
2024-04-21,14.0,14149011,MF WILLAMETTE R BLW LOOKOUT POINT DAM NR LOWELL OR,43.91378056,-122.7556472
2024-04-22,11.8,14149011,MF WILLAMETTE R BLW LOOKOUT POINT DAM NR LOWELL OR,43.91378056,-122.7556472
2024-04-23,10.8,14149011,MF WILLAMETTE R BLW LOOKOUT POINT DAM NR LOWELL OR,43.91378056,-122.7556472
2024-04-24,11.0,14149011,MF WILLAMETTE R BLW LOOKOUT POINT DAM NR LOWELL OR,43.91378056,-122.7556472
2024-04-25,10.3,14149011,MF WILLAMETTE R BLW LOOKOUT POINT DAM NR LOWELL OR,43.91378056,-122.7556472
2024-04-26,9.2,14149011,MF WILLAMETTE R BLW LOOKOUT POINT DAM NR LOWELL OR,43.91378056,-122.7556472
2024-04-27,6.6,14149011,MF WILLAMETTE R BLW LOOKOUT POINT DAM NR LOWELL OR,43.91378056,-122.7556472
2024-04-28,4.0,14149011,MF WILLAMETTE R BLW LOOKOUT POINT DAM NR LOWELL OR,43.91378056,-122.7556472
2024-04-29,4.4,14149011,MF WILLAMETTE R BLW LOOKOUT POINT DAM NR LOWELL OR,43.91378056,-122.7556472
2024-04-30,3.8,14149011,MF WILLAMETTE R BLW LOOKOUT POINT DAM NR LOWELL OR,43.91378056,-122.7556472
2024-05-01,11.6,14149011,MF WILLAMETTE R BLW LOOKOUT POINT DAM NR LOWELL OR,43.91378056,-122.7556472
2024-05-02,10.2,14149011,MF WILLAMETTE R BLW LOOKOUT POINT DAM NR LOWELL OR,43.91378056,-122.7556472
2024-05-03,5.5,14149011,MF WILLAMETTE R BLW LOOKOUT POINT DAM NR LOWELL OR,43.91378056,-122.7556472
2024-05-04,3.0,14149011,MF WILLAMETTE R BLW LOOKOUT POINT DAM NR LOWELL OR,43.91378056,-122.7556472
2024-05-05,0.6,14149011,MF WILLAMETTE R BLW LOOKOUT POINT DAM NR LOWELL OR,43.91378056,-122.7556472
2024-05-06,0.3,14149011,MF WILLAMETTE R BLW LOOKOUT POINT DAM NR LOWELL OR,43.91378056,-122.7556472
2024-05-07,1.2,14149011,MF WILLAMETTE R BLW LOOKOUT POINT DAM NR LOWELL OR,43.91378056,-122.7556472
2024-05-08,3.1,14149011,MF WILLAMETTE R BLW LOOKOUT POINT DAM NR LOWELL OR,43.91378056,-122.7556472
2024-05-09,0.7,14149011,MF WILLAMETTE R BLW LOOKOUT POINT DAM NR LOWELL OR,43.91378056,-122.7556472
2024-05-10,0.7,14149011,MF WILLAMETTE R BLW LOOKOUT POINT DAM NR LOWELL OR,43.91378056,-122.7556472
2024-05-11,0.7,14149011,MF WILLAMETTE R BLW LOOKOUT POINT DAM NR LOWELL OR,43.91378056,-122.7556472
2024-05-12,1.2,14149011,MF WILLAMETTE R BLW LOOKOUT POINT DAM NR LOWELL OR,43.91378056,-122.7556472
2024-05-13,1.9,14149011,MF WILLAMETTE R BLW LOOKOUT POINT DAM NR LOWELL OR,43.91378056,-122.7556472
2024-05-14,1.9,14149011,MF WILLAMETTE R BLW LOOKOUT POINT DAM NR LOWELL OR,43.91378056,-122.7556472
2024-05-15,1.5,14149011,MF WILLAMETTE R BLW LOOKOUT POINT DAM NR LOWELL OR,43.91378056,-122.7556472
2024-05-16,2.8,14149011,MF WILLAMETTE R BLW LOOKOUT POINT DAM NR LOWELL OR,43.91378056,-122.7556472
2024-05-17,1.9,14149011,MF WILLAMETTE R BLW LOOKOUT POINT DAM NR LOWELL OR,43.91378056,-122.7556472
2024-05-18,3.0,14149011,MF WILLAMETTE R BLW LOOKOUT POINT DAM NR LOWELL OR,43.91378056,-122.7556472
2024-05-19,3.6,14149011,MF WILLAMETTE R BLW LOOKOUT POINT DAM NR LOWELL OR,43.91378056,-122.7556472
2024-05-20,3.5,14149011,MF WILLAMETTE R BLW LOOKOUT POINT DAM NR LOWELL OR,43.91378056,-122.7556472
2024-05-21,2.9,14149011,MF WILLAMETTE R BLW LOOKOUT POINT DAM NR LOWELL OR,43.91378056,-122.7556472
2024-05-22,3.8,14149011,MF WILLAMETTE R BLW LOOKOUT POINT DAM NR LOWELL OR,43.91378056,-122.7556472
2024-05-23,2.6,14149011,MF WILLAMETTE R BLW LOOKOUT POINT DAM NR LOWELL OR,43.91378056,-122.7556472
2024-05-24,1.7,14149011,MF WILLAMETTE R BLW LOOKOUT POINT DAM NR LOWELL OR,43.91378056,-122.7556472
2024-05-25,2.5,14149011,MF WILLAMETTE R BLW LOOKOUT POINT DAM NR LOWELL OR,43.91378056,-122.7556472
2024-05-26,1.9,14149011,MF WILLAMETTE R BLW LOOKOUT POINT DAM NR LOWELL OR,43.91378056,-122.7556472
2024-05-27,2.4,14149011,MF WILLAMETTE R BLW LOOKOUT POINT DAM NR LOWELL OR,43.91378056,-122.7556472
2024-05-28,1.8,14149011,MF WILLAMETTE R BLW LOOKOUT POINT DAM NR LOWELL OR,43.91378056,-122.7556472
2024-05-29,2.8,14149011,MF WILLAMETTE R BLW LOOKOUT POINT DAM NR LOWELL OR,43.91378056,-122.7556472
2024-05-30,1.4,14149011,MF WILLAMETTE R BLW LOOKOUT POINT DAM NR LOWELL OR,43.91378056,-122.7556472
2024-05-31,2.1,14149011,MF WILLAMETTE R BLW LOOKOUT POINT DAM NR LOWELL OR,43.91378056,-122.7556472
2024-06-01,1.8,14149011,MF WILLAMETTE R BLW LOOKOUT POINT DAM NR LOWELL OR,43.91378056,-122.7556472
2024-06-02,3.4,14149011,MF WILLAMETTE R BLW LOOKOUT POINT DAM NR LOWELL OR,43.91378056,-122.7556472
2024-06-03,1.5,14149011,MF WILLAMETTE R BLW LOOKOUT POINT DAM NR LOWELL OR,43.91378056,-122.7556472
2024-06-04,1.5,14149011,MF WILLAMETTE R BLW LOOKOUT POINT DAM NR LOWELL OR,43.91378056,-122.7556472
2024-06-05,2.1,14149011,MF WILLAMETTE R BLW LOOKOUT POINT DAM NR LOWELL OR,43.91378056,-122.7556472
2024-06-06,1.9,14149011,MF WILLAMETTE R BLW LOOKOUT POINT DAM NR LOWELL OR,43.91378056,-122.7556472
2024-06-07,1.3,14149011,MF WILLAMETTE R BLW LOOKOUT POINT DAM NR LOWELL OR,43.91378056,-122.7556472
2024-06-08,2.9,14149011,MF WILLAMETTE R BLW LOOKOUT POINT DAM NR LOWELL OR,43.91378056,-122.7556472
2024-06-09,2.9,14149011,MF WILLAMETTE R BLW LOOKOUT POINT DAM NR LOWELL OR,43.91378056,-122.7556472
2024-06-10,2.8,14149011,MF WILLAMETTE R BLW LOOKOUT POINT DAM NR LOWELL OR,43.91378056,-122.7556472
2024-06-11,1.1,14149011,MF WILLAMETTE R BLW LOOKOUT POINT DAM NR LOWELL OR,43.91378056,-122.7556472
2024-06-12,0.7,14149011,MF WILLAMETTE R BLW LOOKOUT POINT DAM NR LOWELL OR,43.91378056,-122.7556472
2024-06-13,0.7,14149011,MF WILLAMETTE R BLW LOOKOUT POINT DAM NR LOWELL OR,43.91378056,-122.7556472
2024-06-14,0.2,14149011,MF WILLAMETTE R BLW LOOKOUT POINT DAM NR LOWELL OR,43.91378056,-122.7556472
2024-06-15,0.6,14149011,MF WILLAMETTE R BLW LOOKOUT POINT DAM NR LOWELL OR,43.91378056,-122.7556472
2024-06-16,0.6,14149011,MF WILLAMETTE R BLW LOOKOUT POINT DAM NR LOWELL OR,43.91378056,-122.7556472
2024-06-17,1.5,14149011,MF WILLAMETTE R BLW LOOKOUT POINT DAM NR LOWELL OR,43.91378056,-122.7556472
2024-06-18,1.6,14149011,MF WILLAMETTE R BLW LOOKOUT POINT DAM NR LOWELL OR,43.91378056,-122.7556472
2024-06-19,1.1,14149011,MF WILLAMETTE R BLW LOOKOUT POINT DAM NR LOWELL OR,43.91378056,-122.7556472
2024-06-20,3.2,14149011,MF WILLAMETTE R BLW LOOKOUT POINT DAM NR LOWELL OR,43.91378056,-122.7556472
2024-06-22,1.2,14149011,MF WILLAMETTE R BLW LOOKOUT POINT DAM NR LOWELL OR,43.91378056,-122.7556472
2024-06-23,4.6,14149011,MF WILLAMETTE R BLW LOOKOUT POINT DAM NR LOWELL OR,43.91378056,-122.7556472
2024-06-25,5.0,14149011,MF WILLAMETTE R BLW LOOKOUT POINT DAM NR LOWELL OR,43.91378056,-122.7556472
2024-06-26,1.1,14149011,MF WILLAMETTE R BLW LOOKOUT POINT DAM NR LOWELL OR,43.91378056,-122.7556472
2024-06-27,2.3,14149011,MF WILLAMETTE R BLW LOOKOUT POINT DAM NR LOWELL OR,43.91378056,-122.7556472
2024-06-28,0.6,14149011,MF WILLAMETTE R BLW LOOKOUT POINT DAM NR LOWELL OR,43.91378056,-122.7556472
2024-06-29,0.1,14149011,MF WILLAMETTE R BLW LOOKOUT POINT DAM NR LOWELL OR,43.91378056,-122.7556472
2024-06-30,1.0,14149011,MF WILLAMETTE R BLW LOOKOUT POINT DAM NR LOWELL OR,43.91378056,-122.7556472
2024-07-01,0.1,14149011,MF WILLAMETTE R BLW LOOKOUT POINT DAM NR LOWELL OR,43.91378056,-122.7556472
2024-07-02,0.1,14149011,MF WILLAMETTE R BLW LOOKOUT POINT DAM NR LOWELL OR,43.91378056,-122.7556472
2024-07-03,0.4,14149011,MF WILLAMETTE R BLW LOOKOUT POINT DAM NR LOWELL OR,43.91378056,-122.7556472
2024-07-04,0.1,14149011,MF WILLAMETTE R BLW LOOKOUT POINT DAM NR LOWELL OR,43.91378056,-122.7556472
2024-07-05,0.4,14149011,MF WILLAMETTE R BLW LOOKOUT POINT DAM NR LOWELL OR,43.91378056,-122.7556472
2024-07-06,0.1,14149011,MF WILLAMETTE R BLW LOOKOUT POINT DAM NR LOWELL OR,43.91378056,-122.7556472
2024-07-07,0.1,14149011,MF WILLAMETTE R BLW LOOKOUT POINT DAM NR LOWELL OR,43.91378056,-122.7556472
2024-07-08,0.3,14149011,MF WILLAMETTE R BLW LOOKOUT POINT DAM NR LOWELL OR,43.91378056,-122.7556472
2024-07-09,0.2,14149011,MF WILLAMETTE R BLW LOOKOUT POINT DAM NR LOWELL OR,43.91378056,-122.7556472
2024-07-10,0.2,14149011,MF WILLAMETTE R BLW LOOKOUT POINT DAM NR LOWELL OR,43.91378056,-122.7556472
2024-07-11,0.4,14149011,MF WILLAMETTE R BLW LOOKOUT POINT DAM NR LOWELL OR,43.91378056,-122.7556472
2024-07-12,0.1,14149011,MF WILLAMETTE R BLW LOOKOUT POINT DAM NR LOWELL OR,43.91378056,-122.7556472
2024-07-13,0.2,14149011,MF WILLAMETTE R BLW LOOKOUT POINT DAM NR LOWELL OR,43.91378056,-122.7556472
2024-07-14,0.4,14149011,MF WILLAMETTE R BLW LOOKOUT POINT DAM NR LOWELL OR,43.91378056,-122.7556472
2024-07-15,0.2,14149011,MF WILLAMETTE R BLW LOOKOUT POINT DAM NR LOWELL OR,43.91378056,-122.7556472
2024-07-16,0.2,14149011,MF WILLAMETTE R BLW LOOKOUT POINT DAM NR LOWELL OR,43.91378056,-122.7556472
2024-07-17,1.6,14149011,MF WILLAMETTE R BLW LOOKOUT POINT DAM NR LOWELL OR,43.91378056,-122.7556472
2024-07-18,0.6,14149011,MF WILLAMETTE R BLW LOOKOUT POINT DAM NR LOWELL OR,43.91378056,-122.7556472
2024-07-19,0.7,14149011,MF WILLAMETTE R BLW LOOKOUT POINT DAM NR LOWELL OR,43.91378056,-122.7556472
2024-07-20,1.0,14149011,MF WILLAMETTE R BLW LOOKOUT POINT DAM NR LOWELL OR,43.91378056,-122.7556472
2024-07-21,0.6,14149011,MF WILLAMETTE R BLW LOOKOUT POINT DAM NR LOWELL OR,43.91378056,-122.7556472
2024-07-22,1.3,14149011,MF WILLAMETTE R BLW LOOKOUT POINT DAM NR LOWELL OR,43.91378056,-122.7556472
2024-07-23,0.8,14149011,MF WILLAMETTE R BLW LOOKOUT POINT DAM NR LOWELL OR,43.91378056,-122.7556472
2024-07-24,1.0,14149011,MF WILLAMETTE R BLW LOOKOUT POINT DAM NR LOWELL OR,43.91378056,-122.7556472
2024-07-25,0.6,14149011,MF WILLAMETTE R BLW LOOKOUT POINT DAM NR LOWELL OR,43.91378056,-122.7556472
2024-07-26,1.5,14149011,MF WILLAMETTE R BLW LOOKOUT POINT DAM NR LOWELL OR,43.91378056,-122.7556472
2024-07-27,0.7,14149011,MF WILLAMETTE R BLW LOOKOUT POINT DAM NR LOWELL OR,43.91378056,-122.7556472
2024-07-28,0.7,14149011,MF WILLAMETTE R BLW LOOKOUT POINT DAM NR LOWELL OR,43.91378056,-122.7556472
2024-07-29,2.5,14149011,MF WILLAMETTE R BLW LOOKOUT POINT DAM NR LOWELL OR,43.91378056,-122.7556472
2024-08-07,3.3,14149011,MF WILLAMETTE R BLW LOOKOUT POINT DAM NR LOWELL OR,43.91378056,-122.7556472
2024-08-08,5.0,14149011,MF WILLAMETTE R BLW LOOKOUT POINT DAM NR LOWELL OR,43.91378056,-122.7556472
2024-08-09,3.8,14149011,MF WILLAMETTE R BLW LOOKOUT POINT DAM NR LOWELL OR,43.91378056,-122.7556472
2024-08-10,4.4,14149011,MF WILLAMETTE R BLW LOOKOUT POINT DAM NR LOWELL OR,43.91378056,-122.7556472
2024-08-11,3.8,14149011,MF WILLAMETTE R BLW LOOKOUT POINT DAM NR LOWELL OR,43.91378056,-122.7556472
2024-08-12,2.3,14149011,MF WILLAMETTE R BLW LOOKOUT POINT DAM NR LOWELL OR,43.91378056,-122.7556472
2024-08-13,1.3,14149011,MF WILLAMETTE R BLW LOOKOUT POINT DAM NR LOWELL OR,43.91378056,-122.7556472
2024-08-14,2.0,14149011,MF WILLAMETTE R BLW LOOKOUT POINT DAM NR LOWELL OR,43.91378056,-122.7556472
2024-08-15,1.7,14149011,MF WILLAMETTE R BLW LOOKOUT POINT DAM NR LOWELL OR,43.91378056,-122.7556472
2024-08-16,1.9,14149011,MF WILLAMETTE R BLW LOOKOUT POINT DAM NR LOWELL OR,43.91378056,-122.7556472
2024-08-17,4.5,14149011,MF WILLAMETTE R BLW LOOKOUT POINT DAM NR LOWELL OR,43.91378056,-122.7556472
2024-08-18,1.9,14149011,MF WILLAMETTE R BLW LOOKOUT POINT DAM NR LOWELL OR,43.91378056,-122.7556472
2024-08-19,2.7,14149011,MF WILLAMETTE R BLW LOOKOUT POINT DAM NR LOWELL OR,43.91378056,-122.7556472
2024-08-20,2.8,14149011,MF WILLAMETTE R BLW LOOKOUT POINT DAM NR LOWELL OR,43.91378056,-122.7556472
2024-08-21,2.2,14149011,MF WILLAMETTE R BLW LOOKOUT POINT DAM NR LOWELL OR,43.91378056,-122.7556472
2024-08-22,1.8,14149011,MF WILLAMETTE R BLW LOOKOUT POINT DAM NR LOWELL OR,43.91378056,-122.7556472
2024-08-23,4.3,14149011,MF WILLAMETTE R BLW LOOKOUT POINT DAM NR LOWELL OR,43.91378056,-122.7556472
2024-08-24,2.0,14149011,MF WILLAMETTE R BLW LOOKOUT POINT DAM NR LOWELL OR,43.91378056,-122.7556472
2024-08-25,2.2,14149011,MF WILLAMETTE R BLW LOOKOUT POINT DAM NR LOWELL OR,43.91378056,-122.7556472
2024-08-26,4.2,14149011,MF WILLAMETTE R BLW LOOKOUT POINT DAM NR LOWELL OR,43.91378056,-122.7556472
2024-08-27,3.3,14149011,MF WILLAMETTE R BLW LOOKOUT POINT DAM NR LOWELL OR,43.91378056,-122.7556472
2024-08-28,3.7,14149011,MF WILLAMETTE R BLW LOOKOUT POINT DAM NR LOWELL OR,43.91378056,-122.7556472
2024-08-29,3.1,14149011,MF WILLAMETTE R BLW LOOKOUT POINT DAM NR LOWELL OR,43.91378056,-122.7556472
2024-08-30,2.4,14149011,MF WILLAMETTE R BLW LOOKOUT POINT DAM NR LOWELL OR,43.91378056,-122.7556472
2024-08-31,2.1,14149011,MF WILLAMETTE R BLW LOOKOUT POINT DAM NR LOWELL OR,43.91378056,-122.7556472
2024-09-01,2.5,14149011,MF WILLAMETTE R BLW LOOKOUT POINT DAM NR LOWELL OR,43.91378056,-122.7556472
2024-09-02,2.6,14149011,MF WILLAMETTE R BLW LOOKOUT POINT DAM NR LOWELL OR,43.91378056,-122.7556472
2024-09-03,2.7,14149011,MF WILLAMETTE R BLW LOOKOUT POINT DAM NR LOWELL OR,43.91378056,-122.7556472
2024-09-04,4.2,14149011,MF WILLAMETTE R BLW LOOKOUT POINT DAM NR LOWELL OR,43.91378056,-122.7556472
2024-09-05,3.0,14149011,MF WILLAMETTE R BLW LOOKOUT POINT DAM NR LOWELL OR,43.91378056,-122.7556472
2024-09-06,4.1,14149011,MF WILLAMETTE R BLW LOOKOUT POINT DAM NR LOWELL OR,43.91378056,-122.7556472
2024-09-07,3.7,14149011,MF WILLAMETTE R BLW LOOKOUT POINT DAM NR LOWELL OR,43.91378056,-122.7556472
2024-09-08,2.7,14149011,MF WILLAMETTE R BLW LOOKOUT POINT DAM NR LOWELL OR,43.91378056,-122.7556472
2024-09-09,5.5,14149011,MF WILLAMETTE R BLW LOOKOUT POINT DAM NR LOWELL OR,43.91378056,-122.7556472
2024-09-10,5.1,14149011,MF WILLAMETTE R BLW LOOKOUT POINT DAM NR LOWELL OR,43.91378056,-122.7556472
2024-09-11,2.9,14149011,MF WILLAMETTE R BLW LOOKOUT POINT DAM NR LOWELL OR,43.91378056,-122.7556472
2024-09-12,4.6,14149011,MF WILLAMETTE R BLW LOOKOUT POINT DAM NR LOWELL OR,43.91378056,-122.7556472
2024-09-13,3.3,14149011,MF WILLAMETTE R BLW LOOKOUT POINT DAM NR LOWELL OR,43.91378056,-122.7556472
2024-09-14,4.1,14149011,MF WILLAMETTE R BLW LOOKOUT POINT DAM NR LOWELL OR,43.91378056,-122.7556472
2024-09-15,4.8,14149011,MF WILLAMETTE R BLW LOOKOUT POINT DAM NR LOWELL OR,43.91378056,-122.7556472
2024-09-16,3.5,14149011,MF WILLAMETTE R BLW LOOKOUT POINT DAM NR LOWELL OR,43.91378056,-122.7556472
2024-09-17,10.9,14149011,MF WILLAMETTE R BLW LOOKOUT POINT DAM NR LOWELL OR,43.91378056,-122.7556472
2024-09-18,4.7,14149011,MF WILLAMETTE R BLW LOOKOUT POINT DAM NR LOWELL OR,43.91378056,-122.7556472
2024-09-19,5.2,14149011,MF WILLAMETTE R BLW LOOKOUT POINT DAM NR LOWELL OR,43.91378056,-122.7556472
2024-09-20,4.7,14149011,MF WILLAMETTE R BLW LOOKOUT POINT DAM NR LOWELL OR,43.91378056,-122.7556472
2024-09-21,5.5,14149011,MF WILLAMETTE R BLW LOOKOUT POINT DAM NR LOWELL OR,43.91378056,-122.7556472
2024-09-22,5.7,14149011,MF WILLAMETTE R BLW LOOKOUT POINT DAM NR LOWELL OR,43.91378056,-122.7556472
2024-09-23,5.5,14149011,MF WILLAMETTE R BLW LOOKOUT POINT DAM NR LOWELL OR,43.91378056,-122.7556472
2024-09-24,8.9,14149011,MF WILLAMETTE R BLW LOOKOUT POINT DAM NR LOWELL OR,43.91378056,-122.7556472
2024-09-25,7.9,14149011,MF WILLAMETTE R BLW LOOKOUT POINT DAM NR LOWELL OR,43.91378056,-122.7556472
2024-09-26,8.4,14149011,MF WILLAMETTE R BLW LOOKOUT POINT DAM NR LOWELL OR,43.91378056,-122.7556472
2024-08-09,1.6,14150000,"MIDDLE FORK WILLAMETTE RIVER NEAR DEXTER, OR",43.9456815,-122.8372967
2024-08-10,4.9,14150000,"MIDDLE FORK WILLAMETTE RIVER NEAR DEXTER, OR",43.9456815,-122.8372967
2024-08-11,4.1,14150000,"MIDDLE FORK WILLAMETTE RIVER NEAR DEXTER, OR",43.9456815,-122.8372967
2024-08-12,2.5,14150000,"MIDDLE FORK WILLAMETTE RIVER NEAR DEXTER, OR",43.9456815,-122.8372967
2024-08-13,1.7,14150000,"MIDDLE FORK WILLAMETTE RIVER NEAR DEXTER, OR",43.9456815,-122.8372967
2024-08-14,1.4,14150000,"MIDDLE FORK WILLAMETTE RIVER NEAR DEXTER, OR",43.9456815,-122.8372967
2024-08-15,1.5,14150000,"MIDDLE FORK WILLAMETTE RIVER NEAR DEXTER, OR",43.9456815,-122.8372967
2024-08-16,2.1,14150000,"MIDDLE FORK WILLAMETTE RIVER NEAR DEXTER, OR",43.9456815,-122.8372967
2024-08-17,2.8,14150000,"MIDDLE FORK WILLAMETTE RIVER NEAR DEXTER, OR",43.9456815,-122.8372967
2024-08-18,2.2,14150000,"MIDDLE FORK WILLAMETTE RIVER NEAR DEXTER, OR",43.9456815,-122.8372967
2024-08-19,2.0,14150000,"MIDDLE FORK WILLAMETTE RIVER NEAR DEXTER, OR",43.9456815,-122.8372967
2024-08-20,1.8,14150000,"MIDDLE FORK WILLAMETTE RIVER NEAR DEXTER, OR",43.9456815,-122.8372967
2024-08-21,5.7,14150000,"MIDDLE FORK WILLAMETTE RIVER NEAR DEXTER, OR",43.9456815,-122.8372967
2024-08-22,2.6,14150000,"MIDDLE FORK WILLAMETTE RIVER NEAR DEXTER, OR",43.9456815,-122.8372967
2024-08-23,1.9,14150000,"MIDDLE FORK WILLAMETTE RIVER NEAR DEXTER, OR",43.9456815,-122.8372967
2024-08-24,1.9,14150000,"MIDDLE FORK WILLAMETTE RIVER NEAR DEXTER, OR",43.9456815,-122.8372967
2024-08-25,5.2,14150000,"MIDDLE FORK WILLAMETTE RIVER NEAR DEXTER, OR",43.9456815,-122.8372967
2024-08-26,2.5,14150000,"MIDDLE FORK WILLAMETTE RIVER NEAR DEXTER, OR",43.9456815,-122.8372967
2024-08-27,1.5,14150000,"MIDDLE FORK WILLAMETTE RIVER NEAR DEXTER, OR",43.9456815,-122.8372967
2024-08-28,2.0,14150000,"MIDDLE FORK WILLAMETTE RIVER NEAR DEXTER, OR",43.9456815,-122.8372967
2024-08-29,1.0,14150000,"MIDDLE FORK WILLAMETTE RIVER NEAR DEXTER, OR",43.9456815,-122.8372967
2024-08-30,3.5,14150000,"MIDDLE FORK WILLAMETTE RIVER NEAR DEXTER, OR",43.9456815,-122.8372967
2024-08-31,1.8,14150000,"MIDDLE FORK WILLAMETTE RIVER NEAR DEXTER, OR",43.9456815,-122.8372967
2024-09-01,2.4,14150000,"MIDDLE FORK WILLAMETTE RIVER NEAR DEXTER, OR",43.9456815,-122.8372967
2024-09-02,2.7,14150000,"MIDDLE FORK WILLAMETTE RIVER NEAR DEXTER, OR",43.9456815,-122.8372967
2024-09-03,2.0,14150000,"MIDDLE FORK WILLAMETTE RIVER NEAR DEXTER, OR",43.9456815,-122.8372967
2024-09-04,3.7,14150000,"MIDDLE FORK WILLAMETTE RIVER NEAR DEXTER, OR",43.9456815,-122.8372967
2024-09-05,3.7,14150000,"MIDDLE FORK WILLAMETTE RIVER NEAR DEXTER, OR",43.9456815,-122.8372967
2024-09-06,7.7,14150000,"MIDDLE FORK WILLAMETTE RIVER NEAR DEXTER, OR",43.9456815,-122.8372967
2024-09-07,2.1,14150000,"MIDDLE FORK WILLAMETTE RIVER NEAR DEXTER, OR",43.9456815,-122.8372967
2024-09-08,3.6,14150000,"MIDDLE FORK WILLAMETTE RIVER NEAR DEXTER, OR",43.9456815,-122.8372967
2024-09-09,1.9,14150000,"MIDDLE FORK WILLAMETTE RIVER NEAR DEXTER, OR",43.9456815,-122.8372967
2024-09-10,3.9,14150000,"MIDDLE FORK WILLAMETTE RIVER NEAR DEXTER, OR",43.9456815,-122.8372967
2024-09-11,1.7,14150000,"MIDDLE FORK WILLAMETTE RIVER NEAR DEXTER, OR",43.9456815,-122.8372967
2024-09-12,7.6,14150000,"MIDDLE FORK WILLAMETTE RIVER NEAR DEXTER, OR",43.9456815,-122.8372967
2024-09-13,3.6,14150000,"MIDDLE FORK WILLAMETTE RIVER NEAR DEXTER, OR",43.9456815,-122.8372967
2024-09-14,4.6,14150000,"MIDDLE FORK WILLAMETTE RIVER NEAR DEXTER, OR",43.9456815,-122.8372967
2024-09-15,2.0,14150000,"MIDDLE FORK WILLAMETTE RIVER NEAR DEXTER, OR",43.9456815,-122.8372967
2024-09-16,7.6,14150000,"MIDDLE FORK WILLAMETTE RIVER NEAR DEXTER, OR",43.9456815,-122.8372967
2024-09-17,5.1,14150000,"MIDDLE FORK WILLAMETTE RIVER NEAR DEXTER, OR",43.9456815,-122.8372967
2024-09-18,6.8,14150000,"MIDDLE FORK WILLAMETTE RIVER NEAR DEXTER, OR",43.9456815,-122.8372967
2024-09-19,9.7,14150000,"MIDDLE FORK WILLAMETTE RIVER NEAR DEXTER, OR",43.9456815,-122.8372967
2024-09-20,2.2,14150000,"MIDDLE FORK WILLAMETTE RIVER NEAR DEXTER, OR",43.9456815,-122.8372967
2024-09-21,7.3,14150000,"MIDDLE FORK WILLAMETTE RIVER NEAR DEXTER, OR",43.9456815,-122.8372967
2024-09-22,3.3,14150000,"MIDDLE FORK WILLAMETTE RIVER NEAR DEXTER, OR",43.9456815,-122.8372967
2024-09-23,1.6,14150000,"MIDDLE FORK WILLAMETTE RIVER NEAR DEXTER, OR",43.9456815,-122.8372967
2024-09-24,2.4,14150000,"MIDDLE FORK WILLAMETTE RIVER NEAR DEXTER, OR",43.9456815,-122.8372967
2024-09-25,1.5,14150000,"MIDDLE FORK WILLAMETTE RIVER NEAR DEXTER, OR",43.9456815,-122.8372967
2024-09-26,2.4,14150000,"MIDDLE FORK WILLAMETTE RIVER NEAR DEXTER, OR",43.9456815,-122.8372967
2024-09-27,3.8,14150000,"MIDDLE FORK WILLAMETTE RIVER NEAR DEXTER, OR",43.9456815,-122.8372967
2024-09-28,1.8,14150000,"MIDDLE FORK WILLAMETTE RIVER NEAR DEXTER, OR",43.9456815,-122.8372967
2024-09-29,1.1,14150000,"MIDDLE FORK WILLAMETTE RIVER NEAR DEXTER, OR",43.9456815,-122.8372967
2024-09-30,2.1,14150000,"MIDDLE FORK WILLAMETTE RIVER NEAR DEXTER, OR",43.9456815,-122.8372967
2024-01-01,29.6,14151000,"FALL CREEK BLW WINBERRY CREEK, NEAR FALL CREEK, OR",43.94429299,-122.774794
2024-01-02,153.0,14151000,"FALL CREEK BLW WINBERRY CREEK, NEAR FALL CREEK, OR",43.94429299,-122.774794
2024-01-03,92.8,14151000,"FALL CREEK BLW WINBERRY CREEK, NEAR FALL CREEK, OR",43.94429299,-122.774794
2024-01-04,253.0,14151000,"FALL CREEK BLW WINBERRY CREEK, NEAR FALL CREEK, OR",43.94429299,-122.774794
2024-01-05,95.4,14151000,"FALL CREEK BLW WINBERRY CREEK, NEAR FALL CREEK, OR",43.94429299,-122.774794
2024-01-06,742.0,14151000,"FALL CREEK BLW WINBERRY CREEK, NEAR FALL CREEK, OR",43.94429299,-122.774794
2024-01-07,49.4,14151000,"FALL CREEK BLW WINBERRY CREEK, NEAR FALL CREEK, OR",43.94429299,-122.774794
2024-01-08,30.6,14151000,"FALL CREEK BLW WINBERRY CREEK, NEAR FALL CREEK, OR",43.94429299,-122.774794
2024-01-09,126.0,14151000,"FALL CREEK BLW WINBERRY CREEK, NEAR FALL CREEK, OR",43.94429299,-122.774794
2024-01-10,111.0,14151000,"FALL CREEK BLW WINBERRY CREEK, NEAR FALL CREEK, OR",43.94429299,-122.774794
2024-01-11,23.1,14151000,"FALL CREEK BLW WINBERRY CREEK, NEAR FALL CREEK, OR",43.94429299,-122.774794
2024-01-12,26.4,14151000,"FALL CREEK BLW WINBERRY CREEK, NEAR FALL CREEK, OR",43.94429299,-122.774794
2024-01-13,57.6,14151000,"FALL CREEK BLW WINBERRY CREEK, NEAR FALL CREEK, OR",43.94429299,-122.774794
2024-01-14,78.6,14151000,"FALL CREEK BLW WINBERRY CREEK, NEAR FALL CREEK, OR",43.94429299,-122.774794
2024-01-15,64.7,14151000,"FALL CREEK BLW WINBERRY CREEK, NEAR FALL CREEK, OR",43.94429299,-122.774794
2024-01-16,49.7,14151000,"FALL CREEK BLW WINBERRY CREEK, NEAR FALL CREEK, OR",43.94429299,-122.774794
2024-01-17,45.9,14151000,"FALL CREEK BLW WINBERRY CREEK, NEAR FALL CREEK, OR",43.94429299,-122.774794
2024-01-18,107.0,14151000,"FALL CREEK BLW WINBERRY CREEK, NEAR FALL CREEK, OR",43.94429299,-122.774794
2024-01-19,90.5,14151000,"FALL CREEK BLW WINBERRY CREEK, NEAR FALL CREEK, OR",43.94429299,-122.774794
2024-01-20,64.8,14151000,"FALL CREEK BLW WINBERRY CREEK, NEAR FALL CREEK, OR",43.94429299,-122.774794
2024-01-21,66.3,14151000,"FALL CREEK BLW WINBERRY CREEK, NEAR FALL CREEK, OR",43.94429299,-122.774794
2024-01-22,57.7,14151000,"FALL CREEK BLW WINBERRY CREEK, NEAR FALL CREEK, OR",43.94429299,-122.774794
2024-01-23,45.7,14151000,"FALL CREEK BLW WINBERRY CREEK, NEAR FALL CREEK, OR",43.94429299,-122.774794
2024-01-24,35.6,14151000,"FALL CREEK BLW WINBERRY CREEK, NEAR FALL CREEK, OR",43.94429299,-122.774794
2024-01-25,35.9,14151000,"FALL CREEK BLW WINBERRY CREEK, NEAR FALL CREEK, OR",43.94429299,-122.774794
2024-01-26,28.9,14151000,"FALL CREEK BLW WINBERRY CREEK, NEAR FALL CREEK, OR",43.94429299,-122.774794
2024-01-27,25.3,14151000,"FALL CREEK BLW WINBERRY CREEK, NEAR FALL CREEK, OR",43.94429299,-122.774794
2024-01-28,20.7,14151000,"FALL CREEK BLW WINBERRY CREEK, NEAR FALL CREEK, OR",43.94429299,-122.774794
2024-01-29,18.4,14151000,"FALL CREEK BLW WINBERRY CREEK, NEAR FALL CREEK, OR",43.94429299,-122.774794
2024-01-30,15.2,14151000,"FALL CREEK BLW WINBERRY CREEK, NEAR FALL CREEK, OR",43.94429299,-122.774794
2024-01-31,11.7,14151000,"FALL CREEK BLW WINBERRY CREEK, NEAR FALL CREEK, OR",43.94429299,-122.774794
2024-02-01,11.2,14151000,"FALL CREEK BLW WINBERRY CREEK, NEAR FALL CREEK, OR",43.94429299,-122.774794
2024-02-02,11.5,14151000,"FALL CREEK BLW WINBERRY CREEK, NEAR FALL CREEK, OR",43.94429299,-122.774794
2024-02-03,9.3,14151000,"FALL CREEK BLW WINBERRY CREEK, NEAR FALL CREEK, OR",43.94429299,-122.774794
2024-02-04,8.3,14151000,"FALL CREEK BLW WINBERRY CREEK, NEAR FALL CREEK, OR",43.94429299,-122.774794
2024-02-05,6.5,14151000,"FALL CREEK BLW WINBERRY CREEK, NEAR FALL CREEK, OR",43.94429299,-122.774794
2024-02-06,6.6,14151000,"FALL CREEK BLW WINBERRY CREEK, NEAR FALL CREEK, OR",43.94429299,-122.774794
2024-02-09,7.1,14151000,"FALL CREEK BLW WINBERRY CREEK, NEAR FALL CREEK, OR",43.94429299,-122.774794
2024-02-10,15.3,14151000,"FALL CREEK BLW WINBERRY CREEK, NEAR FALL CREEK, OR",43.94429299,-122.774794
2024-02-11,6.1,14151000,"FALL CREEK BLW WINBERRY CREEK, NEAR FALL CREEK, OR",43.94429299,-122.774794
2024-02-12,6.9,14151000,"FALL CREEK BLW WINBERRY CREEK, NEAR FALL CREEK, OR",43.94429299,-122.774794
2024-02-13,7.7,14151000,"FALL CREEK BLW WINBERRY CREEK, NEAR FALL CREEK, OR",43.94429299,-122.774794
2024-02-14,10.4,14151000,"FALL CREEK BLW WINBERRY CREEK, NEAR FALL CREEK, OR",43.94429299,-122.774794
2024-02-15,16.3,14151000,"FALL CREEK BLW WINBERRY CREEK, NEAR FALL CREEK, OR",43.94429299,-122.774794
2024-02-16,57.1,14151000,"FALL CREEK BLW WINBERRY CREEK, NEAR FALL CREEK, OR",43.94429299,-122.774794
2024-02-17,37.3,14151000,"FALL CREEK BLW WINBERRY CREEK, NEAR FALL CREEK, OR",43.94429299,-122.774794
2024-02-18,17.9,14151000,"FALL CREEK BLW WINBERRY CREEK, NEAR FALL CREEK, OR",43.94429299,-122.774794
2024-02-19,14.7,14151000,"FALL CREEK BLW WINBERRY CREEK, NEAR FALL CREEK, OR",43.94429299,-122.774794
2024-02-20,15.0,14151000,"FALL CREEK BLW WINBERRY CREEK, NEAR FALL CREEK, OR",43.94429299,-122.774794
2024-02-21,19.4,14151000,"FALL CREEK BLW WINBERRY CREEK, NEAR FALL CREEK, OR",43.94429299,-122.774794
2024-02-22,20.0,14151000,"FALL CREEK BLW WINBERRY CREEK, NEAR FALL CREEK, OR",43.94429299,-122.774794
2024-02-23,22.2,14151000,"FALL CREEK BLW WINBERRY CREEK, NEAR FALL CREEK, OR",43.94429299,-122.774794
2024-02-24,22.2,14151000,"FALL CREEK BLW WINBERRY CREEK, NEAR FALL CREEK, OR",43.94429299,-122.774794
2024-02-25,18.6,14151000,"FALL CREEK BLW WINBERRY CREEK, NEAR FALL CREEK, OR",43.94429299,-122.774794
2024-02-26,19.8,14151000,"FALL CREEK BLW WINBERRY CREEK, NEAR FALL CREEK, OR",43.94429299,-122.774794
2024-02-27,17.9,14151000,"FALL CREEK BLW WINBERRY CREEK, NEAR FALL CREEK, OR",43.94429299,-122.774794
2024-02-28,15.8,14151000,"FALL CREEK BLW WINBERRY CREEK, NEAR FALL CREEK, OR",43.94429299,-122.774794
2024-02-29,16.6,14151000,"FALL CREEK BLW WINBERRY CREEK, NEAR FALL CREEK, OR",43.94429299,-122.774794
2024-03-01,23.9,14151000,"FALL CREEK BLW WINBERRY CREEK, NEAR FALL CREEK, OR",43.94429299,-122.774794
2024-03-02,14.1,14151000,"FALL CREEK BLW WINBERRY CREEK, NEAR FALL CREEK, OR",43.94429299,-122.774794
2024-03-03,10.5,14151000,"FALL CREEK BLW WINBERRY CREEK, NEAR FALL CREEK, OR",43.94429299,-122.774794
2024-03-04,8.7,14151000,"FALL CREEK BLW WINBERRY CREEK, NEAR FALL CREEK, OR",43.94429299,-122.774794
2024-03-05,8.1,14151000,"FALL CREEK BLW WINBERRY CREEK, NEAR FALL CREEK, OR",43.94429299,-122.774794
2024-03-06,9.1,14151000,"FALL CREEK BLW WINBERRY CREEK, NEAR FALL CREEK, OR",43.94429299,-122.774794
2024-03-07,5.9,14151000,"FALL CREEK BLW WINBERRY CREEK, NEAR FALL CREEK, OR",43.94429299,-122.774794
2024-03-08,8.0,14151000,"FALL CREEK BLW WINBERRY CREEK, NEAR FALL CREEK, OR",43.94429299,-122.774794
2024-03-09,6.1,14151000,"FALL CREEK BLW WINBERRY CREEK, NEAR FALL CREEK, OR",43.94429299,-122.774794
2024-03-10,4.0,14151000,"FALL CREEK BLW WINBERRY CREEK, NEAR FALL CREEK, OR",43.94429299,-122.774794
2024-03-11,3.7,14151000,"FALL CREEK BLW WINBERRY CREEK, NEAR FALL CREEK, OR",43.94429299,-122.774794
2024-03-12,4.0,14151000,"FALL CREEK BLW WINBERRY CREEK, NEAR FALL CREEK, OR",43.94429299,-122.774794
2024-03-13,4.8,14151000,"FALL CREEK BLW WINBERRY CREEK, NEAR FALL CREEK, OR",43.94429299,-122.774794
2024-03-14,3.7,14151000,"FALL CREEK BLW WINBERRY CREEK, NEAR FALL CREEK, OR",43.94429299,-122.774794
2024-03-15,3.1,14151000,"FALL CREEK BLW WINBERRY CREEK, NEAR FALL CREEK, OR",43.94429299,-122.774794
2024-03-16,2.5,14151000,"FALL CREEK BLW WINBERRY CREEK, NEAR FALL CREEK, OR",43.94429299,-122.774794
2024-03-17,2.2,14151000,"FALL CREEK BLW WINBERRY CREEK, NEAR FALL CREEK, OR",43.94429299,-122.774794
2024-03-18,4.6,14151000,"FALL CREEK BLW WINBERRY CREEK, NEAR FALL CREEK, OR",43.94429299,-122.774794
2024-03-19,2.4,14151000,"FALL CREEK BLW WINBERRY CREEK, NEAR FALL CREEK, OR",43.94429299,-122.774794
2024-03-20,4.3,14151000,"FALL CREEK BLW WINBERRY CREEK, NEAR FALL CREEK, OR",43.94429299,-122.774794
2024-03-21,1.3,14151000,"FALL CREEK BLW WINBERRY CREEK, NEAR FALL CREEK, OR",43.94429299,-122.774794
2024-03-22,1.9,14151000,"FALL CREEK BLW WINBERRY CREEK, NEAR FALL CREEK, OR",43.94429299,-122.774794
2024-03-23,1.2,14151000,"FALL CREEK BLW WINBERRY CREEK, NEAR FALL CREEK, OR",43.94429299,-122.774794
2024-03-24,3.6,14151000,"FALL CREEK BLW WINBERRY CREEK, NEAR FALL CREEK, OR",43.94429299,-122.774794
2024-03-25,1.4,14151000,"FALL CREEK BLW WINBERRY CREEK, NEAR FALL CREEK, OR",43.94429299,-122.774794
2024-03-26,1.6,14151000,"FALL CREEK BLW WINBERRY CREEK, NEAR FALL CREEK, OR",43.94429299,-122.774794
2024-03-27,2.0,14151000,"FALL CREEK BLW WINBERRY CREEK, NEAR FALL CREEK, OR",43.94429299,-122.774794
2024-03-28,2.5,14151000,"FALL CREEK BLW WINBERRY CREEK, NEAR FALL CREEK, OR",43.94429299,-122.774794
2024-03-29,5.5,14151000,"FALL CREEK BLW WINBERRY CREEK, NEAR FALL CREEK, OR",43.94429299,-122.774794
2024-03-30,2.5,14151000,"FALL CREEK BLW WINBERRY CREEK, NEAR FALL CREEK, OR",43.94429299,-122.774794
2024-03-31,2.5,14151000,"FALL CREEK BLW WINBERRY CREEK, NEAR FALL CREEK, OR",43.94429299,-122.774794
2024-04-01,3.4,14151000,"FALL CREEK BLW WINBERRY CREEK, NEAR FALL CREEK, OR",43.94429299,-122.774794
2024-04-02,3.7,14151000,"FALL CREEK BLW WINBERRY CREEK, NEAR FALL CREEK, OR",43.94429299,-122.774794
2024-04-03,3.1,14151000,"FALL CREEK BLW WINBERRY CREEK, NEAR FALL CREEK, OR",43.94429299,-122.774794
2024-04-04,2.6,14151000,"FALL CREEK BLW WINBERRY CREEK, NEAR FALL CREEK, OR",43.94429299,-122.774794
2024-04-05,2.6,14151000,"FALL CREEK BLW WINBERRY CREEK, NEAR FALL CREEK, OR",43.94429299,-122.774794
2024-04-06,5.7,14151000,"FALL CREEK BLW WINBERRY CREEK, NEAR FALL CREEK, OR",43.94429299,-122.774794
2024-04-07,9.2,14151000,"FALL CREEK BLW WINBERRY CREEK, NEAR FALL CREEK, OR",43.94429299,-122.774794
2024-04-08,6.1,14151000,"FALL CREEK BLW WINBERRY CREEK, NEAR FALL CREEK, OR",43.94429299,-122.774794
2024-04-09,2.8,14151000,"FALL CREEK BLW WINBERRY CREEK, NEAR FALL CREEK, OR",43.94429299,-122.774794
2024-04-10,3.1,14151000,"FALL CREEK BLW WINBERRY CREEK, NEAR FALL CREEK, OR",43.94429299,-122.774794
2024-04-11,1.6,14151000,"FALL CREEK BLW WINBERRY CREEK, NEAR FALL CREEK, OR",43.94429299,-122.774794
2024-04-12,3.4,14151000,"FALL CREEK BLW WINBERRY CREEK, NEAR FALL CREEK, OR",43.94429299,-122.774794
2024-04-13,3.1,14151000,"FALL CREEK BLW WINBERRY CREEK, NEAR FALL CREEK, OR",43.94429299,-122.774794
2024-04-14,5.9,14151000,"FALL CREEK BLW WINBERRY CREEK, NEAR FALL CREEK, OR",43.94429299,-122.774794
2024-04-15,8.2,14151000,"FALL CREEK BLW WINBERRY CREEK, NEAR FALL CREEK, OR",43.94429299,-122.774794
2024-04-16,4.5,14151000,"FALL CREEK BLW WINBERRY CREEK, NEAR FALL CREEK, OR",43.94429299,-122.774794
2024-04-17,3.8,14151000,"FALL CREEK BLW WINBERRY CREEK, NEAR FALL CREEK, OR",43.94429299,-122.774794
2024-04-18,10.9,14151000,"FALL CREEK BLW WINBERRY CREEK, NEAR FALL CREEK, OR",43.94429299,-122.774794
2024-04-19,4.3,14151000,"FALL CREEK BLW WINBERRY CREEK, NEAR FALL CREEK, OR",43.94429299,-122.774794
2024-04-20,2.3,14151000,"FALL CREEK BLW WINBERRY CREEK, NEAR FALL CREEK, OR",43.94429299,-122.774794
2024-04-21,3.3,14151000,"FALL CREEK BLW WINBERRY CREEK, NEAR FALL CREEK, OR",43.94429299,-122.774794
2024-04-22,4.2,14151000,"FALL CREEK BLW WINBERRY CREEK, NEAR FALL CREEK, OR",43.94429299,-122.774794
2024-04-23,1.9,14151000,"FALL CREEK BLW WINBERRY CREEK, NEAR FALL CREEK, OR",43.94429299,-122.774794
2024-04-24,3.3,14151000,"FALL CREEK BLW WINBERRY CREEK, NEAR FALL CREEK, OR",43.94429299,-122.774794
2024-04-25,4.5,14151000,"FALL CREEK BLW WINBERRY CREEK, NEAR FALL CREEK, OR",43.94429299,-122.774794
2024-04-26,3.8,14151000,"FALL CREEK BLW WINBERRY CREEK, NEAR FALL CREEK, OR",43.94429299,-122.774794
2024-04-27,4.3,14151000,"FALL CREEK BLW WINBERRY CREEK, NEAR FALL CREEK, OR",43.94429299,-122.774794
2024-04-28,5.0,14151000,"FALL CREEK BLW WINBERRY CREEK, NEAR FALL CREEK, OR",43.94429299,-122.774794
2024-04-29,4.3,14151000,"FALL CREEK BLW WINBERRY CREEK, NEAR FALL CREEK, OR",43.94429299,-122.774794
2024-04-30,9.0,14151000,"FALL CREEK BLW WINBERRY CREEK, NEAR FALL CREEK, OR",43.94429299,-122.774794
2024-05-01,4.3,14151000,"FALL CREEK BLW WINBERRY CREEK, NEAR FALL CREEK, OR",43.94429299,-122.774794
2024-05-02,5.0,14151000,"FALL CREEK BLW WINBERRY CREEK, NEAR FALL CREEK, OR",43.94429299,-122.774794
2024-05-03,5.0,14151000,"FALL CREEK BLW WINBERRY CREEK, NEAR FALL CREEK, OR",43.94429299,-122.774794
2024-05-04,10.0,14151000,"FALL CREEK BLW WINBERRY CREEK, NEAR FALL CREEK, OR",43.94429299,-122.774794
2024-05-05,16.5,14151000,"FALL CREEK BLW WINBERRY CREEK, NEAR FALL CREEK, OR",43.94429299,-122.774794
2024-05-06,35.8,14151000,"FALL CREEK BLW WINBERRY CREEK, NEAR FALL CREEK, OR",43.94429299,-122.774794
2024-05-07,9.8,14151000,"FALL CREEK BLW WINBERRY CREEK, NEAR FALL CREEK, OR",43.94429299,-122.774794
2024-05-08,35.1,14151000,"FALL CREEK BLW WINBERRY CREEK, NEAR FALL CREEK, OR",43.94429299,-122.774794
2024-05-09,4.9,14151000,"FALL CREEK BLW WINBERRY CREEK, NEAR FALL CREEK, OR",43.94429299,-122.774794
2024-05-10,3.6,14151000,"FALL CREEK BLW WINBERRY CREEK, NEAR FALL CREEK, OR",43.94429299,-122.774794
2024-05-11,4.6,14151000,"FALL CREEK BLW WINBERRY CREEK, NEAR FALL CREEK, OR",43.94429299,-122.774794
2024-05-12,5.6,14151000,"FALL CREEK BLW WINBERRY CREEK, NEAR FALL CREEK, OR",43.94429299,-122.774794
2024-05-13,13.4,14151000,"FALL CREEK BLW WINBERRY CREEK, NEAR FALL CREEK, OR",43.94429299,-122.774794
2024-05-14,10.4,14151000,"FALL CREEK BLW WINBERRY CREEK, NEAR FALL CREEK, OR",43.94429299,-122.774794
2024-05-15,5.7,14151000,"FALL CREEK BLW WINBERRY CREEK, NEAR FALL CREEK, OR",43.94429299,-122.774794
2024-05-16,4.8,14151000,"FALL CREEK BLW WINBERRY CREEK, NEAR FALL CREEK, OR",43.94429299,-122.774794
2024-05-17,4.8,14151000,"FALL CREEK BLW WINBERRY CREEK, NEAR FALL CREEK, OR",43.94429299,-122.774794
2024-05-18,4.3,14151000,"FALL CREEK BLW WINBERRY CREEK, NEAR FALL CREEK, OR",43.94429299,-122.774794
2024-05-19,5.7,14151000,"FALL CREEK BLW WINBERRY CREEK, NEAR FALL CREEK, OR",43.94429299,-122.774794
2024-05-20,7.4,14151000,"FALL CREEK BLW WINBERRY CREEK, NEAR FALL CREEK, OR",43.94429299,-122.774794
2024-05-21,4.4,14151000,"FALL CREEK BLW WINBERRY CREEK, NEAR FALL CREEK, OR",43.94429299,-122.774794
2024-05-22,3.3,14151000,"FALL CREEK BLW WINBERRY CREEK, NEAR FALL CREEK, OR",43.94429299,-122.774794
2024-05-23,3.2,14151000,"FALL CREEK BLW WINBERRY CREEK, NEAR FALL CREEK, OR",43.94429299,-122.774794
2024-05-24,3.7,14151000,"FALL CREEK BLW WINBERRY CREEK, NEAR FALL CREEK, OR",43.94429299,-122.774794
2024-05-25,3.6,14151000,"FALL CREEK BLW WINBERRY CREEK, NEAR FALL CREEK, OR",43.94429299,-122.774794
2024-05-26,2.9,14151000,"FALL CREEK BLW WINBERRY CREEK, NEAR FALL CREEK, OR",43.94429299,-122.774794
2024-05-27,2.4,14151000,"FALL CREEK BLW WINBERRY CREEK, NEAR FALL CREEK, OR",43.94429299,-122.774794
2024-05-28,2.3,14151000,"FALL CREEK BLW WINBERRY CREEK, NEAR FALL CREEK, OR",43.94429299,-122.774794
2024-05-29,3.8,14151000,"FALL CREEK BLW WINBERRY CREEK, NEAR FALL CREEK, OR",43.94429299,-122.774794
2024-05-30,2.7,14151000,"FALL CREEK BLW WINBERRY CREEK, NEAR FALL CREEK, OR",43.94429299,-122.774794
2024-05-31,3.9,14151000,"FALL CREEK BLW WINBERRY CREEK, NEAR FALL CREEK, OR",43.94429299,-122.774794
2024-06-01,3.7,14151000,"FALL CREEK BLW WINBERRY CREEK, NEAR FALL CREEK, OR",43.94429299,-122.774794
2024-06-02,2.4,14151000,"FALL CREEK BLW WINBERRY CREEK, NEAR FALL CREEK, OR",43.94429299,-122.774794
2024-06-03,3.3,14151000,"FALL CREEK BLW WINBERRY CREEK, NEAR FALL CREEK, OR",43.94429299,-122.774794
2024-06-04,2.1,14151000,"FALL CREEK BLW WINBERRY CREEK, NEAR FALL CREEK, OR",43.94429299,-122.774794
2024-06-05,8.2,14151000,"FALL CREEK BLW WINBERRY CREEK, NEAR FALL CREEK, OR",43.94429299,-122.774794
2024-06-06,3.1,14151000,"FALL CREEK BLW WINBERRY CREEK, NEAR FALL CREEK, OR",43.94429299,-122.774794
2024-06-07,2.2,14151000,"FALL CREEK BLW WINBERRY CREEK, NEAR FALL CREEK, OR",43.94429299,-122.774794
2024-06-08,1.8,14151000,"FALL CREEK BLW WINBERRY CREEK, NEAR FALL CREEK, OR",43.94429299,-122.774794
2024-06-09,1.1,14151000,"FALL CREEK BLW WINBERRY CREEK, NEAR FALL CREEK, OR",43.94429299,-122.774794
2024-06-10,0.7,14151000,"FALL CREEK BLW WINBERRY CREEK, NEAR FALL CREEK, OR",43.94429299,-122.774794
2024-06-11,3.0,14151000,"FALL CREEK BLW WINBERRY CREEK, NEAR FALL CREEK, OR",43.94429299,-122.774794
2024-06-12,1.6,14151000,"FALL CREEK BLW WINBERRY CREEK, NEAR FALL CREEK, OR",43.94429299,-122.774794
2024-06-13,2.2,14151000,"FALL CREEK BLW WINBERRY CREEK, NEAR FALL CREEK, OR",43.94429299,-122.774794
2024-06-14,1.7,14151000,"FALL CREEK BLW WINBERRY CREEK, NEAR FALL CREEK, OR",43.94429299,-122.774794
2024-06-15,2.8,14151000,"FALL CREEK BLW WINBERRY CREEK, NEAR FALL CREEK, OR",43.94429299,-122.774794
2024-06-16,1.2,14151000,"FALL CREEK BLW WINBERRY CREEK, NEAR FALL CREEK, OR",43.94429299,-122.774794
2024-06-17,1.0,14151000,"FALL CREEK BLW WINBERRY CREEK, NEAR FALL CREEK, OR",43.94429299,-122.774794
2024-06-18,1.4,14151000,"FALL CREEK BLW WINBERRY CREEK, NEAR FALL CREEK, OR",43.94429299,-122.774794
2024-06-20,3.4,14151000,"FALL CREEK BLW WINBERRY CREEK, NEAR FALL CREEK, OR",43.94429299,-122.774794
2024-06-21,0.9,14151000,"FALL CREEK BLW WINBERRY CREEK, NEAR FALL CREEK, OR",43.94429299,-122.774794
2024-06-22,0.9,14151000,"FALL CREEK BLW WINBERRY CREEK, NEAR FALL CREEK, OR",43.94429299,-122.774794
2024-06-23,2.1,14151000,"FALL CREEK BLW WINBERRY CREEK, NEAR FALL CREEK, OR",43.94429299,-122.774794
2024-06-24,1.1,14151000,"FALL CREEK BLW WINBERRY CREEK, NEAR FALL CREEK, OR",43.94429299,-122.774794
2024-06-25,1.4,14151000,"FALL CREEK BLW WINBERRY CREEK, NEAR FALL CREEK, OR",43.94429299,-122.774794
2024-06-26,1.4,14151000,"FALL CREEK BLW WINBERRY CREEK, NEAR FALL CREEK, OR",43.94429299,-122.774794
2024-06-27,1.8,14151000,"FALL CREEK BLW WINBERRY CREEK, NEAR FALL CREEK, OR",43.94429299,-122.774794
2024-06-28,1.6,14151000,"FALL CREEK BLW WINBERRY CREEK, NEAR FALL CREEK, OR",43.94429299,-122.774794
2024-06-29,1.3,14151000,"FALL CREEK BLW WINBERRY CREEK, NEAR FALL CREEK, OR",43.94429299,-122.774794
2024-06-30,2.3,14151000,"FALL CREEK BLW WINBERRY CREEK, NEAR FALL CREEK, OR",43.94429299,-122.774794
2024-07-01,1.3,14151000,"FALL CREEK BLW WINBERRY CREEK, NEAR FALL CREEK, OR",43.94429299,-122.774794
2024-07-02,1.2,14151000,"FALL CREEK BLW WINBERRY CREEK, NEAR FALL CREEK, OR",43.94429299,-122.774794
2024-07-03,1.5,14151000,"FALL CREEK BLW WINBERRY CREEK, NEAR FALL CREEK, OR",43.94429299,-122.774794
2024-07-04,3.4,14151000,"FALL CREEK BLW WINBERRY CREEK, NEAR FALL CREEK, OR",43.94429299,-122.774794
2024-07-05,1.3,14151000,"FALL CREEK BLW WINBERRY CREEK, NEAR FALL CREEK, OR",43.94429299,-122.774794
2024-07-06,1.8,14151000,"FALL CREEK BLW WINBERRY CREEK, NEAR FALL CREEK, OR",43.94429299,-122.774794
2024-07-07,2.3,14151000,"FALL CREEK BLW WINBERRY CREEK, NEAR FALL CREEK, OR",43.94429299,-122.774794
2024-07-08,3.0,14151000,"FALL CREEK BLW WINBERRY CREEK, NEAR FALL CREEK, OR",43.94429299,-122.774794
2024-07-09,2.2,14151000,"FALL CREEK BLW WINBERRY CREEK, NEAR FALL CREEK, OR",43.94429299,-122.774794
2024-07-10,3.6,14151000,"FALL CREEK BLW WINBERRY CREEK, NEAR FALL CREEK, OR",43.94429299,-122.774794
2024-07-11,2.2,14151000,"FALL CREEK BLW WINBERRY CREEK, NEAR FALL CREEK, OR",43.94429299,-122.774794
2024-07-12,2.5,14151000,"FALL CREEK BLW WINBERRY CREEK, NEAR FALL CREEK, OR",43.94429299,-122.774794
2024-07-13,1.8,14151000,"FALL CREEK BLW WINBERRY CREEK, NEAR FALL CREEK, OR",43.94429299,-122.774794
2024-07-14,2.9,14151000,"FALL CREEK BLW WINBERRY CREEK, NEAR FALL CREEK, OR",43.94429299,-122.774794
2024-07-15,3.6,14151000,"FALL CREEK BLW WINBERRY CREEK, NEAR FALL CREEK, OR",43.94429299,-122.774794
2024-07-16,2.1,14151000,"FALL CREEK BLW WINBERRY CREEK, NEAR FALL CREEK, OR",43.94429299,-122.774794
2024-07-17,1.5,14151000,"FALL CREEK BLW WINBERRY CREEK, NEAR FALL CREEK, OR",43.94429299,-122.774794
2024-07-18,1.3,14151000,"FALL CREEK BLW WINBERRY CREEK, NEAR FALL CREEK, OR",43.94429299,-122.774794
2024-07-19,1.3,14151000,"FALL CREEK BLW WINBERRY CREEK, NEAR FALL CREEK, OR",43.94429299,-122.774794
2024-07-20,1.8,14151000,"FALL CREEK BLW WINBERRY CREEK, NEAR FALL CREEK, OR",43.94429299,-122.774794
2024-07-21,1.4,14151000,"FALL CREEK BLW WINBERRY CREEK, NEAR FALL CREEK, OR",43.94429299,-122.774794
2024-07-22,1.3,14151000,"FALL CREEK BLW WINBERRY CREEK, NEAR FALL CREEK, OR",43.94429299,-122.774794
2024-07-23,2.1,14151000,"FALL CREEK BLW WINBERRY CREEK, NEAR FALL CREEK, OR",43.94429299,-122.774794
2024-07-24,1.7,14151000,"FALL CREEK BLW WINBERRY CREEK, NEAR FALL CREEK, OR",43.94429299,-122.774794
2024-07-25,2.1,14151000,"FALL CREEK BLW WINBERRY CREEK, NEAR FALL CREEK, OR",43.94429299,-122.774794
2024-07-26,2.6,14151000,"FALL CREEK BLW WINBERRY CREEK, NEAR FALL CREEK, OR",43.94429299,-122.774794
2024-07-27,1.4,14151000,"FALL CREEK BLW WINBERRY CREEK, NEAR FALL CREEK, OR",43.94429299,-122.774794
2024-07-28,1.8,14151000,"FALL CREEK BLW WINBERRY CREEK, NEAR FALL CREEK, OR",43.94429299,-122.774794
2024-07-29,3.6,14151000,"FALL CREEK BLW WINBERRY CREEK, NEAR FALL CREEK, OR",43.94429299,-122.774794
2024-07-30,8.4,14151000,"FALL CREEK BLW WINBERRY CREEK, NEAR FALL CREEK, OR",43.94429299,-122.774794
2024-07-31,7.0,14151000,"FALL CREEK BLW WINBERRY CREEK, NEAR FALL CREEK, OR",43.94429299,-122.774794
2024-08-01,1.4,14151000,"FALL CREEK BLW WINBERRY CREEK, NEAR FALL CREEK, OR",43.94429299,-122.774794
2024-08-02,1.5,14151000,"FALL CREEK BLW WINBERRY CREEK, NEAR FALL CREEK, OR",43.94429299,-122.774794
2024-08-03,3.8,14151000,"FALL CREEK BLW WINBERRY CREEK, NEAR FALL CREEK, OR",43.94429299,-122.774794
2024-08-04,3.2,14151000,"FALL CREEK BLW WINBERRY CREEK, NEAR FALL CREEK, OR",43.94429299,-122.774794
2024-08-05,2.3,14151000,"FALL CREEK BLW WINBERRY CREEK, NEAR FALL CREEK, OR",43.94429299,-122.774794
2024-08-06,2.5,14151000,"FALL CREEK BLW WINBERRY CREEK, NEAR FALL CREEK, OR",43.94429299,-122.774794
2024-08-07,2.3,14151000,"FALL CREEK BLW WINBERRY CREEK, NEAR FALL CREEK, OR",43.94429299,-122.774794
2024-08-08,3.5,14151000,"FALL CREEK BLW WINBERRY CREEK, NEAR FALL CREEK, OR",43.94429299,-122.774794
2024-08-09,1.9,14151000,"FALL CREEK BLW WINBERRY CREEK, NEAR FALL CREEK, OR",43.94429299,-122.774794
2024-08-10,3.1,14151000,"FALL CREEK BLW WINBERRY CREEK, NEAR FALL CREEK, OR",43.94429299,-122.774794
2024-08-11,6.4,14151000,"FALL CREEK BLW WINBERRY CREEK, NEAR FALL CREEK, OR",43.94429299,-122.774794
2024-08-12,6.1,14151000,"FALL CREEK BLW WINBERRY CREEK, NEAR FALL CREEK, OR",43.94429299,-122.774794
2024-08-13,4.4,14151000,"FALL CREEK BLW WINBERRY CREEK, NEAR FALL CREEK, OR",43.94429299,-122.774794
2024-08-14,3.8,14151000,"FALL CREEK BLW WINBERRY CREEK, NEAR FALL CREEK, OR",43.94429299,-122.774794
2024-08-15,3.8,14151000,"FALL CREEK BLW WINBERRY CREEK, NEAR FALL CREEK, OR",43.94429299,-122.774794
2024-08-16,4.9,14151000,"FALL CREEK BLW WINBERRY CREEK, NEAR FALL CREEK, OR",43.94429299,-122.774794
2024-08-17,2.7,14151000,"FALL CREEK BLW WINBERRY CREEK, NEAR FALL CREEK, OR",43.94429299,-122.774794
2024-08-18,6.4,14151000,"FALL CREEK BLW WINBERRY CREEK, NEAR FALL CREEK, OR",43.94429299,-122.774794
2024-08-19,1.9,14151000,"FALL CREEK BLW WINBERRY CREEK, NEAR FALL CREEK, OR",43.94429299,-122.774794
2024-08-20,4.2,14151000,"FALL CREEK BLW WINBERRY CREEK, NEAR FALL CREEK, OR",43.94429299,-122.774794
2024-08-21,3.7,14151000,"FALL CREEK BLW WINBERRY CREEK, NEAR FALL CREEK, OR",43.94429299,-122.774794
2024-08-22,4.6,14151000,"FALL CREEK BLW WINBERRY CREEK, NEAR FALL CREEK, OR",43.94429299,-122.774794
2024-08-23,4.7,14151000,"FALL CREEK BLW WINBERRY CREEK, NEAR FALL CREEK, OR",43.94429299,-122.774794
2024-08-24,5.4,14151000,"FALL CREEK BLW WINBERRY CREEK, NEAR FALL CREEK, OR",43.94429299,-122.774794
2024-08-25,6.5,14151000,"FALL CREEK BLW WINBERRY CREEK, NEAR FALL CREEK, OR",43.94429299,-122.774794
2024-08-26,4.7,14151000,"FALL CREEK BLW WINBERRY CREEK, NEAR FALL CREEK, OR",43.94429299,-122.774794
2024-08-27,3.1,14151000,"FALL CREEK BLW WINBERRY CREEK, NEAR FALL CREEK, OR",43.94429299,-122.774794
2024-08-28,1.4,14151000,"FALL CREEK BLW WINBERRY CREEK, NEAR FALL CREEK, OR",43.94429299,-122.774794
2024-08-29,3.8,14151000,"FALL CREEK BLW WINBERRY CREEK, NEAR FALL CREEK, OR",43.94429299,-122.774794
2024-08-30,3.3,14151000,"FALL CREEK BLW WINBERRY CREEK, NEAR FALL CREEK, OR",43.94429299,-122.774794
2024-08-31,2.7,14151000,"FALL CREEK BLW WINBERRY CREEK, NEAR FALL CREEK, OR",43.94429299,-122.774794
2024-09-01,12.3,14151000,"FALL CREEK BLW WINBERRY CREEK, NEAR FALL CREEK, OR",43.94429299,-122.774794
2024-09-02,3.7,14151000,"FALL CREEK BLW WINBERRY CREEK, NEAR FALL CREEK, OR",43.94429299,-122.774794
2024-09-03,4.4,14151000,"FALL CREEK BLW WINBERRY CREEK, NEAR FALL CREEK, OR",43.94429299,-122.774794
2024-09-04,3.3,14151000,"FALL CREEK BLW WINBERRY CREEK, NEAR FALL CREEK, OR",43.94429299,-122.774794
2024-09-05,2.6,14151000,"FALL CREEK BLW WINBERRY CREEK, NEAR FALL CREEK, OR",43.94429299,-122.774794
2024-09-06,3.2,14151000,"FALL CREEK BLW WINBERRY CREEK, NEAR FALL CREEK, OR",43.94429299,-122.774794
2024-09-07,3.5,14151000,"FALL CREEK BLW WINBERRY CREEK, NEAR FALL CREEK, OR",43.94429299,-122.774794
2024-09-08,2.3,14151000,"FALL CREEK BLW WINBERRY CREEK, NEAR FALL CREEK, OR",43.94429299,-122.774794
2024-09-09,1.8,14151000,"FALL CREEK BLW WINBERRY CREEK, NEAR FALL CREEK, OR",43.94429299,-122.774794
2024-09-10,2.4,14151000,"FALL CREEK BLW WINBERRY CREEK, NEAR FALL CREEK, OR",43.94429299,-122.774794
2024-09-11,3.9,14151000,"FALL CREEK BLW WINBERRY CREEK, NEAR FALL CREEK, OR",43.94429299,-122.774794
2024-09-12,1.9,14151000,"FALL CREEK BLW WINBERRY CREEK, NEAR FALL CREEK, OR",43.94429299,-122.774794
2024-09-13,2.2,14151000,"FALL CREEK BLW WINBERRY CREEK, NEAR FALL CREEK, OR",43.94429299,-122.774794
2024-09-14,4.0,14151000,"FALL CREEK BLW WINBERRY CREEK, NEAR FALL CREEK, OR",43.94429299,-122.774794
2024-09-15,5.9,14151000,"FALL CREEK BLW WINBERRY CREEK, NEAR FALL CREEK, OR",43.94429299,-122.774794
2024-09-16,5.1,14151000,"FALL CREEK BLW WINBERRY CREEK, NEAR FALL CREEK, OR",43.94429299,-122.774794
2024-09-17,2.0,14151000,"FALL CREEK BLW WINBERRY CREEK, NEAR FALL CREEK, OR",43.94429299,-122.774794
2024-09-18,2.1,14151000,"FALL CREEK BLW WINBERRY CREEK, NEAR FALL CREEK, OR",43.94429299,-122.774794
2024-09-19,2.0,14151000,"FALL CREEK BLW WINBERRY CREEK, NEAR FALL CREEK, OR",43.94429299,-122.774794
2024-09-20,1.9,14151000,"FALL CREEK BLW WINBERRY CREEK, NEAR FALL CREEK, OR",43.94429299,-122.774794
2024-09-21,1.9,14151000,"FALL CREEK BLW WINBERRY CREEK, NEAR FALL CREEK, OR",43.94429299,-122.774794
2024-09-22,2.0,14151000,"FALL CREEK BLW WINBERRY CREEK, NEAR FALL CREEK, OR",43.94429299,-122.774794
2024-09-23,1.9,14151000,"FALL CREEK BLW WINBERRY CREEK, NEAR FALL CREEK, OR",43.94429299,-122.774794
2024-09-24,2.0,14151000,"FALL CREEK BLW WINBERRY CREEK, NEAR FALL CREEK, OR",43.94429299,-122.774794
2024-09-25,3.0,14151000,"FALL CREEK BLW WINBERRY CREEK, NEAR FALL CREEK, OR",43.94429299,-122.774794
2024-09-26,2.5,14151000,"FALL CREEK BLW WINBERRY CREEK, NEAR FALL CREEK, OR",43.94429299,-122.774794
2024-09-27,2.3,14151000,"FALL CREEK BLW WINBERRY CREEK, NEAR FALL CREEK, OR",43.94429299,-122.774794
2024-09-28,2.3,14151000,"FALL CREEK BLW WINBERRY CREEK, NEAR FALL CREEK, OR",43.94429299,-122.774794
2024-09-29,2.7,14151000,"FALL CREEK BLW WINBERRY CREEK, NEAR FALL CREEK, OR",43.94429299,-122.774794
2024-09-30,2.5,14151000,"FALL CREEK BLW WINBERRY CREEK, NEAR FALL CREEK, OR",43.94429299,-122.774794
2024-01-01,17.8,14152000,"MIDDLE FORK WILLAMETTE RIVER AT JASPER, OR",43.99818166,-122.9059126
2024-01-02,18.0,14152000,"MIDDLE FORK WILLAMETTE RIVER AT JASPER, OR",43.99818166,-122.9059126
2024-01-03,37.7,14152000,"MIDDLE FORK WILLAMETTE RIVER AT JASPER, OR",43.99818166,-122.9059126
2024-01-04,37.6,14152000,"MIDDLE FORK WILLAMETTE RIVER AT JASPER, OR",43.99818166,-122.9059126
2024-01-05,58.5,14152000,"MIDDLE FORK WILLAMETTE RIVER AT JASPER, OR",43.99818166,-122.9059126
2024-01-06,137.0,14152000,"MIDDLE FORK WILLAMETTE RIVER AT JASPER, OR",43.99818166,-122.9059126
2024-01-07,80.6,14152000,"MIDDLE FORK WILLAMETTE RIVER AT JASPER, OR",43.99818166,-122.9059126
2024-01-08,32.7,14152000,"MIDDLE FORK WILLAMETTE RIVER AT JASPER, OR",43.99818166,-122.9059126
2024-01-09,95.8,14152000,"MIDDLE FORK WILLAMETTE RIVER AT JASPER, OR",43.99818166,-122.9059126
2024-01-10,50.6,14152000,"MIDDLE FORK WILLAMETTE RIVER AT JASPER, OR",43.99818166,-122.9059126
2024-01-11,24.9,14152000,"MIDDLE FORK WILLAMETTE RIVER AT JASPER, OR",43.99818166,-122.9059126
2024-01-12,39.3,14152000,"MIDDLE FORK WILLAMETTE RIVER AT JASPER, OR",43.99818166,-122.9059126
2024-01-13,77.0,14152000,"MIDDLE FORK WILLAMETTE RIVER AT JASPER, OR",43.99818166,-122.9059126
2024-01-14,73.2,14152000,"MIDDLE FORK WILLAMETTE RIVER AT JASPER, OR",43.99818166,-122.9059126
2024-01-15,27.2,14152000,"MIDDLE FORK WILLAMETTE RIVER AT JASPER, OR",43.99818166,-122.9059126
2024-01-16,17.3,14152000,"MIDDLE FORK WILLAMETTE RIVER AT JASPER, OR",43.99818166,-122.9059126
2024-01-17,102.0,14152000,"MIDDLE FORK WILLAMETTE RIVER AT JASPER, OR",43.99818166,-122.9059126
2024-01-18,91.3,14152000,"MIDDLE FORK WILLAMETTE RIVER AT JASPER, OR",43.99818166,-122.9059126
2024-01-19,35.5,14152000,"MIDDLE FORK WILLAMETTE RIVER AT JASPER, OR",43.99818166,-122.9059126
2024-01-20,31.4,14152000,"MIDDLE FORK WILLAMETTE RIVER AT JASPER, OR",43.99818166,-122.9059126
2024-01-21,23.7,14152000,"MIDDLE FORK WILLAMETTE RIVER AT JASPER, OR",43.99818166,-122.9059126
2024-01-22,22.0,14152000,"MIDDLE FORK WILLAMETTE RIVER AT JASPER, OR",43.99818166,-122.9059126
2024-01-23,22.4,14152000,"MIDDLE FORK WILLAMETTE RIVER AT JASPER, OR",43.99818166,-122.9059126
2024-01-24,23.0,14152000,"MIDDLE FORK WILLAMETTE RIVER AT JASPER, OR",43.99818166,-122.9059126
2024-01-25,21.9,14152000,"MIDDLE FORK WILLAMETTE RIVER AT JASPER, OR",43.99818166,-122.9059126
2024-01-26,22.2,14152000,"MIDDLE FORK WILLAMETTE RIVER AT JASPER, OR",43.99818166,-122.9059126
2024-01-27,20.2,14152000,"MIDDLE FORK WILLAMETTE RIVER AT JASPER, OR",43.99818166,-122.9059126
2024-01-28,15.7,14152000,"MIDDLE FORK WILLAMETTE RIVER AT JASPER, OR",43.99818166,-122.9059126
2024-01-29,14.0,14152000,"MIDDLE FORK WILLAMETTE RIVER AT JASPER, OR",43.99818166,-122.9059126
2024-01-30,16.0,14152000,"MIDDLE FORK WILLAMETTE RIVER AT JASPER, OR",43.99818166,-122.9059126
2024-01-31,11.9,14152000,"MIDDLE FORK WILLAMETTE RIVER AT JASPER, OR",43.99818166,-122.9059126
2024-02-01,10.3,14152000,"MIDDLE FORK WILLAMETTE RIVER AT JASPER, OR",43.99818166,-122.9059126
2024-02-02,13.4,14152000,"MIDDLE FORK WILLAMETTE RIVER AT JASPER, OR",43.99818166,-122.9059126
2024-02-03,8.0,14152000,"MIDDLE FORK WILLAMETTE RIVER AT JASPER, OR",43.99818166,-122.9059126
2024-02-04,9.4,14152000,"MIDDLE FORK WILLAMETTE RIVER AT JASPER, OR",43.99818166,-122.9059126
2024-02-05,7.7,14152000,"MIDDLE FORK WILLAMETTE RIVER AT JASPER, OR",43.99818166,-122.9059126
2024-02-06,7.9,14152000,"MIDDLE FORK WILLAMETTE RIVER AT JASPER, OR",43.99818166,-122.9059126
2024-02-07,8.1,14152000,"MIDDLE FORK WILLAMETTE RIVER AT JASPER, OR",43.99818166,-122.9059126
2024-02-08,10.0,14152000,"MIDDLE FORK WILLAMETTE RIVER AT JASPER, OR",43.99818166,-122.9059126
2024-02-09,7.7,14152000,"MIDDLE FORK WILLAMETTE RIVER AT JASPER, OR",43.99818166,-122.9059126
2024-02-10,9.6,14152000,"MIDDLE FORK WILLAMETTE RIVER AT JASPER, OR",43.99818166,-122.9059126
2024-02-11,7.7,14152000,"MIDDLE FORK WILLAMETTE RIVER AT JASPER, OR",43.99818166,-122.9059126
2024-02-12,9.1,14152000,"MIDDLE FORK WILLAMETTE RIVER AT JASPER, OR",43.99818166,-122.9059126
2024-02-13,7.1,14152000,"MIDDLE FORK WILLAMETTE RIVER AT JASPER, OR",43.99818166,-122.9059126
2024-02-14,6.8,14152000,"MIDDLE FORK WILLAMETTE RIVER AT JASPER, OR",43.99818166,-122.9059126
2024-02-15,44.1,14152000,"MIDDLE FORK WILLAMETTE RIVER AT JASPER, OR",43.99818166,-122.9059126
2024-02-16,62.8,14152000,"MIDDLE FORK WILLAMETTE RIVER AT JASPER, OR",43.99818166,-122.9059126
2024-02-17,21.4,14152000,"MIDDLE FORK WILLAMETTE RIVER AT JASPER, OR",43.99818166,-122.9059126
2024-02-18,16.9,14152000,"MIDDLE FORK WILLAMETTE RIVER AT JASPER, OR",43.99818166,-122.9059126
2024-02-19,15.5,14152000,"MIDDLE FORK WILLAMETTE RIVER AT JASPER, OR",43.99818166,-122.9059126
2024-02-20,14.9,14152000,"MIDDLE FORK WILLAMETTE RIVER AT JASPER, OR",43.99818166,-122.9059126
2024-02-21,15.7,14152000,"MIDDLE FORK WILLAMETTE RIVER AT JASPER, OR",43.99818166,-122.9059126
2024-02-22,11.4,14152000,"MIDDLE FORK WILLAMETTE RIVER AT JASPER, OR",43.99818166,-122.9059126
2024-02-23,11.4,14152000,"MIDDLE FORK WILLAMETTE RIVER AT JASPER, OR",43.99818166,-122.9059126
2024-02-24,8.9,14152000,"MIDDLE FORK WILLAMETTE RIVER AT JASPER, OR",43.99818166,-122.9059126
2024-02-25,6.5,14152000,"MIDDLE FORK WILLAMETTE RIVER AT JASPER, OR",43.99818166,-122.9059126
2024-02-26,13.0,14152000,"MIDDLE FORK WILLAMETTE RIVER AT JASPER, OR",43.99818166,-122.9059126
2024-02-27,13.1,14152000,"MIDDLE FORK WILLAMETTE RIVER AT JASPER, OR",43.99818166,-122.9059126
2024-02-28,8.8,14152000,"MIDDLE FORK WILLAMETTE RIVER AT JASPER, OR",43.99818166,-122.9059126
2024-02-29,21.4,14152000,"MIDDLE FORK WILLAMETTE RIVER AT JASPER, OR",43.99818166,-122.9059126
2024-03-01,19.3,14152000,"MIDDLE FORK WILLAMETTE RIVER AT JASPER, OR",43.99818166,-122.9059126
2024-03-02,15.3,14152000,"MIDDLE FORK WILLAMETTE RIVER AT JASPER, OR",43.99818166,-122.9059126
2024-03-03,13.0,14152000,"MIDDLE FORK WILLAMETTE RIVER AT JASPER, OR",43.99818166,-122.9059126
2024-03-04,11.0,14152000,"MIDDLE FORK WILLAMETTE RIVER AT JASPER, OR",43.99818166,-122.9059126
2024-03-05,11.1,14152000,"MIDDLE FORK WILLAMETTE RIVER AT JASPER, OR",43.99818166,-122.9059126
2024-03-06,11.6,14152000,"MIDDLE FORK WILLAMETTE RIVER AT JASPER, OR",43.99818166,-122.9059126
2024-03-07,12.2,14152000,"MIDDLE FORK WILLAMETTE RIVER AT JASPER, OR",43.99818166,-122.9059126
2024-03-08,9.2,14152000,"MIDDLE FORK WILLAMETTE RIVER AT JASPER, OR",43.99818166,-122.9059126
2024-03-09,9.1,14152000,"MIDDLE FORK WILLAMETTE RIVER AT JASPER, OR",43.99818166,-122.9059126
2024-03-10,12.2,14152000,"MIDDLE FORK WILLAMETTE RIVER AT JASPER, OR",43.99818166,-122.9059126
2024-03-11,11.8,14152000,"MIDDLE FORK WILLAMETTE RIVER AT JASPER, OR",43.99818166,-122.9059126
2024-03-12,21.4,14152000,"MIDDLE FORK WILLAMETTE RIVER AT JASPER, OR",43.99818166,-122.9059126
2024-03-13,14.5,14152000,"MIDDLE FORK WILLAMETTE RIVER AT JASPER, OR",43.99818166,-122.9059126
2024-03-14,9.6,14152000,"MIDDLE FORK WILLAMETTE RIVER AT JASPER, OR",43.99818166,-122.9059126
2024-03-15,10.4,14152000,"MIDDLE FORK WILLAMETTE RIVER AT JASPER, OR",43.99818166,-122.9059126
2024-03-16,9.2,14152000,"MIDDLE FORK WILLAMETTE RIVER AT JASPER, OR",43.99818166,-122.9059126
2024-03-17,10.0,14152000,"MIDDLE FORK WILLAMETTE RIVER AT JASPER, OR",43.99818166,-122.9059126
2024-03-18,11.1,14152000,"MIDDLE FORK WILLAMETTE RIVER AT JASPER, OR",43.99818166,-122.9059126
2024-03-19,7.0,14152000,"MIDDLE FORK WILLAMETTE RIVER AT JASPER, OR",43.99818166,-122.9059126
2024-03-20,7.0,14152000,"MIDDLE FORK WILLAMETTE RIVER AT JASPER, OR",43.99818166,-122.9059126
2024-03-21,7.2,14152000,"MIDDLE FORK WILLAMETTE RIVER AT JASPER, OR",43.99818166,-122.9059126
2024-03-22,7.4,14152000,"MIDDLE FORK WILLAMETTE RIVER AT JASPER, OR",43.99818166,-122.9059126
2024-03-23,6.6,14152000,"MIDDLE FORK WILLAMETTE RIVER AT JASPER, OR",43.99818166,-122.9059126
2024-03-24,6.3,14152000,"MIDDLE FORK WILLAMETTE RIVER AT JASPER, OR",43.99818166,-122.9059126
2024-03-25,7.9,14152000,"MIDDLE FORK WILLAMETTE RIVER AT JASPER, OR",43.99818166,-122.9059126
2024-03-26,6.9,14152000,"MIDDLE FORK WILLAMETTE RIVER AT JASPER, OR",43.99818166,-122.9059126
2024-03-27,32.6,14152000,"MIDDLE FORK WILLAMETTE RIVER AT JASPER, OR",43.99818166,-122.9059126
2024-03-28,19.0,14152000,"MIDDLE FORK WILLAMETTE RIVER AT JASPER, OR",43.99818166,-122.9059126
2024-03-29,14.5,14152000,"MIDDLE FORK WILLAMETTE RIVER AT JASPER, OR",43.99818166,-122.9059126
2024-03-30,10.7,14152000,"MIDDLE FORK WILLAMETTE RIVER AT JASPER, OR",43.99818166,-122.9059126
2024-03-31,10.4,14152000,"MIDDLE FORK WILLAMETTE RIVER AT JASPER, OR",43.99818166,-122.9059126
2024-04-01,8.2,14152000,"MIDDLE FORK WILLAMETTE RIVER AT JASPER, OR",43.99818166,-122.9059126
2024-04-02,9.7,14152000,"MIDDLE FORK WILLAMETTE RIVER AT JASPER, OR",43.99818166,-122.9059126
2024-04-03,8.6,14152000,"MIDDLE FORK WILLAMETTE RIVER AT JASPER, OR",43.99818166,-122.9059126
2024-04-04,11.0,14152000,"MIDDLE FORK WILLAMETTE RIVER AT JASPER, OR",43.99818166,-122.9059126
2024-04-05,12.1,14152000,"MIDDLE FORK WILLAMETTE RIVER AT JASPER, OR",43.99818166,-122.9059126
2024-04-06,9.3,14152000,"MIDDLE FORK WILLAMETTE RIVER AT JASPER, OR",43.99818166,-122.9059126
2024-04-07,12.2,14152000,"MIDDLE FORK WILLAMETTE RIVER AT JASPER, OR",43.99818166,-122.9059126
2024-04-08,9.4,14152000,"MIDDLE FORK WILLAMETTE RIVER AT JASPER, OR",43.99818166,-122.9059126
2024-04-09,13.6,14152000,"MIDDLE FORK WILLAMETTE RIVER AT JASPER, OR",43.99818166,-122.9059126
2024-04-10,6.2,14152000,"MIDDLE FORK WILLAMETTE RIVER AT JASPER, OR",43.99818166,-122.9059126
2024-04-11,13.1,14152000,"MIDDLE FORK WILLAMETTE RIVER AT JASPER, OR",43.99818166,-122.9059126
2024-04-12,14.8,14152000,"MIDDLE FORK WILLAMETTE RIVER AT JASPER, OR",43.99818166,-122.9059126
2024-04-13,9.2,14152000,"MIDDLE FORK WILLAMETTE RIVER AT JASPER, OR",43.99818166,-122.9059126
2024-04-14,14.9,14152000,"MIDDLE FORK WILLAMETTE RIVER AT JASPER, OR",43.99818166,-122.9059126
2024-04-15,13.6,14152000,"MIDDLE FORK WILLAMETTE RIVER AT JASPER, OR",43.99818166,-122.9059126
2024-04-16,8.5,14152000,"MIDDLE FORK WILLAMETTE RIVER AT JASPER, OR",43.99818166,-122.9059126
2024-04-17,7.6,14152000,"MIDDLE FORK WILLAMETTE RIVER AT JASPER, OR",43.99818166,-122.9059126
2024-04-18,6.2,14152000,"MIDDLE FORK WILLAMETTE RIVER AT JASPER, OR",43.99818166,-122.9059126
2024-04-19,7.2,14152000,"MIDDLE FORK WILLAMETTE RIVER AT JASPER, OR",43.99818166,-122.9059126
2024-04-20,7.3,14152000,"MIDDLE FORK WILLAMETTE RIVER AT JASPER, OR",43.99818166,-122.9059126
2024-04-21,6.4,14152000,"MIDDLE FORK WILLAMETTE RIVER AT JASPER, OR",43.99818166,-122.9059126
2024-04-22,6.8,14152000,"MIDDLE FORK WILLAMETTE RIVER AT JASPER, OR",43.99818166,-122.9059126
2024-04-23,6.1,14152000,"MIDDLE FORK WILLAMETTE RIVER AT JASPER, OR",43.99818166,-122.9059126
2024-04-24,7.0,14152000,"MIDDLE FORK WILLAMETTE RIVER AT JASPER, OR",43.99818166,-122.9059126
2024-04-25,5.2,14152000,"MIDDLE FORK WILLAMETTE RIVER AT JASPER, OR",43.99818166,-122.9059126
2024-04-26,24.4,14152000,"MIDDLE FORK WILLAMETTE RIVER AT JASPER, OR",43.99818166,-122.9059126
2024-04-27,28.0,14152000,"MIDDLE FORK WILLAMETTE RIVER AT JASPER, OR",43.99818166,-122.9059126
2024-04-28,11.9,14152000,"MIDDLE FORK WILLAMETTE RIVER AT JASPER, OR",43.99818166,-122.9059126
2024-04-29,14.8,14152000,"MIDDLE FORK WILLAMETTE RIVER AT JASPER, OR",43.99818166,-122.9059126
2024-04-30,10.9,14152000,"MIDDLE FORK WILLAMETTE RIVER AT JASPER, OR",43.99818166,-122.9059126
2024-05-01,13.2,14152000,"MIDDLE FORK WILLAMETTE RIVER AT JASPER, OR",43.99818166,-122.9059126
2024-05-02,17.0,14152000,"MIDDLE FORK WILLAMETTE RIVER AT JASPER, OR",43.99818166,-122.9059126
2024-05-03,87.0,14152000,"MIDDLE FORK WILLAMETTE RIVER AT JASPER, OR",43.99818166,-122.9059126
2024-05-04,87.0,14152000,"MIDDLE FORK WILLAMETTE RIVER AT JASPER, OR",43.99818166,-122.9059126
2024-05-05,76.3,14152000,"MIDDLE FORK WILLAMETTE RIVER AT JASPER, OR",43.99818166,-122.9059126
2024-05-06,33.0,14152000,"MIDDLE FORK WILLAMETTE RIVER AT JASPER, OR",43.99818166,-122.9059126
2024-05-07,26.4,14152000,"MIDDLE FORK WILLAMETTE RIVER AT JASPER, OR",43.99818166,-122.9059126
2024-05-08,24.1,14152000,"MIDDLE FORK WILLAMETTE RIVER AT JASPER, OR",43.99818166,-122.9059126
2024-05-09,15.2,14152000,"MIDDLE FORK WILLAMETTE RIVER AT JASPER, OR",43.99818166,-122.9059126
2024-05-10,18.4,14152000,"MIDDLE FORK WILLAMETTE RIVER AT JASPER, OR",43.99818166,-122.9059126
2024-05-11,16.7,14152000,"MIDDLE FORK WILLAMETTE RIVER AT JASPER, OR",43.99818166,-122.9059126
2024-05-12,10.6,14152000,"MIDDLE FORK WILLAMETTE RIVER AT JASPER, OR",43.99818166,-122.9059126
2024-05-13,13.3,14152000,"MIDDLE FORK WILLAMETTE RIVER AT JASPER, OR",43.99818166,-122.9059126
2024-05-14,12.2,14152000,"MIDDLE FORK WILLAMETTE RIVER AT JASPER, OR",43.99818166,-122.9059126
2024-05-15,12.4,14152000,"MIDDLE FORK WILLAMETTE RIVER AT JASPER, OR",43.99818166,-122.9059126
2024-05-16,8.2,14152000,"MIDDLE FORK WILLAMETTE RIVER AT JASPER, OR",43.99818166,-122.9059126
2024-05-17,7.0,14152000,"MIDDLE FORK WILLAMETTE RIVER AT JASPER, OR",43.99818166,-122.9059126
2024-05-18,11.4,14152000,"MIDDLE FORK WILLAMETTE RIVER AT JASPER, OR",43.99818166,-122.9059126
2024-05-19,9.6,14152000,"MIDDLE FORK WILLAMETTE RIVER AT JASPER, OR",43.99818166,-122.9059126
2024-05-20,9.0,14152000,"MIDDLE FORK WILLAMETTE RIVER AT JASPER, OR",43.99818166,-122.9059126
2024-05-21,9.3,14152000,"MIDDLE FORK WILLAMETTE RIVER AT JASPER, OR",43.99818166,-122.9059126
2024-05-22,8.7,14152000,"MIDDLE FORK WILLAMETTE RIVER AT JASPER, OR",43.99818166,-122.9059126
2024-05-23,8.2,14152000,"MIDDLE FORK WILLAMETTE RIVER AT JASPER, OR",43.99818166,-122.9059126
2024-05-24,8.3,14152000,"MIDDLE FORK WILLAMETTE RIVER AT JASPER, OR",43.99818166,-122.9059126
2024-05-25,10.6,14152000,"MIDDLE FORK WILLAMETTE RIVER AT JASPER, OR",43.99818166,-122.9059126
2024-05-26,10.9,14152000,"MIDDLE FORK WILLAMETTE RIVER AT JASPER, OR",43.99818166,-122.9059126
2024-05-27,7.0,14152000,"MIDDLE FORK WILLAMETTE RIVER AT JASPER, OR",43.99818166,-122.9059126
2024-05-28,7.3,14152000,"MIDDLE FORK WILLAMETTE RIVER AT JASPER, OR",43.99818166,-122.9059126
2024-05-29,6.2,14152000,"MIDDLE FORK WILLAMETTE RIVER AT JASPER, OR",43.99818166,-122.9059126
2024-05-30,5.0,14152000,"MIDDLE FORK WILLAMETTE RIVER AT JASPER, OR",43.99818166,-122.9059126
2024-05-31,9.7,14152000,"MIDDLE FORK WILLAMETTE RIVER AT JASPER, OR",43.99818166,-122.9059126
2024-06-01,8.6,14152000,"MIDDLE FORK WILLAMETTE RIVER AT JASPER, OR",43.99818166,-122.9059126
2024-06-02,10.7,14152000,"MIDDLE FORK WILLAMETTE RIVER AT JASPER, OR",43.99818166,-122.9059126
2024-06-03,10.8,14152000,"MIDDLE FORK WILLAMETTE RIVER AT JASPER, OR",43.99818166,-122.9059126
2024-06-04,5.3,14152000,"MIDDLE FORK WILLAMETTE RIVER AT JASPER, OR",43.99818166,-122.9059126
2024-06-05,8.8,14152000,"MIDDLE FORK WILLAMETTE RIVER AT JASPER, OR",43.99818166,-122.9059126
2024-06-06,10.2,14152000,"MIDDLE FORK WILLAMETTE RIVER AT JASPER, OR",43.99818166,-122.9059126
2024-06-07,9.4,14152000,"MIDDLE FORK WILLAMETTE RIVER AT JASPER, OR",43.99818166,-122.9059126
2024-06-08,6.1,14152000,"MIDDLE FORK WILLAMETTE RIVER AT JASPER, OR",43.99818166,-122.9059126
2024-06-09,4.2,14152000,"MIDDLE FORK WILLAMETTE RIVER AT JASPER, OR",43.99818166,-122.9059126
2024-06-10,11.2,14152000,"MIDDLE FORK WILLAMETTE RIVER AT JASPER, OR",43.99818166,-122.9059126
2024-06-11,7.6,14152000,"MIDDLE FORK WILLAMETTE RIVER AT JASPER, OR",43.99818166,-122.9059126
2024-06-12,7.9,14152000,"MIDDLE FORK WILLAMETTE RIVER AT JASPER, OR",43.99818166,-122.9059126
2024-06-13,3.3,14152000,"MIDDLE FORK WILLAMETTE RIVER AT JASPER, OR",43.99818166,-122.9059126
2024-06-14,10.4,14152000,"MIDDLE FORK WILLAMETTE RIVER AT JASPER, OR",43.99818166,-122.9059126
2024-06-15,3.6,14152000,"MIDDLE FORK WILLAMETTE RIVER AT JASPER, OR",43.99818166,-122.9059126
2024-06-16,4.3,14152000,"MIDDLE FORK WILLAMETTE RIVER AT JASPER, OR",43.99818166,-122.9059126
2024-06-17,3.0,14152000,"MIDDLE FORK WILLAMETTE RIVER AT JASPER, OR",43.99818166,-122.9059126
2024-06-18,3.2,14152000,"MIDDLE FORK WILLAMETTE RIVER AT JASPER, OR",43.99818166,-122.9059126
2024-06-19,3.0,14152000,"MIDDLE FORK WILLAMETTE RIVER AT JASPER, OR",43.99818166,-122.9059126
2024-06-20,3.4,14152000,"MIDDLE FORK WILLAMETTE RIVER AT JASPER, OR",43.99818166,-122.9059126
2024-06-21,7.1,14152000,"MIDDLE FORK WILLAMETTE RIVER AT JASPER, OR",43.99818166,-122.9059126
2024-06-22,7.3,14152000,"MIDDLE FORK WILLAMETTE RIVER AT JASPER, OR",43.99818166,-122.9059126
2024-06-23,5.9,14152000,"MIDDLE FORK WILLAMETTE RIVER AT JASPER, OR",43.99818166,-122.9059126
2024-06-24,2.8,14152000,"MIDDLE FORK WILLAMETTE RIVER AT JASPER, OR",43.99818166,-122.9059126
2024-06-25,4.3,14152000,"MIDDLE FORK WILLAMETTE RIVER AT JASPER, OR",43.99818166,-122.9059126
2024-06-26,6.8,14152000,"MIDDLE FORK WILLAMETTE RIVER AT JASPER, OR",43.99818166,-122.9059126
2024-06-27,4.9,14152000,"MIDDLE FORK WILLAMETTE RIVER AT JASPER, OR",43.99818166,-122.9059126
2024-06-28,5.4,14152000,"MIDDLE FORK WILLAMETTE RIVER AT JASPER, OR",43.99818166,-122.9059126
2024-06-29,3.1,14152000,"MIDDLE FORK WILLAMETTE RIVER AT JASPER, OR",43.99818166,-122.9059126
2024-06-30,6.8,14152000,"MIDDLE FORK WILLAMETTE RIVER AT JASPER, OR",43.99818166,-122.9059126
2024-07-01,2.6,14152000,"MIDDLE FORK WILLAMETTE RIVER AT JASPER, OR",43.99818166,-122.9059126
2024-07-02,2.6,14152000,"MIDDLE FORK WILLAMETTE RIVER AT JASPER, OR",43.99818166,-122.9059126
2024-07-03,3.1,14152000,"MIDDLE FORK WILLAMETTE RIVER AT JASPER, OR",43.99818166,-122.9059126
2024-07-04,4.2,14152000,"MIDDLE FORK WILLAMETTE RIVER AT JASPER, OR",43.99818166,-122.9059126
2024-07-05,3.2,14152000,"MIDDLE FORK WILLAMETTE RIVER AT JASPER, OR",43.99818166,-122.9059126
2024-07-06,3.3,14152000,"MIDDLE FORK WILLAMETTE RIVER AT JASPER, OR",43.99818166,-122.9059126
2024-07-07,4.6,14152000,"MIDDLE FORK WILLAMETTE RIVER AT JASPER, OR",43.99818166,-122.9059126
2024-07-08,2.4,14152000,"MIDDLE FORK WILLAMETTE RIVER AT JASPER, OR",43.99818166,-122.9059126
2024-07-09,6.0,14152000,"MIDDLE FORK WILLAMETTE RIVER AT JASPER, OR",43.99818166,-122.9059126
2024-07-10,1.9,14152000,"MIDDLE FORK WILLAMETTE RIVER AT JASPER, OR",43.99818166,-122.9059126
2024-07-11,2.0,14152000,"MIDDLE FORK WILLAMETTE RIVER AT JASPER, OR",43.99818166,-122.9059126
2024-07-12,1.6,14152000,"MIDDLE FORK WILLAMETTE RIVER AT JASPER, OR",43.99818166,-122.9059126
2024-07-13,2.5,14152000,"MIDDLE FORK WILLAMETTE RIVER AT JASPER, OR",43.99818166,-122.9059126
2024-07-14,3.7,14152000,"MIDDLE FORK WILLAMETTE RIVER AT JASPER, OR",43.99818166,-122.9059126
2024-07-15,3.1,14152000,"MIDDLE FORK WILLAMETTE RIVER AT JASPER, OR",43.99818166,-122.9059126
2024-07-16,2.6,14152000,"MIDDLE FORK WILLAMETTE RIVER AT JASPER, OR",43.99818166,-122.9059126
2024-07-17,2.7,14152000,"MIDDLE FORK WILLAMETTE RIVER AT JASPER, OR",43.99818166,-122.9059126
2024-07-18,5.4,14152000,"MIDDLE FORK WILLAMETTE RIVER AT JASPER, OR",43.99818166,-122.9059126
2024-07-19,3.3,14152000,"MIDDLE FORK WILLAMETTE RIVER AT JASPER, OR",43.99818166,-122.9059126
2024-07-20,3.0,14152000,"MIDDLE FORK WILLAMETTE RIVER AT JASPER, OR",43.99818166,-122.9059126
2024-07-21,4.2,14152000,"MIDDLE FORK WILLAMETTE RIVER AT JASPER, OR",43.99818166,-122.9059126
2024-07-22,2.7,14152000,"MIDDLE FORK WILLAMETTE RIVER AT JASPER, OR",43.99818166,-122.9059126
2024-07-23,4.1,14152000,"MIDDLE FORK WILLAMETTE RIVER AT JASPER, OR",43.99818166,-122.9059126
2024-07-24,2.8,14152000,"MIDDLE FORK WILLAMETTE RIVER AT JASPER, OR",43.99818166,-122.9059126
2024-07-25,2.2,14152000,"MIDDLE FORK WILLAMETTE RIVER AT JASPER, OR",43.99818166,-122.9059126
2024-07-26,3.0,14152000,"MIDDLE FORK WILLAMETTE RIVER AT JASPER, OR",43.99818166,-122.9059126
2024-07-27,3.1,14152000,"MIDDLE FORK WILLAMETTE RIVER AT JASPER, OR",43.99818166,-122.9059126
2024-07-28,2.5,14152000,"MIDDLE FORK WILLAMETTE RIVER AT JASPER, OR",43.99818166,-122.9059126
2024-07-29,3.9,14152000,"MIDDLE FORK WILLAMETTE RIVER AT JASPER, OR",43.99818166,-122.9059126
2024-07-30,5.1,14152000,"MIDDLE FORK WILLAMETTE RIVER AT JASPER, OR",43.99818166,-122.9059126
2024-07-31,6.7,14152000,"MIDDLE FORK WILLAMETTE RIVER AT JASPER, OR",43.99818166,-122.9059126
2024-08-01,7.4,14152000,"MIDDLE FORK WILLAMETTE RIVER AT JASPER, OR",43.99818166,-122.9059126
2024-08-02,6.3,14152000,"MIDDLE FORK WILLAMETTE RIVER AT JASPER, OR",43.99818166,-122.9059126
2024-08-03,6.1,14152000,"MIDDLE FORK WILLAMETTE RIVER AT JASPER, OR",43.99818166,-122.9059126
2024-08-04,5.1,14152000,"MIDDLE FORK WILLAMETTE RIVER AT JASPER, OR",43.99818166,-122.9059126
2024-08-05,3.5,14152000,"MIDDLE FORK WILLAMETTE RIVER AT JASPER, OR",43.99818166,-122.9059126
2024-08-06,2.8,14152000,"MIDDLE FORK WILLAMETTE RIVER AT JASPER, OR",43.99818166,-122.9059126
2024-08-07,1.5,14152000,"MIDDLE FORK WILLAMETTE RIVER AT JASPER, OR",43.99818166,-122.9059126
2024-08-08,2.1,14152000,"MIDDLE FORK WILLAMETTE RIVER AT JASPER, OR",43.99818166,-122.9059126
2024-08-09,4.2,14152000,"MIDDLE FORK WILLAMETTE RIVER AT JASPER, OR",43.99818166,-122.9059126
2024-08-10,3.0,14152000,"MIDDLE FORK WILLAMETTE RIVER AT JASPER, OR",43.99818166,-122.9059126
2024-08-11,8.2,14152000,"MIDDLE FORK WILLAMETTE RIVER AT JASPER, OR",43.99818166,-122.9059126
2024-08-12,8.6,14152000,"MIDDLE FORK WILLAMETTE RIVER AT JASPER, OR",43.99818166,-122.9059126
2024-08-13,10.2,14152000,"MIDDLE FORK WILLAMETTE RIVER AT JASPER, OR",43.99818166,-122.9059126
2024-08-14,5.5,14152000,"MIDDLE FORK WILLAMETTE RIVER AT JASPER, OR",43.99818166,-122.9059126
2024-08-15,5.9,14152000,"MIDDLE FORK WILLAMETTE RIVER AT JASPER, OR",43.99818166,-122.9059126
2024-08-16,7.4,14152000,"MIDDLE FORK WILLAMETTE RIVER AT JASPER, OR",43.99818166,-122.9059126
2024-08-17,4.2,14152000,"MIDDLE FORK WILLAMETTE RIVER AT JASPER, OR",43.99818166,-122.9059126
2024-08-18,7.2,14152000,"MIDDLE FORK WILLAMETTE RIVER AT JASPER, OR",43.99818166,-122.9059126
2024-08-19,5.0,14152000,"MIDDLE FORK WILLAMETTE RIVER AT JASPER, OR",43.99818166,-122.9059126
2024-08-20,8.4,14152000,"MIDDLE FORK WILLAMETTE RIVER AT JASPER, OR",43.99818166,-122.9059126
2024-08-21,8.0,14152000,"MIDDLE FORK WILLAMETTE RIVER AT JASPER, OR",43.99818166,-122.9059126
2024-08-22,5.7,14152000,"MIDDLE FORK WILLAMETTE RIVER AT JASPER, OR",43.99818166,-122.9059126
2024-08-23,5.6,14152000,"MIDDLE FORK WILLAMETTE RIVER AT JASPER, OR",43.99818166,-122.9059126
2024-08-24,4.6,14152000,"MIDDLE FORK WILLAMETTE RIVER AT JASPER, OR",43.99818166,-122.9059126
2024-08-25,6.5,14152000,"MIDDLE FORK WILLAMETTE RIVER AT JASPER, OR",43.99818166,-122.9059126
2024-08-26,4.5,14152000,"MIDDLE FORK WILLAMETTE RIVER AT JASPER, OR",43.99818166,-122.9059126
2024-08-27,5.7,14152000,"MIDDLE FORK WILLAMETTE RIVER AT JASPER, OR",43.99818166,-122.9059126
2024-08-28,4.8,14152000,"MIDDLE FORK WILLAMETTE RIVER AT JASPER, OR",43.99818166,-122.9059126
2024-08-29,4.0,14152000,"MIDDLE FORK WILLAMETTE RIVER AT JASPER, OR",43.99818166,-122.9059126
2024-08-30,2.8,14152000,"MIDDLE FORK WILLAMETTE RIVER AT JASPER, OR",43.99818166,-122.9059126
2024-08-31,2.5,14152000,"MIDDLE FORK WILLAMETTE RIVER AT JASPER, OR",43.99818166,-122.9059126
2024-09-01,6.3,14152000,"MIDDLE FORK WILLAMETTE RIVER AT JASPER, OR",43.99818166,-122.9059126
2024-09-02,3.0,14152000,"MIDDLE FORK WILLAMETTE RIVER AT JASPER, OR",43.99818166,-122.9059126
2024-09-03,2.7,14152000,"MIDDLE FORK WILLAMETTE RIVER AT JASPER, OR",43.99818166,-122.9059126
2024-09-04,1.6,14152000,"MIDDLE FORK WILLAMETTE RIVER AT JASPER, OR",43.99818166,-122.9059126
2024-09-05,5.0,14152000,"MIDDLE FORK WILLAMETTE RIVER AT JASPER, OR",43.99818166,-122.9059126
2024-09-06,10.3,14152000,"MIDDLE FORK WILLAMETTE RIVER AT JASPER, OR",43.99818166,-122.9059126
2024-09-07,7.8,14152000,"MIDDLE FORK WILLAMETTE RIVER AT JASPER, OR",43.99818166,-122.9059126
2024-09-08,8.5,14152000,"MIDDLE FORK WILLAMETTE RIVER AT JASPER, OR",43.99818166,-122.9059126
2024-09-09,4.2,14152000,"MIDDLE FORK WILLAMETTE RIVER AT JASPER, OR",43.99818166,-122.9059126
2024-09-10,3.7,14152000,"MIDDLE FORK WILLAMETTE RIVER AT JASPER, OR",43.99818166,-122.9059126
2024-09-11,9.8,14152000,"MIDDLE FORK WILLAMETTE RIVER AT JASPER, OR",43.99818166,-122.9059126
2024-09-12,10.8,14152000,"MIDDLE FORK WILLAMETTE RIVER AT JASPER, OR",43.99818166,-122.9059126
2024-09-13,3.0,14152000,"MIDDLE FORK WILLAMETTE RIVER AT JASPER, OR",43.99818166,-122.9059126
2024-09-14,2.2,14152000,"MIDDLE FORK WILLAMETTE RIVER AT JASPER, OR",43.99818166,-122.9059126
2024-09-15,3.0,14152000,"MIDDLE FORK WILLAMETTE RIVER AT JASPER, OR",43.99818166,-122.9059126
2024-09-16,5.0,14152000,"MIDDLE FORK WILLAMETTE RIVER AT JASPER, OR",43.99818166,-122.9059126
2024-09-17,4.5,14152000,"MIDDLE FORK WILLAMETTE RIVER AT JASPER, OR",43.99818166,-122.9059126
2024-09-18,4.7,14152000,"MIDDLE FORK WILLAMETTE RIVER AT JASPER, OR",43.99818166,-122.9059126
2024-09-19,3.6,14152000,"MIDDLE FORK WILLAMETTE RIVER AT JASPER, OR",43.99818166,-122.9059126
2024-09-20,4.4,14152000,"MIDDLE FORK WILLAMETTE RIVER AT JASPER, OR",43.99818166,-122.9059126
2024-09-21,7.2,14152000,"MIDDLE FORK WILLAMETTE RIVER AT JASPER, OR",43.99818166,-122.9059126
2024-09-22,6.0,14152000,"MIDDLE FORK WILLAMETTE RIVER AT JASPER, OR",43.99818166,-122.9059126
2024-09-23,3.3,14152000,"MIDDLE FORK WILLAMETTE RIVER AT JASPER, OR",43.99818166,-122.9059126
2024-09-24,3.2,14152000,"MIDDLE FORK WILLAMETTE RIVER AT JASPER, OR",43.99818166,-122.9059126
2024-09-25,3.5,14152000,"MIDDLE FORK WILLAMETTE RIVER AT JASPER, OR",43.99818166,-122.9059126
2024-09-26,2.7,14152000,"MIDDLE FORK WILLAMETTE RIVER AT JASPER, OR",43.99818166,-122.9059126
2024-09-27,2.5,14152000,"MIDDLE FORK WILLAMETTE RIVER AT JASPER, OR",43.99818166,-122.9059126
2024-09-28,3.1,14152000,"MIDDLE FORK WILLAMETTE RIVER AT JASPER, OR",43.99818166,-122.9059126
2024-09-29,5.0,14152000,"MIDDLE FORK WILLAMETTE RIVER AT JASPER, OR",43.99818166,-122.9059126
2024-09-30,4.2,14152000,"MIDDLE FORK WILLAMETTE RIVER AT JASPER, OR",43.99818166,-122.9059126
2024-01-01,9.0,14158100,"WILLAMETTE RIVER AT OWOSSO BRIDGE AT EUGENE, OR",44.09166667,-123.116111
2024-01-02,7.6,14158100,"WILLAMETTE RIVER AT OWOSSO BRIDGE AT EUGENE, OR",44.09166667,-123.116111
2024-01-03,8.2,14158100,"WILLAMETTE RIVER AT OWOSSO BRIDGE AT EUGENE, OR",44.09166667,-123.116111
2024-01-04,8.7,14158100,"WILLAMETTE RIVER AT OWOSSO BRIDGE AT EUGENE, OR",44.09166667,-123.116111
2024-01-05,12.7,14158100,"WILLAMETTE RIVER AT OWOSSO BRIDGE AT EUGENE, OR",44.09166667,-123.116111
2024-01-06,29.3,14158100,"WILLAMETTE RIVER AT OWOSSO BRIDGE AT EUGENE, OR",44.09166667,-123.116111
2024-01-07,34.0,14158100,"WILLAMETTE RIVER AT OWOSSO BRIDGE AT EUGENE, OR",44.09166667,-123.116111
2024-01-08,14.6,14158100,"WILLAMETTE RIVER AT OWOSSO BRIDGE AT EUGENE, OR",44.09166667,-123.116111
2024-01-09,31.0,14158100,"WILLAMETTE RIVER AT OWOSSO BRIDGE AT EUGENE, OR",44.09166667,-123.116111
2024-01-10,32.8,14158100,"WILLAMETTE RIVER AT OWOSSO BRIDGE AT EUGENE, OR",44.09166667,-123.116111
2024-01-11,19.5,14158100,"WILLAMETTE RIVER AT OWOSSO BRIDGE AT EUGENE, OR",44.09166667,-123.116111
2024-01-12,15.6,14158100,"WILLAMETTE RIVER AT OWOSSO BRIDGE AT EUGENE, OR",44.09166667,-123.116111
2024-01-13,35.8,14158100,"WILLAMETTE RIVER AT OWOSSO BRIDGE AT EUGENE, OR",44.09166667,-123.116111
2024-01-14,65.2,14158100,"WILLAMETTE RIVER AT OWOSSO BRIDGE AT EUGENE, OR",44.09166667,-123.116111
2024-01-15,34.4,14158100,"WILLAMETTE RIVER AT OWOSSO BRIDGE AT EUGENE, OR",44.09166667,-123.116111
2024-01-16,24.4,14158100,"WILLAMETTE RIVER AT OWOSSO BRIDGE AT EUGENE, OR",44.09166667,-123.116111
2024-01-17,36.1,14158100,"WILLAMETTE RIVER AT OWOSSO BRIDGE AT EUGENE, OR",44.09166667,-123.116111
2024-01-18,42.3,14158100,"WILLAMETTE RIVER AT OWOSSO BRIDGE AT EUGENE, OR",44.09166667,-123.116111
2024-01-19,25.4,14158100,"WILLAMETTE RIVER AT OWOSSO BRIDGE AT EUGENE, OR",44.09166667,-123.116111
2024-01-20,19.4,14158100,"WILLAMETTE RIVER AT OWOSSO BRIDGE AT EUGENE, OR",44.09166667,-123.116111
2024-01-21,20.7,14158100,"WILLAMETTE RIVER AT OWOSSO BRIDGE AT EUGENE, OR",44.09166667,-123.116111
2024-01-22,18.6,14158100,"WILLAMETTE RIVER AT OWOSSO BRIDGE AT EUGENE, OR",44.09166667,-123.116111
2024-01-23,15.2,14158100,"WILLAMETTE RIVER AT OWOSSO BRIDGE AT EUGENE, OR",44.09166667,-123.116111
2024-01-24,15.5,14158100,"WILLAMETTE RIVER AT OWOSSO BRIDGE AT EUGENE, OR",44.09166667,-123.116111
2024-01-25,15.4,14158100,"WILLAMETTE RIVER AT OWOSSO BRIDGE AT EUGENE, OR",44.09166667,-123.116111
2024-01-26,13.8,14158100,"WILLAMETTE RIVER AT OWOSSO BRIDGE AT EUGENE, OR",44.09166667,-123.116111
2024-01-27,16.4,14158100,"WILLAMETTE RIVER AT OWOSSO BRIDGE AT EUGENE, OR",44.09166667,-123.116111
2024-01-28,13.8,14158100,"WILLAMETTE RIVER AT OWOSSO BRIDGE AT EUGENE, OR",44.09166667,-123.116111
2024-01-29,12.1,14158100,"WILLAMETTE RIVER AT OWOSSO BRIDGE AT EUGENE, OR",44.09166667,-123.116111
2024-01-30,11.7,14158100,"WILLAMETTE RIVER AT OWOSSO BRIDGE AT EUGENE, OR",44.09166667,-123.116111
2024-01-31,9.7,14158100,"WILLAMETTE RIVER AT OWOSSO BRIDGE AT EUGENE, OR",44.09166667,-123.116111
2024-02-01,9.6,14158100,"WILLAMETTE RIVER AT OWOSSO BRIDGE AT EUGENE, OR",44.09166667,-123.116111
2024-02-02,8.7,14158100,"WILLAMETTE RIVER AT OWOSSO BRIDGE AT EUGENE, OR",44.09166667,-123.116111
2024-02-03,8.2,14158100,"WILLAMETTE RIVER AT OWOSSO BRIDGE AT EUGENE, OR",44.09166667,-123.116111
2024-02-04,7.5,14158100,"WILLAMETTE RIVER AT OWOSSO BRIDGE AT EUGENE, OR",44.09166667,-123.116111
2024-02-05,7.2,14158100,"WILLAMETTE RIVER AT OWOSSO BRIDGE AT EUGENE, OR",44.09166667,-123.116111
2024-02-06,7.1,14158100,"WILLAMETTE RIVER AT OWOSSO BRIDGE AT EUGENE, OR",44.09166667,-123.116111
2024-02-07,7.0,14158100,"WILLAMETTE RIVER AT OWOSSO BRIDGE AT EUGENE, OR",44.09166667,-123.116111
2024-02-08,6.6,14158100,"WILLAMETTE RIVER AT OWOSSO BRIDGE AT EUGENE, OR",44.09166667,-123.116111
2024-02-09,6.5,14158100,"WILLAMETTE RIVER AT OWOSSO BRIDGE AT EUGENE, OR",44.09166667,-123.116111
2024-02-10,6.3,14158100,"WILLAMETTE RIVER AT OWOSSO BRIDGE AT EUGENE, OR",44.09166667,-123.116111
2024-02-11,5.9,14158100,"WILLAMETTE RIVER AT OWOSSO BRIDGE AT EUGENE, OR",44.09166667,-123.116111
2024-02-12,5.8,14158100,"WILLAMETTE RIVER AT OWOSSO BRIDGE AT EUGENE, OR",44.09166667,-123.116111
2024-02-13,5.7,14158100,"WILLAMETTE RIVER AT OWOSSO BRIDGE AT EUGENE, OR",44.09166667,-123.116111
2024-02-14,5.7,14158100,"WILLAMETTE RIVER AT OWOSSO BRIDGE AT EUGENE, OR",44.09166667,-123.116111
2024-02-15,8.6,14158100,"WILLAMETTE RIVER AT OWOSSO BRIDGE AT EUGENE, OR",44.09166667,-123.116111
2024-02-16,23.2,14158100,"WILLAMETTE RIVER AT OWOSSO BRIDGE AT EUGENE, OR",44.09166667,-123.116111
2024-02-17,17.6,14158100,"WILLAMETTE RIVER AT OWOSSO BRIDGE AT EUGENE, OR",44.09166667,-123.116111
2024-02-18,12.4,14158100,"WILLAMETTE RIVER AT OWOSSO BRIDGE AT EUGENE, OR",44.09166667,-123.116111
2024-02-19,10.7,14158100,"WILLAMETTE RIVER AT OWOSSO BRIDGE AT EUGENE, OR",44.09166667,-123.116111
2024-02-20,9.5,14158100,"WILLAMETTE RIVER AT OWOSSO BRIDGE AT EUGENE, OR",44.09166667,-123.116111
2024-02-21,8.2,14158100,"WILLAMETTE RIVER AT OWOSSO BRIDGE AT EUGENE, OR",44.09166667,-123.116111
2024-02-22,7.9,14158100,"WILLAMETTE RIVER AT OWOSSO BRIDGE AT EUGENE, OR",44.09166667,-123.116111
2024-02-23,7.3,14158100,"WILLAMETTE RIVER AT OWOSSO BRIDGE AT EUGENE, OR",44.09166667,-123.116111
2024-02-24,6.6,14158100,"WILLAMETTE RIVER AT OWOSSO BRIDGE AT EUGENE, OR",44.09166667,-123.116111
2024-02-25,5.9,14158100,"WILLAMETTE RIVER AT OWOSSO BRIDGE AT EUGENE, OR",44.09166667,-123.116111
2024-02-26,6.6,14158100,"WILLAMETTE RIVER AT OWOSSO BRIDGE AT EUGENE, OR",44.09166667,-123.116111
2024-02-27,7.5,14158100,"WILLAMETTE RIVER AT OWOSSO BRIDGE AT EUGENE, OR",44.09166667,-123.116111
2024-02-28,6.6,14158100,"WILLAMETTE RIVER AT OWOSSO BRIDGE AT EUGENE, OR",44.09166667,-123.116111
2024-02-29,22.6,14158100,"WILLAMETTE RIVER AT OWOSSO BRIDGE AT EUGENE, OR",44.09166667,-123.116111
2024-03-01,22.5,14158100,"WILLAMETTE RIVER AT OWOSSO BRIDGE AT EUGENE, OR",44.09166667,-123.116111
2024-03-02,17.7,14158100,"WILLAMETTE RIVER AT OWOSSO BRIDGE AT EUGENE, OR",44.09166667,-123.116111
2024-03-03,13.9,14158100,"WILLAMETTE RIVER AT OWOSSO BRIDGE AT EUGENE, OR",44.09166667,-123.116111
2024-03-04,10.8,14158100,"WILLAMETTE RIVER AT OWOSSO BRIDGE AT EUGENE, OR",44.09166667,-123.116111
2024-03-05,11.5,14158100,"WILLAMETTE RIVER AT OWOSSO BRIDGE AT EUGENE, OR",44.09166667,-123.116111
2024-03-06,10.2,14158100,"WILLAMETTE RIVER AT OWOSSO BRIDGE AT EUGENE, OR",44.09166667,-123.116111
2024-03-07,8.5,14158100,"WILLAMETTE RIVER AT OWOSSO BRIDGE AT EUGENE, OR",44.09166667,-123.116111
2024-03-08,7.2,14158100,"WILLAMETTE RIVER AT OWOSSO BRIDGE AT EUGENE, OR",44.09166667,-123.116111
2024-03-09,6.8,14158100,"WILLAMETTE RIVER AT OWOSSO BRIDGE AT EUGENE, OR",44.09166667,-123.116111
2024-03-10,7.3,14158100,"WILLAMETTE RIVER AT OWOSSO BRIDGE AT EUGENE, OR",44.09166667,-123.116111
2024-03-11,8.4,14158100,"WILLAMETTE RIVER AT OWOSSO BRIDGE AT EUGENE, OR",44.09166667,-123.116111
2024-03-12,9.4,14158100,"WILLAMETTE RIVER AT OWOSSO BRIDGE AT EUGENE, OR",44.09166667,-123.116111
2024-03-13,10.1,14158100,"WILLAMETTE RIVER AT OWOSSO BRIDGE AT EUGENE, OR",44.09166667,-123.116111
2024-03-14,7.4,14158100,"WILLAMETTE RIVER AT OWOSSO BRIDGE AT EUGENE, OR",44.09166667,-123.116111
2024-03-15,6.4,14158100,"WILLAMETTE RIVER AT OWOSSO BRIDGE AT EUGENE, OR",44.09166667,-123.116111
2024-03-16,6.2,14158100,"WILLAMETTE RIVER AT OWOSSO BRIDGE AT EUGENE, OR",44.09166667,-123.116111
2024-03-17,6.2,14158100,"WILLAMETTE RIVER AT OWOSSO BRIDGE AT EUGENE, OR",44.09166667,-123.116111
2024-03-18,5.8,14158100,"WILLAMETTE RIVER AT OWOSSO BRIDGE AT EUGENE, OR",44.09166667,-123.116111
2024-03-19,5.3,14158100,"WILLAMETTE RIVER AT OWOSSO BRIDGE AT EUGENE, OR",44.09166667,-123.116111
2024-03-20,5.1,14158100,"WILLAMETTE RIVER AT OWOSSO BRIDGE AT EUGENE, OR",44.09166667,-123.116111
2024-03-21,5.0,14158100,"WILLAMETTE RIVER AT OWOSSO BRIDGE AT EUGENE, OR",44.09166667,-123.116111
2024-03-22,4.8,14158100,"WILLAMETTE RIVER AT OWOSSO BRIDGE AT EUGENE, OR",44.09166667,-123.116111
2024-03-23,4.7,14158100,"WILLAMETTE RIVER AT OWOSSO BRIDGE AT EUGENE, OR",44.09166667,-123.116111
2024-03-24,4.7,14158100,"WILLAMETTE RIVER AT OWOSSO BRIDGE AT EUGENE, OR",44.09166667,-123.116111
2024-03-25,4.9,14158100,"WILLAMETTE RIVER AT OWOSSO BRIDGE AT EUGENE, OR",44.09166667,-123.116111
2024-03-26,4.6,14158100,"WILLAMETTE RIVER AT OWOSSO BRIDGE AT EUGENE, OR",44.09166667,-123.116111
2024-03-27,5.8,14158100,"WILLAMETTE RIVER AT OWOSSO BRIDGE AT EUGENE, OR",44.09166667,-123.116111
2024-03-28,9.6,14158100,"WILLAMETTE RIVER AT OWOSSO BRIDGE AT EUGENE, OR",44.09166667,-123.116111
2024-03-29,8.1,14158100,"WILLAMETTE RIVER AT OWOSSO BRIDGE AT EUGENE, OR",44.09166667,-123.116111
2024-03-30,6.8,14158100,"WILLAMETTE RIVER AT OWOSSO BRIDGE AT EUGENE, OR",44.09166667,-123.116111
2024-03-31,5.5,14158100,"WILLAMETTE RIVER AT OWOSSO BRIDGE AT EUGENE, OR",44.09166667,-123.116111
2024-04-01,4.9,14158100,"WILLAMETTE RIVER AT OWOSSO BRIDGE AT EUGENE, OR",44.09166667,-123.116111
2024-04-02,5.0,14158100,"WILLAMETTE RIVER AT OWOSSO BRIDGE AT EUGENE, OR",44.09166667,-123.116111
2024-04-03,4.4,14158100,"WILLAMETTE RIVER AT OWOSSO BRIDGE AT EUGENE, OR",44.09166667,-123.116111
2024-04-04,5.2,14158100,"WILLAMETTE RIVER AT OWOSSO BRIDGE AT EUGENE, OR",44.09166667,-123.116111
2024-04-05,5.4,14158100,"WILLAMETTE RIVER AT OWOSSO BRIDGE AT EUGENE, OR",44.09166667,-123.116111
2024-04-06,4.8,14158100,"WILLAMETTE RIVER AT OWOSSO BRIDGE AT EUGENE, OR",44.09166667,-123.116111
2024-04-07,4.7,14158100,"WILLAMETTE RIVER AT OWOSSO BRIDGE AT EUGENE, OR",44.09166667,-123.116111
2024-04-08,5.1,14158100,"WILLAMETTE RIVER AT OWOSSO BRIDGE AT EUGENE, OR",44.09166667,-123.116111
2024-04-09,4.5,14158100,"WILLAMETTE RIVER AT OWOSSO BRIDGE AT EUGENE, OR",44.09166667,-123.116111
2024-04-10,4.3,14158100,"WILLAMETTE RIVER AT OWOSSO BRIDGE AT EUGENE, OR",44.09166667,-123.116111
2024-04-11,4.4,14158100,"WILLAMETTE RIVER AT OWOSSO BRIDGE AT EUGENE, OR",44.09166667,-123.116111
2024-04-12,4.2,14158100,"WILLAMETTE RIVER AT OWOSSO BRIDGE AT EUGENE, OR",44.09166667,-123.116111
2024-04-13,4.7,14158100,"WILLAMETTE RIVER AT OWOSSO BRIDGE AT EUGENE, OR",44.09166667,-123.116111
2024-04-14,5.0,14158100,"WILLAMETTE RIVER AT OWOSSO BRIDGE AT EUGENE, OR",44.09166667,-123.116111
2024-04-15,5.2,14158100,"WILLAMETTE RIVER AT OWOSSO BRIDGE AT EUGENE, OR",44.09166667,-123.116111
2024-04-16,4.5,14158100,"WILLAMETTE RIVER AT OWOSSO BRIDGE AT EUGENE, OR",44.09166667,-123.116111
2024-04-17,4.0,14158100,"WILLAMETTE RIVER AT OWOSSO BRIDGE AT EUGENE, OR",44.09166667,-123.116111
2024-04-18,4.2,14158100,"WILLAMETTE RIVER AT OWOSSO BRIDGE AT EUGENE, OR",44.09166667,-123.116111
2024-04-19,3.0,14158100,"WILLAMETTE RIVER AT OWOSSO BRIDGE AT EUGENE, OR",44.09166667,-123.116111
2024-04-20,2.9,14158100,"WILLAMETTE RIVER AT OWOSSO BRIDGE AT EUGENE, OR",44.09166667,-123.116111
2024-04-21,2.7,14158100,"WILLAMETTE RIVER AT OWOSSO BRIDGE AT EUGENE, OR",44.09166667,-123.116111
2024-04-22,2.8,14158100,"WILLAMETTE RIVER AT OWOSSO BRIDGE AT EUGENE, OR",44.09166667,-123.116111
2024-04-23,2.5,14158100,"WILLAMETTE RIVER AT OWOSSO BRIDGE AT EUGENE, OR",44.09166667,-123.116111
2024-04-24,3.3,14158100,"WILLAMETTE RIVER AT OWOSSO BRIDGE AT EUGENE, OR",44.09166667,-123.116111
2024-04-25,2.9,14158100,"WILLAMETTE RIVER AT OWOSSO BRIDGE AT EUGENE, OR",44.09166667,-123.116111
2024-04-26,3.5,14158100,"WILLAMETTE RIVER AT OWOSSO BRIDGE AT EUGENE, OR",44.09166667,-123.116111
2024-04-27,4.6,14158100,"WILLAMETTE RIVER AT OWOSSO BRIDGE AT EUGENE, OR",44.09166667,-123.116111
2024-04-28,4.1,14158100,"WILLAMETTE RIVER AT OWOSSO BRIDGE AT EUGENE, OR",44.09166667,-123.116111
2024-04-29,4.1,14158100,"WILLAMETTE RIVER AT OWOSSO BRIDGE AT EUGENE, OR",44.09166667,-123.116111
2024-04-30,5.6,14158100,"WILLAMETTE RIVER AT OWOSSO BRIDGE AT EUGENE, OR",44.09166667,-123.116111
2024-05-01,4.9,14158100,"WILLAMETTE RIVER AT OWOSSO BRIDGE AT EUGENE, OR",44.09166667,-123.116111
2024-05-02,4.5,14158100,"WILLAMETTE RIVER AT OWOSSO BRIDGE AT EUGENE, OR",44.09166667,-123.116111
2024-05-03,5.6,14158100,"WILLAMETTE RIVER AT OWOSSO BRIDGE AT EUGENE, OR",44.09166667,-123.116111
2024-05-04,29.6,14158100,"WILLAMETTE RIVER AT OWOSSO BRIDGE AT EUGENE, OR",44.09166667,-123.116111
2024-05-05,32.1,14158100,"WILLAMETTE RIVER AT OWOSSO BRIDGE AT EUGENE, OR",44.09166667,-123.116111
2024-05-06,21.2,14158100,"WILLAMETTE RIVER AT OWOSSO BRIDGE AT EUGENE, OR",44.09166667,-123.116111
2024-05-07,16.4,14158100,"WILLAMETTE RIVER AT OWOSSO BRIDGE AT EUGENE, OR",44.09166667,-123.116111
2024-05-08,12.6,14158100,"WILLAMETTE RIVER AT OWOSSO BRIDGE AT EUGENE, OR",44.09166667,-123.116111
2024-05-09,9.5,14158100,"WILLAMETTE RIVER AT OWOSSO BRIDGE AT EUGENE, OR",44.09166667,-123.116111
2024-05-10,7.6,14158100,"WILLAMETTE RIVER AT OWOSSO BRIDGE AT EUGENE, OR",44.09166667,-123.116111
2024-05-11,6.3,14158100,"WILLAMETTE RIVER AT OWOSSO BRIDGE AT EUGENE, OR",44.09166667,-123.116111
2024-05-12,5.8,14158100,"WILLAMETTE RIVER AT OWOSSO BRIDGE AT EUGENE, OR",44.09166667,-123.116111
2024-05-13,4.7,14158100,"WILLAMETTE RIVER AT OWOSSO BRIDGE AT EUGENE, OR",44.09166667,-123.116111
2024-05-14,4.5,14158100,"WILLAMETTE RIVER AT OWOSSO BRIDGE AT EUGENE, OR",44.09166667,-123.116111
2024-05-15,3.9,14158100,"WILLAMETTE RIVER AT OWOSSO BRIDGE AT EUGENE, OR",44.09166667,-123.116111
2024-05-16,3.8,14158100,"WILLAMETTE RIVER AT OWOSSO BRIDGE AT EUGENE, OR",44.09166667,-123.116111
2024-05-17,3.5,14158100,"WILLAMETTE RIVER AT OWOSSO BRIDGE AT EUGENE, OR",44.09166667,-123.116111
2024-05-18,3.3,14158100,"WILLAMETTE RIVER AT OWOSSO BRIDGE AT EUGENE, OR",44.09166667,-123.116111
2024-05-19,3.2,14158100,"WILLAMETTE RIVER AT OWOSSO BRIDGE AT EUGENE, OR",44.09166667,-123.116111
2024-05-20,3.1,14158100,"WILLAMETTE RIVER AT OWOSSO BRIDGE AT EUGENE, OR",44.09166667,-123.116111
2024-05-21,3.1,14158100,"WILLAMETTE RIVER AT OWOSSO BRIDGE AT EUGENE, OR",44.09166667,-123.116111
2024-05-22,3.2,14158100,"WILLAMETTE RIVER AT OWOSSO BRIDGE AT EUGENE, OR",44.09166667,-123.116111
2024-05-23,3.1,14158100,"WILLAMETTE RIVER AT OWOSSO BRIDGE AT EUGENE, OR",44.09166667,-123.116111
2024-05-24,3.0,14158100,"WILLAMETTE RIVER AT OWOSSO BRIDGE AT EUGENE, OR",44.09166667,-123.116111
2024-05-25,3.0,14158100,"WILLAMETTE RIVER AT OWOSSO BRIDGE AT EUGENE, OR",44.09166667,-123.116111
2024-05-26,2.9,14158100,"WILLAMETTE RIVER AT OWOSSO BRIDGE AT EUGENE, OR",44.09166667,-123.116111
2024-05-27,3.0,14158100,"WILLAMETTE RIVER AT OWOSSO BRIDGE AT EUGENE, OR",44.09166667,-123.116111
2024-05-28,3.0,14158100,"WILLAMETTE RIVER AT OWOSSO BRIDGE AT EUGENE, OR",44.09166667,-123.116111
2024-06-05,3.4,14158100,"WILLAMETTE RIVER AT OWOSSO BRIDGE AT EUGENE, OR",44.09166667,-123.116111
2024-06-06,2.9,14158100,"WILLAMETTE RIVER AT OWOSSO BRIDGE AT EUGENE, OR",44.09166667,-123.116111
2024-06-07,3.0,14158100,"WILLAMETTE RIVER AT OWOSSO BRIDGE AT EUGENE, OR",44.09166667,-123.116111
2024-06-08,2.8,14158100,"WILLAMETTE RIVER AT OWOSSO BRIDGE AT EUGENE, OR",44.09166667,-123.116111
2024-06-09,2.6,14158100,"WILLAMETTE RIVER AT OWOSSO BRIDGE AT EUGENE, OR",44.09166667,-123.116111
2024-06-10,2.5,14158100,"WILLAMETTE RIVER AT OWOSSO BRIDGE AT EUGENE, OR",44.09166667,-123.116111
2024-06-11,3.1,14158100,"WILLAMETTE RIVER AT OWOSSO BRIDGE AT EUGENE, OR",44.09166667,-123.116111
2024-06-12,2.4,14158100,"WILLAMETTE RIVER AT OWOSSO BRIDGE AT EUGENE, OR",44.09166667,-123.116111
2024-06-13,2.4,14158100,"WILLAMETTE RIVER AT OWOSSO BRIDGE AT EUGENE, OR",44.09166667,-123.116111
2024-06-14,2.6,14158100,"WILLAMETTE RIVER AT OWOSSO BRIDGE AT EUGENE, OR",44.09166667,-123.116111
2024-06-15,2.4,14158100,"WILLAMETTE RIVER AT OWOSSO BRIDGE AT EUGENE, OR",44.09166667,-123.116111
2024-06-16,2.6,14158100,"WILLAMETTE RIVER AT OWOSSO BRIDGE AT EUGENE, OR",44.09166667,-123.116111
2024-06-17,2.3,14158100,"WILLAMETTE RIVER AT OWOSSO BRIDGE AT EUGENE, OR",44.09166667,-123.116111
2024-06-18,2.9,14158100,"WILLAMETTE RIVER AT OWOSSO BRIDGE AT EUGENE, OR",44.09166667,-123.116111
2024-06-19,2.1,14158100,"WILLAMETTE RIVER AT OWOSSO BRIDGE AT EUGENE, OR",44.09166667,-123.116111
2024-06-20,2.8,14158100,"WILLAMETTE RIVER AT OWOSSO BRIDGE AT EUGENE, OR",44.09166667,-123.116111
2024-06-21,2.3,14158100,"WILLAMETTE RIVER AT OWOSSO BRIDGE AT EUGENE, OR",44.09166667,-123.116111
2024-06-22,2.9,14158100,"WILLAMETTE RIVER AT OWOSSO BRIDGE AT EUGENE, OR",44.09166667,-123.116111
2024-06-23,2.3,14158100,"WILLAMETTE RIVER AT OWOSSO BRIDGE AT EUGENE, OR",44.09166667,-123.116111
2024-06-24,2.8,14158100,"WILLAMETTE RIVER AT OWOSSO BRIDGE AT EUGENE, OR",44.09166667,-123.116111
2024-06-25,2.2,14158100,"WILLAMETTE RIVER AT OWOSSO BRIDGE AT EUGENE, OR",44.09166667,-123.116111
2024-06-26,2.2,14158100,"WILLAMETTE RIVER AT OWOSSO BRIDGE AT EUGENE, OR",44.09166667,-123.116111
2024-06-27,2.7,14158100,"WILLAMETTE RIVER AT OWOSSO BRIDGE AT EUGENE, OR",44.09166667,-123.116111
2024-06-28,2.3,14158100,"WILLAMETTE RIVER AT OWOSSO BRIDGE AT EUGENE, OR",44.09166667,-123.116111
2024-06-29,2.8,14158100,"WILLAMETTE RIVER AT OWOSSO BRIDGE AT EUGENE, OR",44.09166667,-123.116111
2024-06-30,3.2,14158100,"WILLAMETTE RIVER AT OWOSSO BRIDGE AT EUGENE, OR",44.09166667,-123.116111
2024-07-01,3.2,14158100,"WILLAMETTE RIVER AT OWOSSO BRIDGE AT EUGENE, OR",44.09166667,-123.116111
2024-07-02,2.7,14158100,"WILLAMETTE RIVER AT OWOSSO BRIDGE AT EUGENE, OR",44.09166667,-123.116111
2024-07-03,2.4,14158100,"WILLAMETTE RIVER AT OWOSSO BRIDGE AT EUGENE, OR",44.09166667,-123.116111
2024-07-04,3.0,14158100,"WILLAMETTE RIVER AT OWOSSO BRIDGE AT EUGENE, OR",44.09166667,-123.116111
2024-07-05,2.6,14158100,"WILLAMETTE RIVER AT OWOSSO BRIDGE AT EUGENE, OR",44.09166667,-123.116111
2024-07-06,2.6,14158100,"WILLAMETTE RIVER AT OWOSSO BRIDGE AT EUGENE, OR",44.09166667,-123.116111
2024-07-07,3.4,14158100,"WILLAMETTE RIVER AT OWOSSO BRIDGE AT EUGENE, OR",44.09166667,-123.116111
2024-07-08,3.3,14158100,"WILLAMETTE RIVER AT OWOSSO BRIDGE AT EUGENE, OR",44.09166667,-123.116111
2024-07-09,3.0,14158100,"WILLAMETTE RIVER AT OWOSSO BRIDGE AT EUGENE, OR",44.09166667,-123.116111
2024-07-10,2.1,14158100,"WILLAMETTE RIVER AT OWOSSO BRIDGE AT EUGENE, OR",44.09166667,-123.116111
2024-07-11,1.8,14158100,"WILLAMETTE RIVER AT OWOSSO BRIDGE AT EUGENE, OR",44.09166667,-123.116111
2024-07-12,2.7,14158100,"WILLAMETTE RIVER AT OWOSSO BRIDGE AT EUGENE, OR",44.09166667,-123.116111
2024-07-13,1.7,14158100,"WILLAMETTE RIVER AT OWOSSO BRIDGE AT EUGENE, OR",44.09166667,-123.116111
2024-07-14,2.1,14158100,"WILLAMETTE RIVER AT OWOSSO BRIDGE AT EUGENE, OR",44.09166667,-123.116111
2024-07-15,2.3,14158100,"WILLAMETTE RIVER AT OWOSSO BRIDGE AT EUGENE, OR",44.09166667,-123.116111
2024-07-16,1.9,14158100,"WILLAMETTE RIVER AT OWOSSO BRIDGE AT EUGENE, OR",44.09166667,-123.116111
2024-07-17,1.6,14158100,"WILLAMETTE RIVER AT OWOSSO BRIDGE AT EUGENE, OR",44.09166667,-123.116111
2024-07-18,2.5,14158100,"WILLAMETTE RIVER AT OWOSSO BRIDGE AT EUGENE, OR",44.09166667,-123.116111
2024-07-19,1.8,14158100,"WILLAMETTE RIVER AT OWOSSO BRIDGE AT EUGENE, OR",44.09166667,-123.116111
2024-07-20,2.0,14158100,"WILLAMETTE RIVER AT OWOSSO BRIDGE AT EUGENE, OR",44.09166667,-123.116111
2024-07-21,2.5,14158100,"WILLAMETTE RIVER AT OWOSSO BRIDGE AT EUGENE, OR",44.09166667,-123.116111
2024-07-22,1.9,14158100,"WILLAMETTE RIVER AT OWOSSO BRIDGE AT EUGENE, OR",44.09166667,-123.116111
2024-07-23,1.7,14158100,"WILLAMETTE RIVER AT OWOSSO BRIDGE AT EUGENE, OR",44.09166667,-123.116111
2024-07-24,1.8,14158100,"WILLAMETTE RIVER AT OWOSSO BRIDGE AT EUGENE, OR",44.09166667,-123.116111
2024-07-25,2.5,14158100,"WILLAMETTE RIVER AT OWOSSO BRIDGE AT EUGENE, OR",44.09166667,-123.116111
2024-07-26,2.2,14158100,"WILLAMETTE RIVER AT OWOSSO BRIDGE AT EUGENE, OR",44.09166667,-123.116111
2024-07-27,2.6,14158100,"WILLAMETTE RIVER AT OWOSSO BRIDGE AT EUGENE, OR",44.09166667,-123.116111
2024-07-28,2.8,14158100,"WILLAMETTE RIVER AT OWOSSO BRIDGE AT EUGENE, OR",44.09166667,-123.116111
2024-07-29,2.2,14158100,"WILLAMETTE RIVER AT OWOSSO BRIDGE AT EUGENE, OR",44.09166667,-123.116111
2024-07-30,2.7,14158100,"WILLAMETTE RIVER AT OWOSSO BRIDGE AT EUGENE, OR",44.09166667,-123.116111
2024-07-31,2.8,14158100,"WILLAMETTE RIVER AT OWOSSO BRIDGE AT EUGENE, OR",44.09166667,-123.116111
2024-08-15,2.4,14158100,"WILLAMETTE RIVER AT OWOSSO BRIDGE AT EUGENE, OR",44.09166667,-123.116111
2024-08-16,2.3,14158100,"WILLAMETTE RIVER AT OWOSSO BRIDGE AT EUGENE, OR",44.09166667,-123.116111
2024-08-17,3.5,14158100,"WILLAMETTE RIVER AT OWOSSO BRIDGE AT EUGENE, OR",44.09166667,-123.116111
2024-08-18,2.0,14158100,"WILLAMETTE RIVER AT OWOSSO BRIDGE AT EUGENE, OR",44.09166667,-123.116111
2024-08-19,1.7,14158100,"WILLAMETTE RIVER AT OWOSSO BRIDGE AT EUGENE, OR",44.09166667,-123.116111
2024-08-20,1.8,14158100,"WILLAMETTE RIVER AT OWOSSO BRIDGE AT EUGENE, OR",44.09166667,-123.116111
2024-08-21,2.1,14158100,"WILLAMETTE RIVER AT OWOSSO BRIDGE AT EUGENE, OR",44.09166667,-123.116111
2024-08-22,1.9,14158100,"WILLAMETTE RIVER AT OWOSSO BRIDGE AT EUGENE, OR",44.09166667,-123.116111
2024-08-23,2.4,14158100,"WILLAMETTE RIVER AT OWOSSO BRIDGE AT EUGENE, OR",44.09166667,-123.116111
2024-08-24,1.0,14158100,"WILLAMETTE RIVER AT OWOSSO BRIDGE AT EUGENE, OR",44.09166667,-123.116111
2024-08-25,0.8,14158100,"WILLAMETTE RIVER AT OWOSSO BRIDGE AT EUGENE, OR",44.09166667,-123.116111
2024-08-26,0.9,14158100,"WILLAMETTE RIVER AT OWOSSO BRIDGE AT EUGENE, OR",44.09166667,-123.116111
2024-08-27,0.8,14158100,"WILLAMETTE RIVER AT OWOSSO BRIDGE AT EUGENE, OR",44.09166667,-123.116111
2024-08-28,2.0,14158100,"WILLAMETTE RIVER AT OWOSSO BRIDGE AT EUGENE, OR",44.09166667,-123.116111
2024-08-29,2.4,14158100,"WILLAMETTE RIVER AT OWOSSO BRIDGE AT EUGENE, OR",44.09166667,-123.116111
2024-08-30,2.6,14158100,"WILLAMETTE RIVER AT OWOSSO BRIDGE AT EUGENE, OR",44.09166667,-123.116111
2024-08-31,2.5,14158100,"WILLAMETTE RIVER AT OWOSSO BRIDGE AT EUGENE, OR",44.09166667,-123.116111
2024-09-01,3.1,14158100,"WILLAMETTE RIVER AT OWOSSO BRIDGE AT EUGENE, OR",44.09166667,-123.116111
2024-09-02,3.2,14158100,"WILLAMETTE RIVER AT OWOSSO BRIDGE AT EUGENE, OR",44.09166667,-123.116111
2024-09-03,3.0,14158100,"WILLAMETTE RIVER AT OWOSSO BRIDGE AT EUGENE, OR",44.09166667,-123.116111
2024-09-04,2.9,14158100,"WILLAMETTE RIVER AT OWOSSO BRIDGE AT EUGENE, OR",44.09166667,-123.116111
2024-09-05,3.2,14158100,"WILLAMETTE RIVER AT OWOSSO BRIDGE AT EUGENE, OR",44.09166667,-123.116111
2024-09-06,3.4,14158100,"WILLAMETTE RIVER AT OWOSSO BRIDGE AT EUGENE, OR",44.09166667,-123.116111
2024-09-07,3.0,14158100,"WILLAMETTE RIVER AT OWOSSO BRIDGE AT EUGENE, OR",44.09166667,-123.116111
2024-09-08,3.4,14158100,"WILLAMETTE RIVER AT OWOSSO BRIDGE AT EUGENE, OR",44.09166667,-123.116111
2024-09-09,3.3,14158100,"WILLAMETTE RIVER AT OWOSSO BRIDGE AT EUGENE, OR",44.09166667,-123.116111
2024-09-10,2.7,14158100,"WILLAMETTE RIVER AT OWOSSO BRIDGE AT EUGENE, OR",44.09166667,-123.116111
2024-09-11,3.3,14158100,"WILLAMETTE RIVER AT OWOSSO BRIDGE AT EUGENE, OR",44.09166667,-123.116111
2024-09-12,3.3,14158100,"WILLAMETTE RIVER AT OWOSSO BRIDGE AT EUGENE, OR",44.09166667,-123.116111
2024-09-13,2.8,14158100,"WILLAMETTE RIVER AT OWOSSO BRIDGE AT EUGENE, OR",44.09166667,-123.116111
2024-09-14,3.4,14158100,"WILLAMETTE RIVER AT OWOSSO BRIDGE AT EUGENE, OR",44.09166667,-123.116111
2024-09-15,3.6,14158100,"WILLAMETTE RIVER AT OWOSSO BRIDGE AT EUGENE, OR",44.09166667,-123.116111
2024-09-16,3.4,14158100,"WILLAMETTE RIVER AT OWOSSO BRIDGE AT EUGENE, OR",44.09166667,-123.116111
2024-09-17,3.8,14158100,"WILLAMETTE RIVER AT OWOSSO BRIDGE AT EUGENE, OR",44.09166667,-123.116111
2024-09-18,4.0,14158100,"WILLAMETTE RIVER AT OWOSSO BRIDGE AT EUGENE, OR",44.09166667,-123.116111
2024-09-19,3.6,14158100,"WILLAMETTE RIVER AT OWOSSO BRIDGE AT EUGENE, OR",44.09166667,-123.116111
2024-09-20,3.7,14158100,"WILLAMETTE RIVER AT OWOSSO BRIDGE AT EUGENE, OR",44.09166667,-123.116111
2024-09-21,4.0,14158100,"WILLAMETTE RIVER AT OWOSSO BRIDGE AT EUGENE, OR",44.09166667,-123.116111
2024-09-22,4.4,14158100,"WILLAMETTE RIVER AT OWOSSO BRIDGE AT EUGENE, OR",44.09166667,-123.116111
2024-09-23,4.5,14158100,"WILLAMETTE RIVER AT OWOSSO BRIDGE AT EUGENE, OR",44.09166667,-123.116111
2024-09-24,4.4,14158100,"WILLAMETTE RIVER AT OWOSSO BRIDGE AT EUGENE, OR",44.09166667,-123.116111
2024-09-25,4.4,14158100,"WILLAMETTE RIVER AT OWOSSO BRIDGE AT EUGENE, OR",44.09166667,-123.116111
2024-09-26,4.7,14158100,"WILLAMETTE RIVER AT OWOSSO BRIDGE AT EUGENE, OR",44.09166667,-123.116111
2024-09-27,3.8,14158100,"WILLAMETTE RIVER AT OWOSSO BRIDGE AT EUGENE, OR",44.09166667,-123.116111
2024-09-28,2.4,14158100,"WILLAMETTE RIVER AT OWOSSO BRIDGE AT EUGENE, OR",44.09166667,-123.116111
2024-09-29,3.6,14158100,"WILLAMETTE RIVER AT OWOSSO BRIDGE AT EUGENE, OR",44.09166667,-123.116111
2024-09-30,3.4,14158100,"WILLAMETTE RIVER AT OWOSSO BRIDGE AT EUGENE, OR",44.09166667,-123.116111
2024-01-01,0.9,14159500,"SOUTH FORK MCKENZIE RIVER NEAR RAINBOW, OR",44.13595817,-122.248391
2024-01-02,1.2,14159500,"SOUTH FORK MCKENZIE RIVER NEAR RAINBOW, OR",44.13595817,-122.248391
2024-01-03,1.0,14159500,"SOUTH FORK MCKENZIE RIVER NEAR RAINBOW, OR",44.13595817,-122.248391
2024-01-04,0.9,14159500,"SOUTH FORK MCKENZIE RIVER NEAR RAINBOW, OR",44.13595817,-122.248391
2024-01-05,0.9,14159500,"SOUTH FORK MCKENZIE RIVER NEAR RAINBOW, OR",44.13595817,-122.248391
2024-01-06,0.9,14159500,"SOUTH FORK MCKENZIE RIVER NEAR RAINBOW, OR",44.13595817,-122.248391
2024-01-07,1.5,14159500,"SOUTH FORK MCKENZIE RIVER NEAR RAINBOW, OR",44.13595817,-122.248391
2024-01-08,1.0,14159500,"SOUTH FORK MCKENZIE RIVER NEAR RAINBOW, OR",44.13595817,-122.248391
2024-01-09,2.0,14159500,"SOUTH FORK MCKENZIE RIVER NEAR RAINBOW, OR",44.13595817,-122.248391
2024-01-10,1.2,14159500,"SOUTH FORK MCKENZIE RIVER NEAR RAINBOW, OR",44.13595817,-122.248391
2024-01-11,1.0,14159500,"SOUTH FORK MCKENZIE RIVER NEAR RAINBOW, OR",44.13595817,-122.248391
2024-01-12,1.0,14159500,"SOUTH FORK MCKENZIE RIVER NEAR RAINBOW, OR",44.13595817,-122.248391
2024-01-13,1.2,14159500,"SOUTH FORK MCKENZIE RIVER NEAR RAINBOW, OR",44.13595817,-122.248391
2024-01-14,1.6,14159500,"SOUTH FORK MCKENZIE RIVER NEAR RAINBOW, OR",44.13595817,-122.248391
2024-01-15,1.3,14159500,"SOUTH FORK MCKENZIE RIVER NEAR RAINBOW, OR",44.13595817,-122.248391
2024-01-16,1.4,14159500,"SOUTH FORK MCKENZIE RIVER NEAR RAINBOW, OR",44.13595817,-122.248391
2024-01-17,5.8,14159500,"SOUTH FORK MCKENZIE RIVER NEAR RAINBOW, OR",44.13595817,-122.248391
2024-01-18,6.2,14159500,"SOUTH FORK MCKENZIE RIVER NEAR RAINBOW, OR",44.13595817,-122.248391
2024-01-20,3.2,14159500,"SOUTH FORK MCKENZIE RIVER NEAR RAINBOW, OR",44.13595817,-122.248391
2024-01-21,2.1,14159500,"SOUTH FORK MCKENZIE RIVER NEAR RAINBOW, OR",44.13595817,-122.248391
2024-01-22,1.9,14159500,"SOUTH FORK MCKENZIE RIVER NEAR RAINBOW, OR",44.13595817,-122.248391
2024-01-23,2.0,14159500,"SOUTH FORK MCKENZIE RIVER NEAR RAINBOW, OR",44.13595817,-122.248391
2024-01-24,1.7,14159500,"SOUTH FORK MCKENZIE RIVER NEAR RAINBOW, OR",44.13595817,-122.248391
2024-01-25,1.6,14159500,"SOUTH FORK MCKENZIE RIVER NEAR RAINBOW, OR",44.13595817,-122.248391
2024-01-26,1.6,14159500,"SOUTH FORK MCKENZIE RIVER NEAR RAINBOW, OR",44.13595817,-122.248391
2024-01-27,1.7,14159500,"SOUTH FORK MCKENZIE RIVER NEAR RAINBOW, OR",44.13595817,-122.248391
2024-01-28,2.6,14159500,"SOUTH FORK MCKENZIE RIVER NEAR RAINBOW, OR",44.13595817,-122.248391
2024-01-29,1.5,14159500,"SOUTH FORK MCKENZIE RIVER NEAR RAINBOW, OR",44.13595817,-122.248391
2024-01-30,1.7,14159500,"SOUTH FORK MCKENZIE RIVER NEAR RAINBOW, OR",44.13595817,-122.248391
2024-01-31,1.7,14159500,"SOUTH FORK MCKENZIE RIVER NEAR RAINBOW, OR",44.13595817,-122.248391
2024-02-01,1.7,14159500,"SOUTH FORK MCKENZIE RIVER NEAR RAINBOW, OR",44.13595817,-122.248391
2024-02-02,1.5,14159500,"SOUTH FORK MCKENZIE RIVER NEAR RAINBOW, OR",44.13595817,-122.248391
2024-02-03,1.5,14159500,"SOUTH FORK MCKENZIE RIVER NEAR RAINBOW, OR",44.13595817,-122.248391
2024-02-04,1.4,14159500,"SOUTH FORK MCKENZIE RIVER NEAR RAINBOW, OR",44.13595817,-122.248391
2024-02-05,1.4,14159500,"SOUTH FORK MCKENZIE RIVER NEAR RAINBOW, OR",44.13595817,-122.248391
2024-02-06,1.4,14159500,"SOUTH FORK MCKENZIE RIVER NEAR RAINBOW, OR",44.13595817,-122.248391
2024-02-07,1.4,14159500,"SOUTH FORK MCKENZIE RIVER NEAR RAINBOW, OR",44.13595817,-122.248391
2024-02-08,1.4,14159500,"SOUTH FORK MCKENZIE RIVER NEAR RAINBOW, OR",44.13595817,-122.248391
2024-02-09,1.3,14159500,"SOUTH FORK MCKENZIE RIVER NEAR RAINBOW, OR",44.13595817,-122.248391
2024-02-10,1.3,14159500,"SOUTH FORK MCKENZIE RIVER NEAR RAINBOW, OR",44.13595817,-122.248391
2024-02-11,1.3,14159500,"SOUTH FORK MCKENZIE RIVER NEAR RAINBOW, OR",44.13595817,-122.248391
2024-02-12,1.2,14159500,"SOUTH FORK MCKENZIE RIVER NEAR RAINBOW, OR",44.13595817,-122.248391
2024-02-13,1.2,14159500,"SOUTH FORK MCKENZIE RIVER NEAR RAINBOW, OR",44.13595817,-122.248391
2024-02-14,1.2,14159500,"SOUTH FORK MCKENZIE RIVER NEAR RAINBOW, OR",44.13595817,-122.248391
2024-02-15,1.2,14159500,"SOUTH FORK MCKENZIE RIVER NEAR RAINBOW, OR",44.13595817,-122.248391
2024-02-16,1.3,14159500,"SOUTH FORK MCKENZIE RIVER NEAR RAINBOW, OR",44.13595817,-122.248391
2024-02-17,1.2,14159500,"SOUTH FORK MCKENZIE RIVER NEAR RAINBOW, OR",44.13595817,-122.248391
2024-02-18,1.1,14159500,"SOUTH FORK MCKENZIE RIVER NEAR RAINBOW, OR",44.13595817,-122.248391
2024-02-19,1.2,14159500,"SOUTH FORK MCKENZIE RIVER NEAR RAINBOW, OR",44.13595817,-122.248391
2024-02-20,1.2,14159500,"SOUTH FORK MCKENZIE RIVER NEAR RAINBOW, OR",44.13595817,-122.248391
2024-02-21,1.2,14159500,"SOUTH FORK MCKENZIE RIVER NEAR RAINBOW, OR",44.13595817,-122.248391
2024-02-22,1.2,14159500,"SOUTH FORK MCKENZIE RIVER NEAR RAINBOW, OR",44.13595817,-122.248391
2024-02-23,1.2,14159500,"SOUTH FORK MCKENZIE RIVER NEAR RAINBOW, OR",44.13595817,-122.248391
2024-02-24,1.2,14159500,"SOUTH FORK MCKENZIE RIVER NEAR RAINBOW, OR",44.13595817,-122.248391
2024-02-25,1.1,14159500,"SOUTH FORK MCKENZIE RIVER NEAR RAINBOW, OR",44.13595817,-122.248391
2024-02-26,1.2,14159500,"SOUTH FORK MCKENZIE RIVER NEAR RAINBOW, OR",44.13595817,-122.248391
2024-02-27,1.3,14159500,"SOUTH FORK MCKENZIE RIVER NEAR RAINBOW, OR",44.13595817,-122.248391
2024-02-28,1.4,14159500,"SOUTH FORK MCKENZIE RIVER NEAR RAINBOW, OR",44.13595817,-122.248391
2024-02-29,1.7,14159500,"SOUTH FORK MCKENZIE RIVER NEAR RAINBOW, OR",44.13595817,-122.248391
2024-03-01,1.6,14159500,"SOUTH FORK MCKENZIE RIVER NEAR RAINBOW, OR",44.13595817,-122.248391
2024-03-02,1.5,14159500,"SOUTH FORK MCKENZIE RIVER NEAR RAINBOW, OR",44.13595817,-122.248391
2024-03-03,1.4,14159500,"SOUTH FORK MCKENZIE RIVER NEAR RAINBOW, OR",44.13595817,-122.248391
2024-03-04,1.5,14159500,"SOUTH FORK MCKENZIE RIVER NEAR RAINBOW, OR",44.13595817,-122.248391
2024-03-05,1.6,14159500,"SOUTH FORK MCKENZIE RIVER NEAR RAINBOW, OR",44.13595817,-122.248391
2024-03-06,1.6,14159500,"SOUTH FORK MCKENZIE RIVER NEAR RAINBOW, OR",44.13595817,-122.248391
2024-03-07,4.3,14159500,"SOUTH FORK MCKENZIE RIVER NEAR RAINBOW, OR",44.13595817,-122.248391
2024-03-08,1.7,14159500,"SOUTH FORK MCKENZIE RIVER NEAR RAINBOW, OR",44.13595817,-122.248391
2024-03-09,1.5,14159500,"SOUTH FORK MCKENZIE RIVER NEAR RAINBOW, OR",44.13595817,-122.248391
2024-03-10,1.4,14159500,"SOUTH FORK MCKENZIE RIVER NEAR RAINBOW, OR",44.13595817,-122.248391
2024-03-11,1.4,14159500,"SOUTH FORK MCKENZIE RIVER NEAR RAINBOW, OR",44.13595817,-122.248391
2024-03-12,1.4,14159500,"SOUTH FORK MCKENZIE RIVER NEAR RAINBOW, OR",44.13595817,-122.248391
2024-03-13,1.3,14159500,"SOUTH FORK MCKENZIE RIVER NEAR RAINBOW, OR",44.13595817,-122.248391
2024-03-14,1.2,14159500,"SOUTH FORK MCKENZIE RIVER NEAR RAINBOW, OR",44.13595817,-122.248391
2024-03-15,1.3,14159500,"SOUTH FORK MCKENZIE RIVER NEAR RAINBOW, OR",44.13595817,-122.248391
2024-03-16,1.2,14159500,"SOUTH FORK MCKENZIE RIVER NEAR RAINBOW, OR",44.13595817,-122.248391
2024-03-17,1.1,14159500,"SOUTH FORK MCKENZIE RIVER NEAR RAINBOW, OR",44.13595817,-122.248391
2024-03-18,1.2,14159500,"SOUTH FORK MCKENZIE RIVER NEAR RAINBOW, OR",44.13595817,-122.248391
2024-03-19,1.1,14159500,"SOUTH FORK MCKENZIE RIVER NEAR RAINBOW, OR",44.13595817,-122.248391
2024-03-20,2.0,14159500,"SOUTH FORK MCKENZIE RIVER NEAR RAINBOW, OR",44.13595817,-122.248391
2024-03-21,2.3,14159500,"SOUTH FORK MCKENZIE RIVER NEAR RAINBOW, OR",44.13595817,-122.248391
2024-03-22,2.0,14159500,"SOUTH FORK MCKENZIE RIVER NEAR RAINBOW, OR",44.13595817,-122.248391
2024-03-23,1.8,14159500,"SOUTH FORK MCKENZIE RIVER NEAR RAINBOW, OR",44.13595817,-122.248391
2024-03-24,1.7,14159500,"SOUTH FORK MCKENZIE RIVER NEAR RAINBOW, OR",44.13595817,-122.248391
2024-03-25,1.2,14159500,"SOUTH FORK MCKENZIE RIVER NEAR RAINBOW, OR",44.13595817,-122.248391
2024-03-26,1.3,14159500,"SOUTH FORK MCKENZIE RIVER NEAR RAINBOW, OR",44.13595817,-122.248391
2024-03-27,1.3,14159500,"SOUTH FORK MCKENZIE RIVER NEAR RAINBOW, OR",44.13595817,-122.248391
2024-03-28,1.2,14159500,"SOUTH FORK MCKENZIE RIVER NEAR RAINBOW, OR",44.13595817,-122.248391
2024-03-29,1.2,14159500,"SOUTH FORK MCKENZIE RIVER NEAR RAINBOW, OR",44.13595817,-122.248391
2024-03-30,1.2,14159500,"SOUTH FORK MCKENZIE RIVER NEAR RAINBOW, OR",44.13595817,-122.248391
2024-03-31,1.2,14159500,"SOUTH FORK MCKENZIE RIVER NEAR RAINBOW, OR",44.13595817,-122.248391
2024-04-01,1.2,14159500,"SOUTH FORK MCKENZIE RIVER NEAR RAINBOW, OR",44.13595817,-122.248391
2024-04-02,1.2,14159500,"SOUTH FORK MCKENZIE RIVER NEAR RAINBOW, OR",44.13595817,-122.248391
2024-04-03,1.1,14159500,"SOUTH FORK MCKENZIE RIVER NEAR RAINBOW, OR",44.13595817,-122.248391
2024-04-04,1.2,14159500,"SOUTH FORK MCKENZIE RIVER NEAR RAINBOW, OR",44.13595817,-122.248391
2024-04-05,1.1,14159500,"SOUTH FORK MCKENZIE RIVER NEAR RAINBOW, OR",44.13595817,-122.248391
2024-04-06,0.9,14159500,"SOUTH FORK MCKENZIE RIVER NEAR RAINBOW, OR",44.13595817,-122.248391
2024-04-07,1.0,14159500,"SOUTH FORK MCKENZIE RIVER NEAR RAINBOW, OR",44.13595817,-122.248391
2024-04-08,0.9,14159500,"SOUTH FORK MCKENZIE RIVER NEAR RAINBOW, OR",44.13595817,-122.248391
2024-04-09,0.9,14159500,"SOUTH FORK MCKENZIE RIVER NEAR RAINBOW, OR",44.13595817,-122.248391
2024-04-10,0.8,14159500,"SOUTH FORK MCKENZIE RIVER NEAR RAINBOW, OR",44.13595817,-122.248391
2024-04-11,0.9,14159500,"SOUTH FORK MCKENZIE RIVER NEAR RAINBOW, OR",44.13595817,-122.248391
2024-04-12,0.9,14159500,"SOUTH FORK MCKENZIE RIVER NEAR RAINBOW, OR",44.13595817,-122.248391
2024-04-13,0.9,14159500,"SOUTH FORK MCKENZIE RIVER NEAR RAINBOW, OR",44.13595817,-122.248391
2024-04-14,1.0,14159500,"SOUTH FORK MCKENZIE RIVER NEAR RAINBOW, OR",44.13595817,-122.248391
2024-04-15,1.1,14159500,"SOUTH FORK MCKENZIE RIVER NEAR RAINBOW, OR",44.13595817,-122.248391
2024-04-16,0.8,14159500,"SOUTH FORK MCKENZIE RIVER NEAR RAINBOW, OR",44.13595817,-122.248391
2024-04-17,0.9,14159500,"SOUTH FORK MCKENZIE RIVER NEAR RAINBOW, OR",44.13595817,-122.248391
2024-04-18,0.9,14159500,"SOUTH FORK MCKENZIE RIVER NEAR RAINBOW, OR",44.13595817,-122.248391
2024-04-19,0.8,14159500,"SOUTH FORK MCKENZIE RIVER NEAR RAINBOW, OR",44.13595817,-122.248391
2024-04-20,0.8,14159500,"SOUTH FORK MCKENZIE RIVER NEAR RAINBOW, OR",44.13595817,-122.248391
2024-04-21,0.8,14159500,"SOUTH FORK MCKENZIE RIVER NEAR RAINBOW, OR",44.13595817,-122.248391
2024-04-22,0.9,14159500,"SOUTH FORK MCKENZIE RIVER NEAR RAINBOW, OR",44.13595817,-122.248391
2024-04-23,0.9,14159500,"SOUTH FORK MCKENZIE RIVER NEAR RAINBOW, OR",44.13595817,-122.248391
2024-04-24,0.8,14159500,"SOUTH FORK MCKENZIE RIVER NEAR RAINBOW, OR",44.13595817,-122.248391
2024-04-25,0.8,14159500,"SOUTH FORK MCKENZIE RIVER NEAR RAINBOW, OR",44.13595817,-122.248391
2024-04-26,0.8,14159500,"SOUTH FORK MCKENZIE RIVER NEAR RAINBOW, OR",44.13595817,-122.248391
2024-04-27,0.8,14159500,"SOUTH FORK MCKENZIE RIVER NEAR RAINBOW, OR",44.13595817,-122.248391
2024-04-28,0.7,14159500,"SOUTH FORK MCKENZIE RIVER NEAR RAINBOW, OR",44.13595817,-122.248391
2024-04-29,0.8,14159500,"SOUTH FORK MCKENZIE RIVER NEAR RAINBOW, OR",44.13595817,-122.248391
2024-04-30,0.8,14159500,"SOUTH FORK MCKENZIE RIVER NEAR RAINBOW, OR",44.13595817,-122.248391
2024-05-01,0.8,14159500,"SOUTH FORK MCKENZIE RIVER NEAR RAINBOW, OR",44.13595817,-122.248391
2024-05-02,0.8,14159500,"SOUTH FORK MCKENZIE RIVER NEAR RAINBOW, OR",44.13595817,-122.248391
2024-05-03,0.8,14159500,"SOUTH FORK MCKENZIE RIVER NEAR RAINBOW, OR",44.13595817,-122.248391
2024-05-04,0.8,14159500,"SOUTH FORK MCKENZIE RIVER NEAR RAINBOW, OR",44.13595817,-122.248391
2024-05-05,0.9,14159500,"SOUTH FORK MCKENZIE RIVER NEAR RAINBOW, OR",44.13595817,-122.248391
2024-05-06,0.8,14159500,"SOUTH FORK MCKENZIE RIVER NEAR RAINBOW, OR",44.13595817,-122.248391
2024-05-07,1.1,14159500,"SOUTH FORK MCKENZIE RIVER NEAR RAINBOW, OR",44.13595817,-122.248391
2024-05-08,1.0,14159500,"SOUTH FORK MCKENZIE RIVER NEAR RAINBOW, OR",44.13595817,-122.248391
2024-05-09,0.8,14159500,"SOUTH FORK MCKENZIE RIVER NEAR RAINBOW, OR",44.13595817,-122.248391
2024-05-10,0.9,14159500,"SOUTH FORK MCKENZIE RIVER NEAR RAINBOW, OR",44.13595817,-122.248391
2024-05-11,0.9,14159500,"SOUTH FORK MCKENZIE RIVER NEAR RAINBOW, OR",44.13595817,-122.248391
2024-05-12,0.9,14159500,"SOUTH FORK MCKENZIE RIVER NEAR RAINBOW, OR",44.13595817,-122.248391
2024-05-13,0.8,14159500,"SOUTH FORK MCKENZIE RIVER NEAR RAINBOW, OR",44.13595817,-122.248391
2024-05-14,0.8,14159500,"SOUTH FORK MCKENZIE RIVER NEAR RAINBOW, OR",44.13595817,-122.248391
2024-05-15,0.9,14159500,"SOUTH FORK MCKENZIE RIVER NEAR RAINBOW, OR",44.13595817,-122.248391
2024-05-16,0.8,14159500,"SOUTH FORK MCKENZIE RIVER NEAR RAINBOW, OR",44.13595817,-122.248391
2024-05-17,0.9,14159500,"SOUTH FORK MCKENZIE RIVER NEAR RAINBOW, OR",44.13595817,-122.248391
2024-05-18,1.0,14159500,"SOUTH FORK MCKENZIE RIVER NEAR RAINBOW, OR",44.13595817,-122.248391
2024-05-19,0.8,14159500,"SOUTH FORK MCKENZIE RIVER NEAR RAINBOW, OR",44.13595817,-122.248391
2024-05-20,0.9,14159500,"SOUTH FORK MCKENZIE RIVER NEAR RAINBOW, OR",44.13595817,-122.248391
2024-05-21,1.1,14159500,"SOUTH FORK MCKENZIE RIVER NEAR RAINBOW, OR",44.13595817,-122.248391
2024-05-22,1.3,14159500,"SOUTH FORK MCKENZIE RIVER NEAR RAINBOW, OR",44.13595817,-122.248391
2024-05-23,1.1,14159500,"SOUTH FORK MCKENZIE RIVER NEAR RAINBOW, OR",44.13595817,-122.248391
2024-05-24,1.0,14159500,"SOUTH FORK MCKENZIE RIVER NEAR RAINBOW, OR",44.13595817,-122.248391
2024-05-25,1.0,14159500,"SOUTH FORK MCKENZIE RIVER NEAR RAINBOW, OR",44.13595817,-122.248391
2024-05-26,1.0,14159500,"SOUTH FORK MCKENZIE RIVER NEAR RAINBOW, OR",44.13595817,-122.248391
2024-05-27,1.1,14159500,"SOUTH FORK MCKENZIE RIVER NEAR RAINBOW, OR",44.13595817,-122.248391
2024-05-28,0.9,14159500,"SOUTH FORK MCKENZIE RIVER NEAR RAINBOW, OR",44.13595817,-122.248391
2024-05-29,0.9,14159500,"SOUTH FORK MCKENZIE RIVER NEAR RAINBOW, OR",44.13595817,-122.248391
2024-05-30,0.8,14159500,"SOUTH FORK MCKENZIE RIVER NEAR RAINBOW, OR",44.13595817,-122.248391
2024-05-31,1.4,14159500,"SOUTH FORK MCKENZIE RIVER NEAR RAINBOW, OR",44.13595817,-122.248391
2024-06-01,0.9,14159500,"SOUTH FORK MCKENZIE RIVER NEAR RAINBOW, OR",44.13595817,-122.248391
2024-06-02,0.7,14159500,"SOUTH FORK MCKENZIE RIVER NEAR RAINBOW, OR",44.13595817,-122.248391
2024-06-03,0.8,14159500,"SOUTH FORK MCKENZIE RIVER NEAR RAINBOW, OR",44.13595817,-122.248391
2024-06-04,0.8,14159500,"SOUTH FORK MCKENZIE RIVER NEAR RAINBOW, OR",44.13595817,-122.248391
2024-06-05,0.7,14159500,"SOUTH FORK MCKENZIE RIVER NEAR RAINBOW, OR",44.13595817,-122.248391
2024-06-06,0.7,14159500,"SOUTH FORK MCKENZIE RIVER NEAR RAINBOW, OR",44.13595817,-122.248391
2024-06-07,0.7,14159500,"SOUTH FORK MCKENZIE RIVER NEAR RAINBOW, OR",44.13595817,-122.248391
2024-06-08,0.8,14159500,"SOUTH FORK MCKENZIE RIVER NEAR RAINBOW, OR",44.13595817,-122.248391
2024-06-09,0.7,14159500,"SOUTH FORK MCKENZIE RIVER NEAR RAINBOW, OR",44.13595817,-122.248391
2024-06-10,0.8,14159500,"SOUTH FORK MCKENZIE RIVER NEAR RAINBOW, OR",44.13595817,-122.248391
2024-06-11,0.7,14159500,"SOUTH FORK MCKENZIE RIVER NEAR RAINBOW, OR",44.13595817,-122.248391
2024-06-12,0.9,14159500,"SOUTH FORK MCKENZIE RIVER NEAR RAINBOW, OR",44.13595817,-122.248391
2024-06-13,0.8,14159500,"SOUTH FORK MCKENZIE RIVER NEAR RAINBOW, OR",44.13595817,-122.248391
2024-06-14,0.9,14159500,"SOUTH FORK MCKENZIE RIVER NEAR RAINBOW, OR",44.13595817,-122.248391
2024-06-15,1.0,14159500,"SOUTH FORK MCKENZIE RIVER NEAR RAINBOW, OR",44.13595817,-122.248391
2024-06-16,1.1,14159500,"SOUTH FORK MCKENZIE RIVER NEAR RAINBOW, OR",44.13595817,-122.248391
2024-06-17,0.8,14159500,"SOUTH FORK MCKENZIE RIVER NEAR RAINBOW, OR",44.13595817,-122.248391
2024-06-18,0.8,14159500,"SOUTH FORK MCKENZIE RIVER NEAR RAINBOW, OR",44.13595817,-122.248391
2024-06-19,0.8,14159500,"SOUTH FORK MCKENZIE RIVER NEAR RAINBOW, OR",44.13595817,-122.248391
2024-06-20,0.8,14159500,"SOUTH FORK MCKENZIE RIVER NEAR RAINBOW, OR",44.13595817,-122.248391
2024-06-21,0.8,14159500,"SOUTH FORK MCKENZIE RIVER NEAR RAINBOW, OR",44.13595817,-122.248391
2024-06-22,0.6,14159500,"SOUTH FORK MCKENZIE RIVER NEAR RAINBOW, OR",44.13595817,-122.248391
2024-06-23,0.6,14159500,"SOUTH FORK MCKENZIE RIVER NEAR RAINBOW, OR",44.13595817,-122.248391
2024-06-24,0.7,14159500,"SOUTH FORK MCKENZIE RIVER NEAR RAINBOW, OR",44.13595817,-122.248391
2024-06-25,0.9,14159500,"SOUTH FORK MCKENZIE RIVER NEAR RAINBOW, OR",44.13595817,-122.248391
2024-06-26,0.7,14159500,"SOUTH FORK MCKENZIE RIVER NEAR RAINBOW, OR",44.13595817,-122.248391
2024-06-27,0.6,14159500,"SOUTH FORK MCKENZIE RIVER NEAR RAINBOW, OR",44.13595817,-122.248391
2024-06-28,0.6,14159500,"SOUTH FORK MCKENZIE RIVER NEAR RAINBOW, OR",44.13595817,-122.248391
2024-06-29,0.6,14159500,"SOUTH FORK MCKENZIE RIVER NEAR RAINBOW, OR",44.13595817,-122.248391
2024-06-30,0.6,14159500,"SOUTH FORK MCKENZIE RIVER NEAR RAINBOW, OR",44.13595817,-122.248391
2024-07-01,0.5,14159500,"SOUTH FORK MCKENZIE RIVER NEAR RAINBOW, OR",44.13595817,-122.248391
2024-07-02,0.6,14159500,"SOUTH FORK MCKENZIE RIVER NEAR RAINBOW, OR",44.13595817,-122.248391
2024-07-03,0.5,14159500,"SOUTH FORK MCKENZIE RIVER NEAR RAINBOW, OR",44.13595817,-122.248391
2024-07-04,0.5,14159500,"SOUTH FORK MCKENZIE RIVER NEAR RAINBOW, OR",44.13595817,-122.248391
2024-07-05,0.4,14159500,"SOUTH FORK MCKENZIE RIVER NEAR RAINBOW, OR",44.13595817,-122.248391
2024-07-06,0.4,14159500,"SOUTH FORK MCKENZIE RIVER NEAR RAINBOW, OR",44.13595817,-122.248391
2024-07-07,0.4,14159500,"SOUTH FORK MCKENZIE RIVER NEAR RAINBOW, OR",44.13595817,-122.248391
2024-07-08,0.4,14159500,"SOUTH FORK MCKENZIE RIVER NEAR RAINBOW, OR",44.13595817,-122.248391
2024-07-09,0.4,14159500,"SOUTH FORK MCKENZIE RIVER NEAR RAINBOW, OR",44.13595817,-122.248391
2024-07-10,0.4,14159500,"SOUTH FORK MCKENZIE RIVER NEAR RAINBOW, OR",44.13595817,-122.248391
2024-07-11,0.4,14159500,"SOUTH FORK MCKENZIE RIVER NEAR RAINBOW, OR",44.13595817,-122.248391
2024-07-12,0.4,14159500,"SOUTH FORK MCKENZIE RIVER NEAR RAINBOW, OR",44.13595817,-122.248391
2024-07-13,0.4,14159500,"SOUTH FORK MCKENZIE RIVER NEAR RAINBOW, OR",44.13595817,-122.248391
2024-07-14,0.4,14159500,"SOUTH FORK MCKENZIE RIVER NEAR RAINBOW, OR",44.13595817,-122.248391
2024-07-15,0.3,14159500,"SOUTH FORK MCKENZIE RIVER NEAR RAINBOW, OR",44.13595817,-122.248391
2024-07-16,0.5,14159500,"SOUTH FORK MCKENZIE RIVER NEAR RAINBOW, OR",44.13595817,-122.248391
2024-07-17,0.5,14159500,"SOUTH FORK MCKENZIE RIVER NEAR RAINBOW, OR",44.13595817,-122.248391
2024-07-18,0.4,14159500,"SOUTH FORK MCKENZIE RIVER NEAR RAINBOW, OR",44.13595817,-122.248391
2024-07-19,0.7,14159500,"SOUTH FORK MCKENZIE RIVER NEAR RAINBOW, OR",44.13595817,-122.248391
2024-07-20,0.4,14159500,"SOUTH FORK MCKENZIE RIVER NEAR RAINBOW, OR",44.13595817,-122.248391
2024-07-21,0.7,14159500,"SOUTH FORK MCKENZIE RIVER NEAR RAINBOW, OR",44.13595817,-122.248391
2024-07-22,0.3,14159500,"SOUTH FORK MCKENZIE RIVER NEAR RAINBOW, OR",44.13595817,-122.248391
2024-07-23,0.3,14159500,"SOUTH FORK MCKENZIE RIVER NEAR RAINBOW, OR",44.13595817,-122.248391
2024-07-24,0.3,14159500,"SOUTH FORK MCKENZIE RIVER NEAR RAINBOW, OR",44.13595817,-122.248391
2024-07-25,0.3,14159500,"SOUTH FORK MCKENZIE RIVER NEAR RAINBOW, OR",44.13595817,-122.248391
2024-07-26,0.3,14159500,"SOUTH FORK MCKENZIE RIVER NEAR RAINBOW, OR",44.13595817,-122.248391
2024-07-27,0.7,14159500,"SOUTH FORK MCKENZIE RIVER NEAR RAINBOW, OR",44.13595817,-122.248391
2024-07-28,0.3,14159500,"SOUTH FORK MCKENZIE RIVER NEAR RAINBOW, OR",44.13595817,-122.248391
2024-07-29,0.5,14159500,"SOUTH FORK MCKENZIE RIVER NEAR RAINBOW, OR",44.13595817,-122.248391
2024-07-30,0.3,14159500,"SOUTH FORK MCKENZIE RIVER NEAR RAINBOW, OR",44.13595817,-122.248391
2024-07-31,0.3,14159500,"SOUTH FORK MCKENZIE RIVER NEAR RAINBOW, OR",44.13595817,-122.248391
2024-08-01,0.3,14159500,"SOUTH FORK MCKENZIE RIVER NEAR RAINBOW, OR",44.13595817,-122.248391
2024-08-02,0.3,14159500,"SOUTH FORK MCKENZIE RIVER NEAR RAINBOW, OR",44.13595817,-122.248391
2024-08-03,0.4,14159500,"SOUTH FORK MCKENZIE RIVER NEAR RAINBOW, OR",44.13595817,-122.248391
2024-08-04,0.4,14159500,"SOUTH FORK MCKENZIE RIVER NEAR RAINBOW, OR",44.13595817,-122.248391
2024-08-05,0.4,14159500,"SOUTH FORK MCKENZIE RIVER NEAR RAINBOW, OR",44.13595817,-122.248391
2024-08-06,0.5,14159500,"SOUTH FORK MCKENZIE RIVER NEAR RAINBOW, OR",44.13595817,-122.248391
2024-08-07,0.5,14159500,"SOUTH FORK MCKENZIE RIVER NEAR RAINBOW, OR",44.13595817,-122.248391
2024-08-08,0.4,14159500,"SOUTH FORK MCKENZIE RIVER NEAR RAINBOW, OR",44.13595817,-122.248391
2024-08-09,0.4,14159500,"SOUTH FORK MCKENZIE RIVER NEAR RAINBOW, OR",44.13595817,-122.248391
2024-08-10,0.4,14159500,"SOUTH FORK MCKENZIE RIVER NEAR RAINBOW, OR",44.13595817,-122.248391
2024-08-11,0.5,14159500,"SOUTH FORK MCKENZIE RIVER NEAR RAINBOW, OR",44.13595817,-122.248391
2024-08-12,0.4,14159500,"SOUTH FORK MCKENZIE RIVER NEAR RAINBOW, OR",44.13595817,-122.248391
2024-08-13,0.4,14159500,"SOUTH FORK MCKENZIE RIVER NEAR RAINBOW, OR",44.13595817,-122.248391
2024-08-14,0.4,14159500,"SOUTH FORK MCKENZIE RIVER NEAR RAINBOW, OR",44.13595817,-122.248391
2024-08-15,0.4,14159500,"SOUTH FORK MCKENZIE RIVER NEAR RAINBOW, OR",44.13595817,-122.248391
2024-08-16,0.5,14159500,"SOUTH FORK MCKENZIE RIVER NEAR RAINBOW, OR",44.13595817,-122.248391
2024-08-17,0.6,14159500,"SOUTH FORK MCKENZIE RIVER NEAR RAINBOW, OR",44.13595817,-122.248391
2024-08-18,0.8,14159500,"SOUTH FORK MCKENZIE RIVER NEAR RAINBOW, OR",44.13595817,-122.248391
2024-08-19,0.8,14159500,"SOUTH FORK MCKENZIE RIVER NEAR RAINBOW, OR",44.13595817,-122.248391
2024-08-20,0.8,14159500,"SOUTH FORK MCKENZIE RIVER NEAR RAINBOW, OR",44.13595817,-122.248391
2024-08-21,0.8,14159500,"SOUTH FORK MCKENZIE RIVER NEAR RAINBOW, OR",44.13595817,-122.248391
2024-08-22,0.8,14159500,"SOUTH FORK MCKENZIE RIVER NEAR RAINBOW, OR",44.13595817,-122.248391
2024-08-23,0.9,14159500,"SOUTH FORK MCKENZIE RIVER NEAR RAINBOW, OR",44.13595817,-122.248391
2024-08-24,1.0,14159500,"SOUTH FORK MCKENZIE RIVER NEAR RAINBOW, OR",44.13595817,-122.248391
2024-08-25,1.0,14159500,"SOUTH FORK MCKENZIE RIVER NEAR RAINBOW, OR",44.13595817,-122.248391
2024-08-26,0.9,14159500,"SOUTH FORK MCKENZIE RIVER NEAR RAINBOW, OR",44.13595817,-122.248391
2024-08-27,1.1,14159500,"SOUTH FORK MCKENZIE RIVER NEAR RAINBOW, OR",44.13595817,-122.248391
2024-08-28,1.1,14159500,"SOUTH FORK MCKENZIE RIVER NEAR RAINBOW, OR",44.13595817,-122.248391
2024-08-29,1.0,14159500,"SOUTH FORK MCKENZIE RIVER NEAR RAINBOW, OR",44.13595817,-122.248391
2024-08-30,1.2,14159500,"SOUTH FORK MCKENZIE RIVER NEAR RAINBOW, OR",44.13595817,-122.248391
2024-08-31,1.1,14159500,"SOUTH FORK MCKENZIE RIVER NEAR RAINBOW, OR",44.13595817,-122.248391
2024-09-01,1.1,14159500,"SOUTH FORK MCKENZIE RIVER NEAR RAINBOW, OR",44.13595817,-122.248391
2024-09-02,1.2,14159500,"SOUTH FORK MCKENZIE RIVER NEAR RAINBOW, OR",44.13595817,-122.248391
2024-09-03,1.3,14159500,"SOUTH FORK MCKENZIE RIVER NEAR RAINBOW, OR",44.13595817,-122.248391
2024-09-04,1.2,14159500,"SOUTH FORK MCKENZIE RIVER NEAR RAINBOW, OR",44.13595817,-122.248391
2024-09-05,0.9,14159500,"SOUTH FORK MCKENZIE RIVER NEAR RAINBOW, OR",44.13595817,-122.248391
2024-09-06,0.9,14159500,"SOUTH FORK MCKENZIE RIVER NEAR RAINBOW, OR",44.13595817,-122.248391
2024-09-07,0.9,14159500,"SOUTH FORK MCKENZIE RIVER NEAR RAINBOW, OR",44.13595817,-122.248391
2024-09-08,0.8,14159500,"SOUTH FORK MCKENZIE RIVER NEAR RAINBOW, OR",44.13595817,-122.248391
2024-09-09,0.7,14159500,"SOUTH FORK MCKENZIE RIVER NEAR RAINBOW, OR",44.13595817,-122.248391
2024-09-10,0.7,14159500,"SOUTH FORK MCKENZIE RIVER NEAR RAINBOW, OR",44.13595817,-122.248391
2024-09-11,1.1,14159500,"SOUTH FORK MCKENZIE RIVER NEAR RAINBOW, OR",44.13595817,-122.248391
2024-09-12,0.7,14159500,"SOUTH FORK MCKENZIE RIVER NEAR RAINBOW, OR",44.13595817,-122.248391
2024-09-13,0.8,14159500,"SOUTH FORK MCKENZIE RIVER NEAR RAINBOW, OR",44.13595817,-122.248391
2024-09-14,0.6,14159500,"SOUTH FORK MCKENZIE RIVER NEAR RAINBOW, OR",44.13595817,-122.248391
2024-09-15,0.7,14159500,"SOUTH FORK MCKENZIE RIVER NEAR RAINBOW, OR",44.13595817,-122.248391
2024-09-16,0.9,14159500,"SOUTH FORK MCKENZIE RIVER NEAR RAINBOW, OR",44.13595817,-122.248391
2024-09-17,0.5,14159500,"SOUTH FORK MCKENZIE RIVER NEAR RAINBOW, OR",44.13595817,-122.248391
2024-09-18,0.8,14159500,"SOUTH FORK MCKENZIE RIVER NEAR RAINBOW, OR",44.13595817,-122.248391
2024-09-19,0.5,14159500,"SOUTH FORK MCKENZIE RIVER NEAR RAINBOW, OR",44.13595817,-122.248391
2024-09-20,0.5,14159500,"SOUTH FORK MCKENZIE RIVER NEAR RAINBOW, OR",44.13595817,-122.248391
2024-09-21,0.6,14159500,"SOUTH FORK MCKENZIE RIVER NEAR RAINBOW, OR",44.13595817,-122.248391
2024-09-22,0.6,14159500,"SOUTH FORK MCKENZIE RIVER NEAR RAINBOW, OR",44.13595817,-122.248391
2024-09-23,0.6,14159500,"SOUTH FORK MCKENZIE RIVER NEAR RAINBOW, OR",44.13595817,-122.248391
2024-09-24,0.6,14159500,"SOUTH FORK MCKENZIE RIVER NEAR RAINBOW, OR",44.13595817,-122.248391
2024-09-25,0.4,14159500,"SOUTH FORK MCKENZIE RIVER NEAR RAINBOW, OR",44.13595817,-122.248391
2024-09-26,0.5,14159500,"SOUTH FORK MCKENZIE RIVER NEAR RAINBOW, OR",44.13595817,-122.248391
2024-09-27,0.6,14159500,"SOUTH FORK MCKENZIE RIVER NEAR RAINBOW, OR",44.13595817,-122.248391
2024-09-28,0.5,14159500,"SOUTH FORK MCKENZIE RIVER NEAR RAINBOW, OR",44.13595817,-122.248391
2024-09-29,0.5,14159500,"SOUTH FORK MCKENZIE RIVER NEAR RAINBOW, OR",44.13595817,-122.248391
2024-09-30,0.6,14159500,"SOUTH FORK MCKENZIE RIVER NEAR RAINBOW, OR",44.13595817,-122.248391
2024-01-01,7.7,14162200,"BLUE RIVER AT BLUE RIVER, OR",44.16234819,-122.3331192
2024-01-02,8.8,14162200,"BLUE RIVER AT BLUE RIVER, OR",44.16234819,-122.3331192
2024-01-03,11.1,14162200,"BLUE RIVER AT BLUE RIVER, OR",44.16234819,-122.3331192
2024-01-04,17.6,14162200,"BLUE RIVER AT BLUE RIVER, OR",44.16234819,-122.3331192
2024-01-05,20.9,14162200,"BLUE RIVER AT BLUE RIVER, OR",44.16234819,-122.3331192
2024-01-06,10.9,14162200,"BLUE RIVER AT BLUE RIVER, OR",44.16234819,-122.3331192
2024-01-07,10.2,14162200,"BLUE RIVER AT BLUE RIVER, OR",44.16234819,-122.3331192
2024-01-08,17.2,14162200,"BLUE RIVER AT BLUE RIVER, OR",44.16234819,-122.3331192
2024-01-09,35.6,14162200,"BLUE RIVER AT BLUE RIVER, OR",44.16234819,-122.3331192
2024-01-10,16.0,14162200,"BLUE RIVER AT BLUE RIVER, OR",44.16234819,-122.3331192
2024-01-11,6.5,14162200,"BLUE RIVER AT BLUE RIVER, OR",44.16234819,-122.3331192
2024-01-12,8.4,14162200,"BLUE RIVER AT BLUE RIVER, OR",44.16234819,-122.3331192
2024-01-13,7.6,14162200,"BLUE RIVER AT BLUE RIVER, OR",44.16234819,-122.3331192
2024-01-14,4.8,14162200,"BLUE RIVER AT BLUE RIVER, OR",44.16234819,-122.3331192
2024-01-15,5.1,14162200,"BLUE RIVER AT BLUE RIVER, OR",44.16234819,-122.3331192
2024-01-16,8.5,14162200,"BLUE RIVER AT BLUE RIVER, OR",44.16234819,-122.3331192
2024-01-17,14.9,14162200,"BLUE RIVER AT BLUE RIVER, OR",44.16234819,-122.3331192
2024-01-18,13.5,14162200,"BLUE RIVER AT BLUE RIVER, OR",44.16234819,-122.3331192
2024-01-19,15.3,14162200,"BLUE RIVER AT BLUE RIVER, OR",44.16234819,-122.3331192
2024-01-20,14.3,14162200,"BLUE RIVER AT BLUE RIVER, OR",44.16234819,-122.3331192
2024-01-21,14.2,14162200,"BLUE RIVER AT BLUE RIVER, OR",44.16234819,-122.3331192
2024-01-22,13.0,14162200,"BLUE RIVER AT BLUE RIVER, OR",44.16234819,-122.3331192
2024-01-23,11.8,14162200,"BLUE RIVER AT BLUE RIVER, OR",44.16234819,-122.3331192
2024-01-24,7.9,14162200,"BLUE RIVER AT BLUE RIVER, OR",44.16234819,-122.3331192
2024-01-25,6.6,14162200,"BLUE RIVER AT BLUE RIVER, OR",44.16234819,-122.3331192
2024-01-26,4.7,14162200,"BLUE RIVER AT BLUE RIVER, OR",44.16234819,-122.3331192
2024-01-27,4.0,14162200,"BLUE RIVER AT BLUE RIVER, OR",44.16234819,-122.3331192
2024-01-28,3.1,14162200,"BLUE RIVER AT BLUE RIVER, OR",44.16234819,-122.3331192
2024-01-29,2.8,14162200,"BLUE RIVER AT BLUE RIVER, OR",44.16234819,-122.3331192
2024-01-30,3.6,14162200,"BLUE RIVER AT BLUE RIVER, OR",44.16234819,-122.3331192
2024-01-31,4.7,14162200,"BLUE RIVER AT BLUE RIVER, OR",44.16234819,-122.3331192
2024-02-01,5.0,14162200,"BLUE RIVER AT BLUE RIVER, OR",44.16234819,-122.3331192
2024-02-02,5.0,14162200,"BLUE RIVER AT BLUE RIVER, OR",44.16234819,-122.3331192
2024-02-03,4.6,14162200,"BLUE RIVER AT BLUE RIVER, OR",44.16234819,-122.3331192
2024-02-04,4.5,14162200,"BLUE RIVER AT BLUE RIVER, OR",44.16234819,-122.3331192
2024-02-05,3.9,14162200,"BLUE RIVER AT BLUE RIVER, OR",44.16234819,-122.3331192
2024-02-06,3.5,14162200,"BLUE RIVER AT BLUE RIVER, OR",44.16234819,-122.3331192
2024-02-07,3.3,14162200,"BLUE RIVER AT BLUE RIVER, OR",44.16234819,-122.3331192
2024-02-08,2.8,14162200,"BLUE RIVER AT BLUE RIVER, OR",44.16234819,-122.3331192
2024-02-09,2.7,14162200,"BLUE RIVER AT BLUE RIVER, OR",44.16234819,-122.3331192
2024-02-10,2.5,14162200,"BLUE RIVER AT BLUE RIVER, OR",44.16234819,-122.3331192
2024-02-11,2.4,14162200,"BLUE RIVER AT BLUE RIVER, OR",44.16234819,-122.3331192
2024-02-12,2.3,14162200,"BLUE RIVER AT BLUE RIVER, OR",44.16234819,-122.3331192
2024-02-13,2.3,14162200,"BLUE RIVER AT BLUE RIVER, OR",44.16234819,-122.3331192
2024-02-14,2.3,14162200,"BLUE RIVER AT BLUE RIVER, OR",44.16234819,-122.3331192
2024-02-15,2.7,14162200,"BLUE RIVER AT BLUE RIVER, OR",44.16234819,-122.3331192
2024-02-16,3.0,14162200,"BLUE RIVER AT BLUE RIVER, OR",44.16234819,-122.3331192
2024-02-17,2.6,14162200,"BLUE RIVER AT BLUE RIVER, OR",44.16234819,-122.3331192
2024-02-18,2.3,14162200,"BLUE RIVER AT BLUE RIVER, OR",44.16234819,-122.3331192
2024-02-19,2.6,14162200,"BLUE RIVER AT BLUE RIVER, OR",44.16234819,-122.3331192
2024-02-20,2.7,14162200,"BLUE RIVER AT BLUE RIVER, OR",44.16234819,-122.3331192
2024-02-21,2.8,14162200,"BLUE RIVER AT BLUE RIVER, OR",44.16234819,-122.3331192
2024-02-22,2.8,14162200,"BLUE RIVER AT BLUE RIVER, OR",44.16234819,-122.3331192
2024-02-23,2.7,14162200,"BLUE RIVER AT BLUE RIVER, OR",44.16234819,-122.3331192
2024-02-24,2.9,14162200,"BLUE RIVER AT BLUE RIVER, OR",44.16234819,-122.3331192
2024-02-25,2.6,14162200,"BLUE RIVER AT BLUE RIVER, OR",44.16234819,-122.3331192
2024-02-26,3.0,14162200,"BLUE RIVER AT BLUE RIVER, OR",44.16234819,-122.3331192
2024-02-27,2.5,14162200,"BLUE RIVER AT BLUE RIVER, OR",44.16234819,-122.3331192
2024-02-28,2.5,14162200,"BLUE RIVER AT BLUE RIVER, OR",44.16234819,-122.3331192
2024-02-29,4.8,14162200,"BLUE RIVER AT BLUE RIVER, OR",44.16234819,-122.3331192
2024-03-01,2.8,14162200,"BLUE RIVER AT BLUE RIVER, OR",44.16234819,-122.3331192
2024-03-02,2.1,14162200,"BLUE RIVER AT BLUE RIVER, OR",44.16234819,-122.3331192
2024-03-03,1.9,14162200,"BLUE RIVER AT BLUE RIVER, OR",44.16234819,-122.3331192
2024-03-04,1.9,14162200,"BLUE RIVER AT BLUE RIVER, OR",44.16234819,-122.3331192
2024-03-05,1.8,14162200,"BLUE RIVER AT BLUE RIVER, OR",44.16234819,-122.3331192
2024-03-06,1.8,14162200,"BLUE RIVER AT BLUE RIVER, OR",44.16234819,-122.3331192
2024-03-07,1.7,14162200,"BLUE RIVER AT BLUE RIVER, OR",44.16234819,-122.3331192
2024-03-08,1.7,14162200,"BLUE RIVER AT BLUE RIVER, OR",44.16234819,-122.3331192
2024-03-09,1.7,14162200,"BLUE RIVER AT BLUE RIVER, OR",44.16234819,-122.3331192
2024-03-10,1.6,14162200,"BLUE RIVER AT BLUE RIVER, OR",44.16234819,-122.3331192
2024-03-11,1.6,14162200,"BLUE RIVER AT BLUE RIVER, OR",44.16234819,-122.3331192
2024-03-12,1.6,14162200,"BLUE RIVER AT BLUE RIVER, OR",44.16234819,-122.3331192
2024-03-13,1.6,14162200,"BLUE RIVER AT BLUE RIVER, OR",44.16234819,-122.3331192
2024-03-14,1.6,14162200,"BLUE RIVER AT BLUE RIVER, OR",44.16234819,-122.3331192
2024-03-15,1.6,14162200,"BLUE RIVER AT BLUE RIVER, OR",44.16234819,-122.3331192
2024-03-16,1.6,14162200,"BLUE RIVER AT BLUE RIVER, OR",44.16234819,-122.3331192
2024-03-17,1.7,14162200,"BLUE RIVER AT BLUE RIVER, OR",44.16234819,-122.3331192
2024-03-18,1.7,14162200,"BLUE RIVER AT BLUE RIVER, OR",44.16234819,-122.3331192
2024-03-19,1.9,14162200,"BLUE RIVER AT BLUE RIVER, OR",44.16234819,-122.3331192
2024-03-20,1.4,14162200,"BLUE RIVER AT BLUE RIVER, OR",44.16234819,-122.3331192
2024-03-21,1.4,14162200,"BLUE RIVER AT BLUE RIVER, OR",44.16234819,-122.3331192
2024-03-22,1.3,14162200,"BLUE RIVER AT BLUE RIVER, OR",44.16234819,-122.3331192
2024-03-23,1.2,14162200,"BLUE RIVER AT BLUE RIVER, OR",44.16234819,-122.3331192
2024-03-24,1.2,14162200,"BLUE RIVER AT BLUE RIVER, OR",44.16234819,-122.3331192
2024-03-25,1.3,14162200,"BLUE RIVER AT BLUE RIVER, OR",44.16234819,-122.3331192
2024-03-26,1.2,14162200,"BLUE RIVER AT BLUE RIVER, OR",44.16234819,-122.3331192
2024-03-27,1.3,14162200,"BLUE RIVER AT BLUE RIVER, OR",44.16234819,-122.3331192
2024-03-28,1.3,14162200,"BLUE RIVER AT BLUE RIVER, OR",44.16234819,-122.3331192
2024-03-29,1.2,14162200,"BLUE RIVER AT BLUE RIVER, OR",44.16234819,-122.3331192
2024-03-30,1.2,14162200,"BLUE RIVER AT BLUE RIVER, OR",44.16234819,-122.3331192
2024-03-31,1.2,14162200,"BLUE RIVER AT BLUE RIVER, OR",44.16234819,-122.3331192
2024-04-01,1.1,14162200,"BLUE RIVER AT BLUE RIVER, OR",44.16234819,-122.3331192
2024-04-02,1.2,14162200,"BLUE RIVER AT BLUE RIVER, OR",44.16234819,-122.3331192
2024-04-03,1.2,14162200,"BLUE RIVER AT BLUE RIVER, OR",44.16234819,-122.3331192
2024-04-04,1.2,14162200,"BLUE RIVER AT BLUE RIVER, OR",44.16234819,-122.3331192
2024-04-05,1.2,14162200,"BLUE RIVER AT BLUE RIVER, OR",44.16234819,-122.3331192
2024-04-06,1.1,14162200,"BLUE RIVER AT BLUE RIVER, OR",44.16234819,-122.3331192
2024-04-07,1.2,14162200,"BLUE RIVER AT BLUE RIVER, OR",44.16234819,-122.3331192
2024-04-08,1.2,14162200,"BLUE RIVER AT BLUE RIVER, OR",44.16234819,-122.3331192
2024-04-09,1.3,14162200,"BLUE RIVER AT BLUE RIVER, OR",44.16234819,-122.3331192
2024-04-10,1.3,14162200,"BLUE RIVER AT BLUE RIVER, OR",44.16234819,-122.3331192
2024-04-11,1.2,14162200,"BLUE RIVER AT BLUE RIVER, OR",44.16234819,-122.3331192
2024-04-12,5.4,14162200,"BLUE RIVER AT BLUE RIVER, OR",44.16234819,-122.3331192
2024-04-13,1.6,14162200,"BLUE RIVER AT BLUE RIVER, OR",44.16234819,-122.3331192
2024-04-14,1.4,14162200,"BLUE RIVER AT BLUE RIVER, OR",44.16234819,-122.3331192
2024-04-15,6.7,14162200,"BLUE RIVER AT BLUE RIVER, OR",44.16234819,-122.3331192
2024-04-16,1.1,14162200,"BLUE RIVER AT BLUE RIVER, OR",44.16234819,-122.3331192
2024-04-17,0.9,14162200,"BLUE RIVER AT BLUE RIVER, OR",44.16234819,-122.3331192
2024-04-18,0.9,14162200,"BLUE RIVER AT BLUE RIVER, OR",44.16234819,-122.3331192
2024-04-19,0.9,14162200,"BLUE RIVER AT BLUE RIVER, OR",44.16234819,-122.3331192
2024-04-20,0.9,14162200,"BLUE RIVER AT BLUE RIVER, OR",44.16234819,-122.3331192
2024-04-21,0.9,14162200,"BLUE RIVER AT BLUE RIVER, OR",44.16234819,-122.3331192
2024-04-22,1.2,14162200,"BLUE RIVER AT BLUE RIVER, OR",44.16234819,-122.3331192
2024-04-24,0.8,14162200,"BLUE RIVER AT BLUE RIVER, OR",44.16234819,-122.3331192
2024-04-25,0.8,14162200,"BLUE RIVER AT BLUE RIVER, OR",44.16234819,-122.3331192
2024-04-26,0.8,14162200,"BLUE RIVER AT BLUE RIVER, OR",44.16234819,-122.3331192
2024-04-27,0.9,14162200,"BLUE RIVER AT BLUE RIVER, OR",44.16234819,-122.3331192
2024-04-28,0.9,14162200,"BLUE RIVER AT BLUE RIVER, OR",44.16234819,-122.3331192
2024-04-29,0.9,14162200,"BLUE RIVER AT BLUE RIVER, OR",44.16234819,-122.3331192
2024-04-30,0.9,14162200,"BLUE RIVER AT BLUE RIVER, OR",44.16234819,-122.3331192
2024-05-01,0.9,14162200,"BLUE RIVER AT BLUE RIVER, OR",44.16234819,-122.3331192
2024-05-02,0.9,14162200,"BLUE RIVER AT BLUE RIVER, OR",44.16234819,-122.3331192
2024-05-03,1.0,14162200,"BLUE RIVER AT BLUE RIVER, OR",44.16234819,-122.3331192
2024-05-04,0.9,14162200,"BLUE RIVER AT BLUE RIVER, OR",44.16234819,-122.3331192
2024-05-05,1.0,14162200,"BLUE RIVER AT BLUE RIVER, OR",44.16234819,-122.3331192
2024-05-06,1.0,14162200,"BLUE RIVER AT BLUE RIVER, OR",44.16234819,-122.3331192
2024-05-07,1.0,14162200,"BLUE RIVER AT BLUE RIVER, OR",44.16234819,-122.3331192
2024-05-08,0.9,14162200,"BLUE RIVER AT BLUE RIVER, OR",44.16234819,-122.3331192
2024-05-09,0.8,14162200,"BLUE RIVER AT BLUE RIVER, OR",44.16234819,-122.3331192
2024-05-10,0.8,14162200,"BLUE RIVER AT BLUE RIVER, OR",44.16234819,-122.3331192
2024-05-11,0.8,14162200,"BLUE RIVER AT BLUE RIVER, OR",44.16234819,-122.3331192
2024-05-12,0.8,14162200,"BLUE RIVER AT BLUE RIVER, OR",44.16234819,-122.3331192
2024-05-13,0.8,14162200,"BLUE RIVER AT BLUE RIVER, OR",44.16234819,-122.3331192
2024-05-14,0.8,14162200,"BLUE RIVER AT BLUE RIVER, OR",44.16234819,-122.3331192
2024-05-15,0.8,14162200,"BLUE RIVER AT BLUE RIVER, OR",44.16234819,-122.3331192
2024-05-16,0.8,14162200,"BLUE RIVER AT BLUE RIVER, OR",44.16234819,-122.3331192
2024-05-17,0.8,14162200,"BLUE RIVER AT BLUE RIVER, OR",44.16234819,-122.3331192
2024-05-18,0.9,14162200,"BLUE RIVER AT BLUE RIVER, OR",44.16234819,-122.3331192
2024-05-19,0.8,14162200,"BLUE RIVER AT BLUE RIVER, OR",44.16234819,-122.3331192
2024-05-20,0.8,14162200,"BLUE RIVER AT BLUE RIVER, OR",44.16234819,-122.3331192
2024-05-21,0.9,14162200,"BLUE RIVER AT BLUE RIVER, OR",44.16234819,-122.3331192
2024-05-22,0.9,14162200,"BLUE RIVER AT BLUE RIVER, OR",44.16234819,-122.3331192
2024-05-23,0.9,14162200,"BLUE RIVER AT BLUE RIVER, OR",44.16234819,-122.3331192
2024-05-24,0.8,14162200,"BLUE RIVER AT BLUE RIVER, OR",44.16234819,-122.3331192
2024-05-25,0.9,14162200,"BLUE RIVER AT BLUE RIVER, OR",44.16234819,-122.3331192
2024-05-26,0.9,14162200,"BLUE RIVER AT BLUE RIVER, OR",44.16234819,-122.3331192
2024-05-27,0.8,14162200,"BLUE RIVER AT BLUE RIVER, OR",44.16234819,-122.3331192
2024-05-28,2.4,14162200,"BLUE RIVER AT BLUE RIVER, OR",44.16234819,-122.3331192
2024-05-29,0.9,14162200,"BLUE RIVER AT BLUE RIVER, OR",44.16234819,-122.3331192
2024-05-30,0.9,14162200,"BLUE RIVER AT BLUE RIVER, OR",44.16234819,-122.3331192
2024-05-31,1.0,14162200,"BLUE RIVER AT BLUE RIVER, OR",44.16234819,-122.3331192
2024-06-01,1.0,14162200,"BLUE RIVER AT BLUE RIVER, OR",44.16234819,-122.3331192
2024-06-02,1.2,14162200,"BLUE RIVER AT BLUE RIVER, OR",44.16234819,-122.3331192
2024-06-03,1.4,14162200,"BLUE RIVER AT BLUE RIVER, OR",44.16234819,-122.3331192
2024-06-04,0.7,14162200,"BLUE RIVER AT BLUE RIVER, OR",44.16234819,-122.3331192
2024-06-05,0.6,14162200,"BLUE RIVER AT BLUE RIVER, OR",44.16234819,-122.3331192
2024-06-06,0.6,14162200,"BLUE RIVER AT BLUE RIVER, OR",44.16234819,-122.3331192
2024-06-07,0.6,14162200,"BLUE RIVER AT BLUE RIVER, OR",44.16234819,-122.3331192
2024-06-08,0.6,14162200,"BLUE RIVER AT BLUE RIVER, OR",44.16234819,-122.3331192
2024-06-09,0.6,14162200,"BLUE RIVER AT BLUE RIVER, OR",44.16234819,-122.3331192
2024-06-10,0.6,14162200,"BLUE RIVER AT BLUE RIVER, OR",44.16234819,-122.3331192
2024-06-11,0.7,14162200,"BLUE RIVER AT BLUE RIVER, OR",44.16234819,-122.3331192
2024-06-12,0.6,14162200,"BLUE RIVER AT BLUE RIVER, OR",44.16234819,-122.3331192
2024-06-13,0.7,14162200,"BLUE RIVER AT BLUE RIVER, OR",44.16234819,-122.3331192
2024-06-14,0.6,14162200,"BLUE RIVER AT BLUE RIVER, OR",44.16234819,-122.3331192
2024-06-15,0.7,14162200,"BLUE RIVER AT BLUE RIVER, OR",44.16234819,-122.3331192
2024-06-16,0.7,14162200,"BLUE RIVER AT BLUE RIVER, OR",44.16234819,-122.3331192
2024-06-17,0.7,14162200,"BLUE RIVER AT BLUE RIVER, OR",44.16234819,-122.3331192
2024-06-18,6.4,14162200,"BLUE RIVER AT BLUE RIVER, OR",44.16234819,-122.3331192
2024-06-19,0.7,14162200,"BLUE RIVER AT BLUE RIVER, OR",44.16234819,-122.3331192
2024-06-20,4.4,14162200,"BLUE RIVER AT BLUE RIVER, OR",44.16234819,-122.3331192
2024-06-21,3.5,14162200,"BLUE RIVER AT BLUE RIVER, OR",44.16234819,-122.3331192
2024-06-22,1.2,14162200,"BLUE RIVER AT BLUE RIVER, OR",44.16234819,-122.3331192
2024-06-23,0.7,14162200,"BLUE RIVER AT BLUE RIVER, OR",44.16234819,-122.3331192
2024-06-24,0.8,14162200,"BLUE RIVER AT BLUE RIVER, OR",44.16234819,-122.3331192
2024-06-25,0.8,14162200,"BLUE RIVER AT BLUE RIVER, OR",44.16234819,-122.3331192
2024-06-26,0.8,14162200,"BLUE RIVER AT BLUE RIVER, OR",44.16234819,-122.3331192
2024-06-27,0.7,14162200,"BLUE RIVER AT BLUE RIVER, OR",44.16234819,-122.3331192
2024-06-28,0.8,14162200,"BLUE RIVER AT BLUE RIVER, OR",44.16234819,-122.3331192
2024-06-29,2.3,14162200,"BLUE RIVER AT BLUE RIVER, OR",44.16234819,-122.3331192
2024-06-30,0.8,14162200,"BLUE RIVER AT BLUE RIVER, OR",44.16234819,-122.3331192
2024-07-01,1.8,14162200,"BLUE RIVER AT BLUE RIVER, OR",44.16234819,-122.3331192
2024-07-02,6.9,14162200,"BLUE RIVER AT BLUE RIVER, OR",44.16234819,-122.3331192
2024-07-03,1.2,14162200,"BLUE RIVER AT BLUE RIVER, OR",44.16234819,-122.3331192
2024-07-04,1.3,14162200,"BLUE RIVER AT BLUE RIVER, OR",44.16234819,-122.3331192
2024-07-05,1.0,14162200,"BLUE RIVER AT BLUE RIVER, OR",44.16234819,-122.3331192
2024-07-06,1.3,14162200,"BLUE RIVER AT BLUE RIVER, OR",44.16234819,-122.3331192
2024-07-07,2.0,14162200,"BLUE RIVER AT BLUE RIVER, OR",44.16234819,-122.3331192
2024-07-08,2.3,14162200,"BLUE RIVER AT BLUE RIVER, OR",44.16234819,-122.3331192
2024-07-09,2.5,14162200,"BLUE RIVER AT BLUE RIVER, OR",44.16234819,-122.3331192
2024-07-10,1.2,14162200,"BLUE RIVER AT BLUE RIVER, OR",44.16234819,-122.3331192
2024-07-11,1.0,14162200,"BLUE RIVER AT BLUE RIVER, OR",44.16234819,-122.3331192
2024-07-12,1.0,14162200,"BLUE RIVER AT BLUE RIVER, OR",44.16234819,-122.3331192
2024-07-13,1.0,14162200,"BLUE RIVER AT BLUE RIVER, OR",44.16234819,-122.3331192
2024-07-14,1.0,14162200,"BLUE RIVER AT BLUE RIVER, OR",44.16234819,-122.3331192
2024-07-15,4.5,14162200,"BLUE RIVER AT BLUE RIVER, OR",44.16234819,-122.3331192
2024-07-16,1.3,14162200,"BLUE RIVER AT BLUE RIVER, OR",44.16234819,-122.3331192
2024-07-17,2.8,14162200,"BLUE RIVER AT BLUE RIVER, OR",44.16234819,-122.3331192
2024-07-18,1.0,14162200,"BLUE RIVER AT BLUE RIVER, OR",44.16234819,-122.3331192
2024-07-19,1.0,14162200,"BLUE RIVER AT BLUE RIVER, OR",44.16234819,-122.3331192
2024-07-20,1.0,14162200,"BLUE RIVER AT BLUE RIVER, OR",44.16234819,-122.3331192
2024-07-21,1.0,14162200,"BLUE RIVER AT BLUE RIVER, OR",44.16234819,-122.3331192
2024-07-22,0.9,14162200,"BLUE RIVER AT BLUE RIVER, OR",44.16234819,-122.3331192
2024-07-23,1.0,14162200,"BLUE RIVER AT BLUE RIVER, OR",44.16234819,-122.3331192
2024-07-24,1.0,14162200,"BLUE RIVER AT BLUE RIVER, OR",44.16234819,-122.3331192
2024-07-25,0.9,14162200,"BLUE RIVER AT BLUE RIVER, OR",44.16234819,-122.3331192
2024-07-26,1.0,14162200,"BLUE RIVER AT BLUE RIVER, OR",44.16234819,-122.3331192
2024-07-27,1.3,14162200,"BLUE RIVER AT BLUE RIVER, OR",44.16234819,-122.3331192
2024-07-28,3.7,14162200,"BLUE RIVER AT BLUE RIVER, OR",44.16234819,-122.3331192
2024-07-29,1.3,14162200,"BLUE RIVER AT BLUE RIVER, OR",44.16234819,-122.3331192
2024-07-30,1.8,14162200,"BLUE RIVER AT BLUE RIVER, OR",44.16234819,-122.3331192
2024-07-31,2.6,14162200,"BLUE RIVER AT BLUE RIVER, OR",44.16234819,-122.3331192
2024-08-01,1.4,14162200,"BLUE RIVER AT BLUE RIVER, OR",44.16234819,-122.3331192
2024-08-02,1.2,14162200,"BLUE RIVER AT BLUE RIVER, OR",44.16234819,-122.3331192
2024-08-03,5.8,14162200,"BLUE RIVER AT BLUE RIVER, OR",44.16234819,-122.3331192
2024-08-04,1.1,14162200,"BLUE RIVER AT BLUE RIVER, OR",44.16234819,-122.3331192
2024-08-05,1.5,14162200,"BLUE RIVER AT BLUE RIVER, OR",44.16234819,-122.3331192
2024-08-06,1.8,14162200,"BLUE RIVER AT BLUE RIVER, OR",44.16234819,-122.3331192
2024-08-07,2.6,14162200,"BLUE RIVER AT BLUE RIVER, OR",44.16234819,-122.3331192
2024-08-08,1.2,14162200,"BLUE RIVER AT BLUE RIVER, OR",44.16234819,-122.3331192
2024-08-09,1.1,14162200,"BLUE RIVER AT BLUE RIVER, OR",44.16234819,-122.3331192
2024-08-10,1.2,14162200,"BLUE RIVER AT BLUE RIVER, OR",44.16234819,-122.3331192
2024-08-11,6.2,14162200,"BLUE RIVER AT BLUE RIVER, OR",44.16234819,-122.3331192
2024-08-12,1.0,14162200,"BLUE RIVER AT BLUE RIVER, OR",44.16234819,-122.3331192
2024-08-13,0.9,14162200,"BLUE RIVER AT BLUE RIVER, OR",44.16234819,-122.3331192
2024-08-14,0.8,14162200,"BLUE RIVER AT BLUE RIVER, OR",44.16234819,-122.3331192
2024-08-15,0.8,14162200,"BLUE RIVER AT BLUE RIVER, OR",44.16234819,-122.3331192
2024-08-16,0.8,14162200,"BLUE RIVER AT BLUE RIVER, OR",44.16234819,-122.3331192
2024-08-17,0.7,14162200,"BLUE RIVER AT BLUE RIVER, OR",44.16234819,-122.3331192
2024-08-18,0.7,14162200,"BLUE RIVER AT BLUE RIVER, OR",44.16234819,-122.3331192
2024-08-19,0.7,14162200,"BLUE RIVER AT BLUE RIVER, OR",44.16234819,-122.3331192
2024-08-20,1.0,14162200,"BLUE RIVER AT BLUE RIVER, OR",44.16234819,-122.3331192
2024-08-21,0.7,14162200,"BLUE RIVER AT BLUE RIVER, OR",44.16234819,-122.3331192
2024-08-22,0.8,14162200,"BLUE RIVER AT BLUE RIVER, OR",44.16234819,-122.3331192
2024-08-23,0.8,14162200,"BLUE RIVER AT BLUE RIVER, OR",44.16234819,-122.3331192
2024-08-24,0.8,14162200,"BLUE RIVER AT BLUE RIVER, OR",44.16234819,-122.3331192
2024-08-25,0.8,14162200,"BLUE RIVER AT BLUE RIVER, OR",44.16234819,-122.3331192
2024-08-26,0.9,14162200,"BLUE RIVER AT BLUE RIVER, OR",44.16234819,-122.3331192
2024-08-27,1.0,14162200,"BLUE RIVER AT BLUE RIVER, OR",44.16234819,-122.3331192
2024-08-28,1.1,14162200,"BLUE RIVER AT BLUE RIVER, OR",44.16234819,-122.3331192
2024-08-29,1.1,14162200,"BLUE RIVER AT BLUE RIVER, OR",44.16234819,-122.3331192
2024-08-30,1.2,14162200,"BLUE RIVER AT BLUE RIVER, OR",44.16234819,-122.3331192
2024-08-31,1.2,14162200,"BLUE RIVER AT BLUE RIVER, OR",44.16234819,-122.3331192
2024-09-01,1.3,14162200,"BLUE RIVER AT BLUE RIVER, OR",44.16234819,-122.3331192
2024-09-02,1.3,14162200,"BLUE RIVER AT BLUE RIVER, OR",44.16234819,-122.3331192
2024-09-03,1.4,14162200,"BLUE RIVER AT BLUE RIVER, OR",44.16234819,-122.3331192
2024-09-04,1.3,14162200,"BLUE RIVER AT BLUE RIVER, OR",44.16234819,-122.3331192
2024-09-05,1.2,14162200,"BLUE RIVER AT BLUE RIVER, OR",44.16234819,-122.3331192
2024-09-06,1.2,14162200,"BLUE RIVER AT BLUE RIVER, OR",44.16234819,-122.3331192
2024-09-07,1.3,14162200,"BLUE RIVER AT BLUE RIVER, OR",44.16234819,-122.3331192
2024-09-08,1.6,14162200,"BLUE RIVER AT BLUE RIVER, OR",44.16234819,-122.3331192
2024-09-09,2.0,14162200,"BLUE RIVER AT BLUE RIVER, OR",44.16234819,-122.3331192
2024-09-10,2.0,14162200,"BLUE RIVER AT BLUE RIVER, OR",44.16234819,-122.3331192
2024-09-11,2.1,14162200,"BLUE RIVER AT BLUE RIVER, OR",44.16234819,-122.3331192
2024-09-12,2.2,14162200,"BLUE RIVER AT BLUE RIVER, OR",44.16234819,-122.3331192
2024-09-13,2.2,14162200,"BLUE RIVER AT BLUE RIVER, OR",44.16234819,-122.3331192
2024-09-14,2.4,14162200,"BLUE RIVER AT BLUE RIVER, OR",44.16234819,-122.3331192
2024-09-15,2.4,14162200,"BLUE RIVER AT BLUE RIVER, OR",44.16234819,-122.3331192
2024-09-16,2.4,14162200,"BLUE RIVER AT BLUE RIVER, OR",44.16234819,-122.3331192
2024-09-17,2.3,14162200,"BLUE RIVER AT BLUE RIVER, OR",44.16234819,-122.3331192
2024-09-18,2.5,14162200,"BLUE RIVER AT BLUE RIVER, OR",44.16234819,-122.3331192
2024-09-19,2.4,14162200,"BLUE RIVER AT BLUE RIVER, OR",44.16234819,-122.3331192
2024-09-20,2.3,14162200,"BLUE RIVER AT BLUE RIVER, OR",44.16234819,-122.3331192
2024-09-21,2.1,14162200,"BLUE RIVER AT BLUE RIVER, OR",44.16234819,-122.3331192
2024-09-22,2.0,14162200,"BLUE RIVER AT BLUE RIVER, OR",44.16234819,-122.3331192
2024-09-23,2.0,14162200,"BLUE RIVER AT BLUE RIVER, OR",44.16234819,-122.3331192
2024-09-24,2.4,14162200,"BLUE RIVER AT BLUE RIVER, OR",44.16234819,-122.3331192
2024-09-25,3.0,14162200,"BLUE RIVER AT BLUE RIVER, OR",44.16234819,-122.3331192
2024-09-26,2.8,14162200,"BLUE RIVER AT BLUE RIVER, OR",44.16234819,-122.3331192
2024-09-27,2.8,14162200,"BLUE RIVER AT BLUE RIVER, OR",44.16234819,-122.3331192
2024-09-28,3.0,14162200,"BLUE RIVER AT BLUE RIVER, OR",44.16234819,-122.3331192
2024-09-29,3.0,14162200,"BLUE RIVER AT BLUE RIVER, OR",44.16234819,-122.3331192
2024-09-30,3.0,14162200,"BLUE RIVER AT BLUE RIVER, OR",44.16234819,-122.3331192
2024-01-05,4.9,14162450,"QUARTZ CREEK NEAR FINN ROCK, OR",44.1233611,-122.3787222
2024-01-06,5.3,14162450,"QUARTZ CREEK NEAR FINN ROCK, OR",44.1233611,-122.3787222
2024-01-07,5.6,14162450,"QUARTZ CREEK NEAR FINN ROCK, OR",44.1233611,-122.3787222
2024-01-08,7.0,14162450,"QUARTZ CREEK NEAR FINN ROCK, OR",44.1233611,-122.3787222
2024-01-09,42.0,14162450,"QUARTZ CREEK NEAR FINN ROCK, OR",44.1233611,-122.3787222
2024-01-10,11.9,14162450,"QUARTZ CREEK NEAR FINN ROCK, OR",44.1233611,-122.3787222
2024-01-11,4.0,14162450,"QUARTZ CREEK NEAR FINN ROCK, OR",44.1233611,-122.3787222
2024-01-12,5.8,14162450,"QUARTZ CREEK NEAR FINN ROCK, OR",44.1233611,-122.3787222
2024-01-13,102.0,14162450,"QUARTZ CREEK NEAR FINN ROCK, OR",44.1233611,-122.3787222
2024-01-14,27.3,14162450,"QUARTZ CREEK NEAR FINN ROCK, OR",44.1233611,-122.3787222
2024-01-15,6.0,14162450,"QUARTZ CREEK NEAR FINN ROCK, OR",44.1233611,-122.3787222
2024-01-16,3.2,14162450,"QUARTZ CREEK NEAR FINN ROCK, OR",44.1233611,-122.3787222
2024-01-17,151.0,14162450,"QUARTZ CREEK NEAR FINN ROCK, OR",44.1233611,-122.3787222
2024-01-18,117.0,14162450,"QUARTZ CREEK NEAR FINN ROCK, OR",44.1233611,-122.3787222
2024-01-19,55.7,14162450,"QUARTZ CREEK NEAR FINN ROCK, OR",44.1233611,-122.3787222
2024-01-20,8.2,14162450,"QUARTZ CREEK NEAR FINN ROCK, OR",44.1233611,-122.3787222
2024-01-21,5.8,14162450,"QUARTZ CREEK NEAR FINN ROCK, OR",44.1233611,-122.3787222
2024-01-22,5.9,14162450,"QUARTZ CREEK NEAR FINN ROCK, OR",44.1233611,-122.3787222
2024-01-23,3.3,14162450,"QUARTZ CREEK NEAR FINN ROCK, OR",44.1233611,-122.3787222
2024-01-24,15.7,14162450,"QUARTZ CREEK NEAR FINN ROCK, OR",44.1233611,-122.3787222
2024-01-25,9.4,14162450,"QUARTZ CREEK NEAR FINN ROCK, OR",44.1233611,-122.3787222
2024-01-26,29.9,14162450,"QUARTZ CREEK NEAR FINN ROCK, OR",44.1233611,-122.3787222
2024-01-27,60.1,14162450,"QUARTZ CREEK NEAR FINN ROCK, OR",44.1233611,-122.3787222
2024-01-28,10.0,14162450,"QUARTZ CREEK NEAR FINN ROCK, OR",44.1233611,-122.3787222
2024-01-29,4.1,14162450,"QUARTZ CREEK NEAR FINN ROCK, OR",44.1233611,-122.3787222
2024-01-30,2.8,14162450,"QUARTZ CREEK NEAR FINN ROCK, OR",44.1233611,-122.3787222
2024-01-31,2.3,14162450,"QUARTZ CREEK NEAR FINN ROCK, OR",44.1233611,-122.3787222
2024-02-01,2.1,14162450,"QUARTZ CREEK NEAR FINN ROCK, OR",44.1233611,-122.3787222
2024-02-02,1.9,14162450,"QUARTZ CREEK NEAR FINN ROCK, OR",44.1233611,-122.3787222
2024-02-03,1.8,14162450,"QUARTZ CREEK NEAR FINN ROCK, OR",44.1233611,-122.3787222
2024-02-04,2.4,14162450,"QUARTZ CREEK NEAR FINN ROCK, OR",44.1233611,-122.3787222
2024-02-05,3.2,14162450,"QUARTZ CREEK NEAR FINN ROCK, OR",44.1233611,-122.3787222
2024-02-06,2.5,14162450,"QUARTZ CREEK NEAR FINN ROCK, OR",44.1233611,-122.3787222
2024-02-07,2.9,14162450,"QUARTZ CREEK NEAR FINN ROCK, OR",44.1233611,-122.3787222
2024-02-08,3.4,14162450,"QUARTZ CREEK NEAR FINN ROCK, OR",44.1233611,-122.3787222
2024-02-09,4.5,14162450,"QUARTZ CREEK NEAR FINN ROCK, OR",44.1233611,-122.3787222
2024-02-10,8.2,14162450,"QUARTZ CREEK NEAR FINN ROCK, OR",44.1233611,-122.3787222
2024-02-11,7.5,14162450,"QUARTZ CREEK NEAR FINN ROCK, OR",44.1233611,-122.3787222
2024-02-12,4.8,14162450,"QUARTZ CREEK NEAR FINN ROCK, OR",44.1233611,-122.3787222
2024-02-13,10.0,14162450,"QUARTZ CREEK NEAR FINN ROCK, OR",44.1233611,-122.3787222
2024-02-14,9.7,14162450,"QUARTZ CREEK NEAR FINN ROCK, OR",44.1233611,-122.3787222
2024-02-15,29.0,14162450,"QUARTZ CREEK NEAR FINN ROCK, OR",44.1233611,-122.3787222
2024-02-16,24.1,14162450,"QUARTZ CREEK NEAR FINN ROCK, OR",44.1233611,-122.3787222
2024-02-17,4.7,14162450,"QUARTZ CREEK NEAR FINN ROCK, OR",44.1233611,-122.3787222
2024-02-18,2.8,14162450,"QUARTZ CREEK NEAR FINN ROCK, OR",44.1233611,-122.3787222
2024-02-19,2.3,14162450,"QUARTZ CREEK NEAR FINN ROCK, OR",44.1233611,-122.3787222
2024-02-20,2.0,14162450,"QUARTZ CREEK NEAR FINN ROCK, OR",44.1233611,-122.3787222
2024-02-21,2.0,14162450,"QUARTZ CREEK NEAR FINN ROCK, OR",44.1233611,-122.3787222
2024-02-22,2.2,14162450,"QUARTZ CREEK NEAR FINN ROCK, OR",44.1233611,-122.3787222
2024-02-23,3.4,14162450,"QUARTZ CREEK NEAR FINN ROCK, OR",44.1233611,-122.3787222
2024-02-24,7.6,14162450,"QUARTZ CREEK NEAR FINN ROCK, OR",44.1233611,-122.3787222
2024-02-25,7.6,14162450,"QUARTZ CREEK NEAR FINN ROCK, OR",44.1233611,-122.3787222
2024-02-26,6.4,14162450,"QUARTZ CREEK NEAR FINN ROCK, OR",44.1233611,-122.3787222
2024-02-27,2.5,14162450,"QUARTZ CREEK NEAR FINN ROCK, OR",44.1233611,-122.3787222
2024-02-28,2.7,14162450,"QUARTZ CREEK NEAR FINN ROCK, OR",44.1233611,-122.3787222
2024-02-29,17.8,14162450,"QUARTZ CREEK NEAR FINN ROCK, OR",44.1233611,-122.3787222
2024-03-01,29.1,14162450,"QUARTZ CREEK NEAR FINN ROCK, OR",44.1233611,-122.3787222
2024-03-02,17.6,14162450,"QUARTZ CREEK NEAR FINN ROCK, OR",44.1233611,-122.3787222
2024-03-03,2.9,14162450,"QUARTZ CREEK NEAR FINN ROCK, OR",44.1233611,-122.3787222
2024-03-04,2.6,14162450,"QUARTZ CREEK NEAR FINN ROCK, OR",44.1233611,-122.3787222
2024-03-05,2.8,14162450,"QUARTZ CREEK NEAR FINN ROCK, OR",44.1233611,-122.3787222
2024-03-06,3.2,14162450,"QUARTZ CREEK NEAR FINN ROCK, OR",44.1233611,-122.3787222
2024-03-07,3.8,14162450,"QUARTZ CREEK NEAR FINN ROCK, OR",44.1233611,-122.3787222
2024-03-08,4.3,14162450,"QUARTZ CREEK NEAR FINN ROCK, OR",44.1233611,-122.3787222
2024-03-09,4.4,14162450,"QUARTZ CREEK NEAR FINN ROCK, OR",44.1233611,-122.3787222
2024-03-10,4.5,14162450,"QUARTZ CREEK NEAR FINN ROCK, OR",44.1233611,-122.3787222
2024-03-11,4.5,14162450,"QUARTZ CREEK NEAR FINN ROCK, OR",44.1233611,-122.3787222
2024-03-12,6.6,14162450,"QUARTZ CREEK NEAR FINN ROCK, OR",44.1233611,-122.3787222
2024-03-13,4.9,14162450,"QUARTZ CREEK NEAR FINN ROCK, OR",44.1233611,-122.3787222
2024-03-14,4.5,14162450,"QUARTZ CREEK NEAR FINN ROCK, OR",44.1233611,-122.3787222
2024-03-15,4.1,14162450,"QUARTZ CREEK NEAR FINN ROCK, OR",44.1233611,-122.3787222
2024-03-16,3.8,14162450,"QUARTZ CREEK NEAR FINN ROCK, OR",44.1233611,-122.3787222
2024-03-17,3.7,14162450,"QUARTZ CREEK NEAR FINN ROCK, OR",44.1233611,-122.3787222
2024-03-18,4.0,14162450,"QUARTZ CREEK NEAR FINN ROCK, OR",44.1233611,-122.3787222
2024-03-19,4.0,14162450,"QUARTZ CREEK NEAR FINN ROCK, OR",44.1233611,-122.3787222
2024-03-20,3.7,14162450,"QUARTZ CREEK NEAR FINN ROCK, OR",44.1233611,-122.3787222
2024-03-21,3.4,14162450,"QUARTZ CREEK NEAR FINN ROCK, OR",44.1233611,-122.3787222
2024-03-22,3.5,14162450,"QUARTZ CREEK NEAR FINN ROCK, OR",44.1233611,-122.3787222
2024-03-23,3.6,14162450,"QUARTZ CREEK NEAR FINN ROCK, OR",44.1233611,-122.3787222
2024-03-24,3.4,14162450,"QUARTZ CREEK NEAR FINN ROCK, OR",44.1233611,-122.3787222
2024-03-25,3.9,14162450,"QUARTZ CREEK NEAR FINN ROCK, OR",44.1233611,-122.3787222
2024-03-26,3.8,14162450,"QUARTZ CREEK NEAR FINN ROCK, OR",44.1233611,-122.3787222
2024-03-27,9.6,14162450,"QUARTZ CREEK NEAR FINN ROCK, OR",44.1233611,-122.3787222
2024-03-28,5.3,14162450,"QUARTZ CREEK NEAR FINN ROCK, OR",44.1233611,-122.3787222
2024-03-29,3.9,14162450,"QUARTZ CREEK NEAR FINN ROCK, OR",44.1233611,-122.3787222
2024-03-30,4.0,14162450,"QUARTZ CREEK NEAR FINN ROCK, OR",44.1233611,-122.3787222
2024-03-31,3.5,14162450,"QUARTZ CREEK NEAR FINN ROCK, OR",44.1233611,-122.3787222
2024-04-01,3.4,14162450,"QUARTZ CREEK NEAR FINN ROCK, OR",44.1233611,-122.3787222
2024-04-02,3.3,14162450,"QUARTZ CREEK NEAR FINN ROCK, OR",44.1233611,-122.3787222
2024-04-03,3.8,14162450,"QUARTZ CREEK NEAR FINN ROCK, OR",44.1233611,-122.3787222
2024-04-04,3.6,14162450,"QUARTZ CREEK NEAR FINN ROCK, OR",44.1233611,-122.3787222
2024-04-05,3.2,14162450,"QUARTZ CREEK NEAR FINN ROCK, OR",44.1233611,-122.3787222
2024-04-06,3.4,14162450,"QUARTZ CREEK NEAR FINN ROCK, OR",44.1233611,-122.3787222
2024-04-07,3.6,14162450,"QUARTZ CREEK NEAR FINN ROCK, OR",44.1233611,-122.3787222
2024-04-08,4.1,14162450,"QUARTZ CREEK NEAR FINN ROCK, OR",44.1233611,-122.3787222
2024-04-09,3.4,14162450,"QUARTZ CREEK NEAR FINN ROCK, OR",44.1233611,-122.3787222
2024-04-10,3.4,14162450,"QUARTZ CREEK NEAR FINN ROCK, OR",44.1233611,-122.3787222
2024-04-11,4.1,14162450,"QUARTZ CREEK NEAR FINN ROCK, OR",44.1233611,-122.3787222
2024-04-12,6.6,14162450,"QUARTZ CREEK NEAR FINN ROCK, OR",44.1233611,-122.3787222
2024-04-13,11.0,14162450,"QUARTZ CREEK NEAR FINN ROCK, OR",44.1233611,-122.3787222
2024-04-14,5.5,14162450,"QUARTZ CREEK NEAR FINN ROCK, OR",44.1233611,-122.3787222
2024-04-15,6.4,14162450,"QUARTZ CREEK NEAR FINN ROCK, OR",44.1233611,-122.3787222
2024-04-16,5.4,14162450,"QUARTZ CREEK NEAR FINN ROCK, OR",44.1233611,-122.3787222
2024-04-17,4.3,14162450,"QUARTZ CREEK NEAR FINN ROCK, OR",44.1233611,-122.3787222
2024-04-18,3.8,14162450,"QUARTZ CREEK NEAR FINN ROCK, OR",44.1233611,-122.3787222
2024-04-19,4.4,14162450,"QUARTZ CREEK NEAR FINN ROCK, OR",44.1233611,-122.3787222
2024-04-20,4.4,14162450,"QUARTZ CREEK NEAR FINN ROCK, OR",44.1233611,-122.3787222
2024-04-21,5.7,14162450,"QUARTZ CREEK NEAR FINN ROCK, OR",44.1233611,-122.3787222
2024-04-22,7.1,14162450,"QUARTZ CREEK NEAR FINN ROCK, OR",44.1233611,-122.3787222
2024-04-23,5.9,14162450,"QUARTZ CREEK NEAR FINN ROCK, OR",44.1233611,-122.3787222
2024-04-24,8.2,14162450,"QUARTZ CREEK NEAR FINN ROCK, OR",44.1233611,-122.3787222
2024-04-25,12.3,14162450,"QUARTZ CREEK NEAR FINN ROCK, OR",44.1233611,-122.3787222
2024-04-26,9.0,14162450,"QUARTZ CREEK NEAR FINN ROCK, OR",44.1233611,-122.3787222
2024-04-27,8.5,14162450,"QUARTZ CREEK NEAR FINN ROCK, OR",44.1233611,-122.3787222
2024-04-28,5.3,14162450,"QUARTZ CREEK NEAR FINN ROCK, OR",44.1233611,-122.3787222
2024-04-29,5.5,14162450,"QUARTZ CREEK NEAR FINN ROCK, OR",44.1233611,-122.3787222
2024-04-30,2.9,14162450,"QUARTZ CREEK NEAR FINN ROCK, OR",44.1233611,-122.3787222
2024-05-01,1.8,14162450,"QUARTZ CREEK NEAR FINN ROCK, OR",44.1233611,-122.3787222
2024-05-02,3.6,14162450,"QUARTZ CREEK NEAR FINN ROCK, OR",44.1233611,-122.3787222
2024-05-03,2.4,14162450,"QUARTZ CREEK NEAR FINN ROCK, OR",44.1233611,-122.3787222
2024-05-04,12.3,14162450,"QUARTZ CREEK NEAR FINN ROCK, OR",44.1233611,-122.3787222
2024-05-05,17.0,14162450,"QUARTZ CREEK NEAR FINN ROCK, OR",44.1233611,-122.3787222
2024-05-06,6.3,14162450,"QUARTZ CREEK NEAR FINN ROCK, OR",44.1233611,-122.3787222
2024-05-07,5.5,14162450,"QUARTZ CREEK NEAR FINN ROCK, OR",44.1233611,-122.3787222
2024-05-08,3.1,14162450,"QUARTZ CREEK NEAR FINN ROCK, OR",44.1233611,-122.3787222
2024-05-09,2.2,14162450,"QUARTZ CREEK NEAR FINN ROCK, OR",44.1233611,-122.3787222
2024-05-10,1.7,14162450,"QUARTZ CREEK NEAR FINN ROCK, OR",44.1233611,-122.3787222
2024-05-11,1.4,14162450,"QUARTZ CREEK NEAR FINN ROCK, OR",44.1233611,-122.3787222
2024-05-12,1.2,14162450,"QUARTZ CREEK NEAR FINN ROCK, OR",44.1233611,-122.3787222
2024-05-13,1.1,14162450,"QUARTZ CREEK NEAR FINN ROCK, OR",44.1233611,-122.3787222
2024-05-14,1.1,14162450,"QUARTZ CREEK NEAR FINN ROCK, OR",44.1233611,-122.3787222
2024-05-15,1.0,14162450,"QUARTZ CREEK NEAR FINN ROCK, OR",44.1233611,-122.3787222
2024-05-16,0.9,14162450,"QUARTZ CREEK NEAR FINN ROCK, OR",44.1233611,-122.3787222
2024-05-17,0.9,14162450,"QUARTZ CREEK NEAR FINN ROCK, OR",44.1233611,-122.3787222
2024-05-18,0.8,14162450,"QUARTZ CREEK NEAR FINN ROCK, OR",44.1233611,-122.3787222
2024-05-19,0.7,14162450,"QUARTZ CREEK NEAR FINN ROCK, OR",44.1233611,-122.3787222
2024-05-20,0.7,14162450,"QUARTZ CREEK NEAR FINN ROCK, OR",44.1233611,-122.3787222
2024-05-21,1.1,14162450,"QUARTZ CREEK NEAR FINN ROCK, OR",44.1233611,-122.3787222
2024-05-22,1.2,14162450,"QUARTZ CREEK NEAR FINN ROCK, OR",44.1233611,-122.3787222
2024-05-23,0.7,14162450,"QUARTZ CREEK NEAR FINN ROCK, OR",44.1233611,-122.3787222
2024-05-24,0.7,14162450,"QUARTZ CREEK NEAR FINN ROCK, OR",44.1233611,-122.3787222
2024-05-25,0.8,14162450,"QUARTZ CREEK NEAR FINN ROCK, OR",44.1233611,-122.3787222
2024-05-26,1.0,14162450,"QUARTZ CREEK NEAR FINN ROCK, OR",44.1233611,-122.3787222
2024-05-27,0.8,14162450,"QUARTZ CREEK NEAR FINN ROCK, OR",44.1233611,-122.3787222
2024-05-28,0.8,14162450,"QUARTZ CREEK NEAR FINN ROCK, OR",44.1233611,-122.3787222
2024-05-29,0.7,14162450,"QUARTZ CREEK NEAR FINN ROCK, OR",44.1233611,-122.3787222
2024-05-30,0.6,14162450,"QUARTZ CREEK NEAR FINN ROCK, OR",44.1233611,-122.3787222
2024-05-31,0.6,14162450,"QUARTZ CREEK NEAR FINN ROCK, OR",44.1233611,-122.3787222
2024-06-01,0.6,14162450,"QUARTZ CREEK NEAR FINN ROCK, OR",44.1233611,-122.3787222
2024-06-02,3.1,14162450,"QUARTZ CREEK NEAR FINN ROCK, OR",44.1233611,-122.3787222
2024-06-03,7.9,14162450,"QUARTZ CREEK NEAR FINN ROCK, OR",44.1233611,-122.3787222
2024-06-04,1.4,14162450,"QUARTZ CREEK NEAR FINN ROCK, OR",44.1233611,-122.3787222
2024-06-05,0.9,14162450,"QUARTZ CREEK NEAR FINN ROCK, OR",44.1233611,-122.3787222
2024-06-06,0.7,14162450,"QUARTZ CREEK NEAR FINN ROCK, OR",44.1233611,-122.3787222
2024-06-07,0.7,14162450,"QUARTZ CREEK NEAR FINN ROCK, OR",44.1233611,-122.3787222
2024-06-08,0.6,14162450,"QUARTZ CREEK NEAR FINN ROCK, OR",44.1233611,-122.3787222
2024-06-09,0.6,14162450,"QUARTZ CREEK NEAR FINN ROCK, OR",44.1233611,-122.3787222
2024-06-10,0.7,14162450,"QUARTZ CREEK NEAR FINN ROCK, OR",44.1233611,-122.3787222
2024-06-11,0.5,14162450,"QUARTZ CREEK NEAR FINN ROCK, OR",44.1233611,-122.3787222
2024-06-12,0.6,14162450,"QUARTZ CREEK NEAR FINN ROCK, OR",44.1233611,-122.3787222
2024-06-13,0.5,14162450,"QUARTZ CREEK NEAR FINN ROCK, OR",44.1233611,-122.3787222
2024-06-14,0.4,14162450,"QUARTZ CREEK NEAR FINN ROCK, OR",44.1233611,-122.3787222
2024-06-15,0.6,14162450,"QUARTZ CREEK NEAR FINN ROCK, OR",44.1233611,-122.3787222
2024-06-16,0.6,14162450,"QUARTZ CREEK NEAR FINN ROCK, OR",44.1233611,-122.3787222
2024-06-17,0.5,14162450,"QUARTZ CREEK NEAR FINN ROCK, OR",44.1233611,-122.3787222
2024-06-18,0.5,14162450,"QUARTZ CREEK NEAR FINN ROCK, OR",44.1233611,-122.3787222
2024-06-19,0.6,14162450,"QUARTZ CREEK NEAR FINN ROCK, OR",44.1233611,-122.3787222
2024-06-20,0.6,14162450,"QUARTZ CREEK NEAR FINN ROCK, OR",44.1233611,-122.3787222
2024-06-21,0.6,14162450,"QUARTZ CREEK NEAR FINN ROCK, OR",44.1233611,-122.3787222
2024-06-22,0.6,14162450,"QUARTZ CREEK NEAR FINN ROCK, OR",44.1233611,-122.3787222
2024-06-23,0.6,14162450,"QUARTZ CREEK NEAR FINN ROCK, OR",44.1233611,-122.3787222
2024-06-24,0.4,14162450,"QUARTZ CREEK NEAR FINN ROCK, OR",44.1233611,-122.3787222
2024-06-25,0.4,14162450,"QUARTZ CREEK NEAR FINN ROCK, OR",44.1233611,-122.3787222
2024-06-26,0.4,14162450,"QUARTZ CREEK NEAR FINN ROCK, OR",44.1233611,-122.3787222
2024-06-27,0.4,14162450,"QUARTZ CREEK NEAR FINN ROCK, OR",44.1233611,-122.3787222
2024-06-28,0.4,14162450,"QUARTZ CREEK NEAR FINN ROCK, OR",44.1233611,-122.3787222
2024-06-29,0.4,14162450,"QUARTZ CREEK NEAR FINN ROCK, OR",44.1233611,-122.3787222
2024-06-30,0.4,14162450,"QUARTZ CREEK NEAR FINN ROCK, OR",44.1233611,-122.3787222
2024-07-01,0.5,14162450,"QUARTZ CREEK NEAR FINN ROCK, OR",44.1233611,-122.3787222
2024-07-02,0.4,14162450,"QUARTZ CREEK NEAR FINN ROCK, OR",44.1233611,-122.3787222
2024-07-03,0.4,14162450,"QUARTZ CREEK NEAR FINN ROCK, OR",44.1233611,-122.3787222
2024-07-04,0.4,14162450,"QUARTZ CREEK NEAR FINN ROCK, OR",44.1233611,-122.3787222
2024-07-05,0.4,14162450,"QUARTZ CREEK NEAR FINN ROCK, OR",44.1233611,-122.3787222
2024-07-06,0.4,14162450,"QUARTZ CREEK NEAR FINN ROCK, OR",44.1233611,-122.3787222
2024-07-07,0.4,14162450,"QUARTZ CREEK NEAR FINN ROCK, OR",44.1233611,-122.3787222
2024-07-23,0.5,14162450,"QUARTZ CREEK NEAR FINN ROCK, OR",44.1233611,-122.3787222
2024-07-24,0.3,14162450,"QUARTZ CREEK NEAR FINN ROCK, OR",44.1233611,-122.3787222
2024-07-25,0.3,14162450,"QUARTZ CREEK NEAR FINN ROCK, OR",44.1233611,-122.3787222
2024-07-26,0.3,14162450,"QUARTZ CREEK NEAR FINN ROCK, OR",44.1233611,-122.3787222
2024-07-27,0.5,14162450,"QUARTZ CREEK NEAR FINN ROCK, OR",44.1233611,-122.3787222
2024-07-28,0.4,14162450,"QUARTZ CREEK NEAR FINN ROCK, OR",44.1233611,-122.3787222
2024-07-29,0.4,14162450,"QUARTZ CREEK NEAR FINN ROCK, OR",44.1233611,-122.3787222
2024-07-30,0.4,14162450,"QUARTZ CREEK NEAR FINN ROCK, OR",44.1233611,-122.3787222
2024-07-31,0.4,14162450,"QUARTZ CREEK NEAR FINN ROCK, OR",44.1233611,-122.3787222
2024-08-01,0.5,14162450,"QUARTZ CREEK NEAR FINN ROCK, OR",44.1233611,-122.3787222
2024-08-02,0.4,14162450,"QUARTZ CREEK NEAR FINN ROCK, OR",44.1233611,-122.3787222
2024-08-03,0.4,14162450,"QUARTZ CREEK NEAR FINN ROCK, OR",44.1233611,-122.3787222
2024-08-04,0.4,14162450,"QUARTZ CREEK NEAR FINN ROCK, OR",44.1233611,-122.3787222
2024-08-05,0.6,14162450,"QUARTZ CREEK NEAR FINN ROCK, OR",44.1233611,-122.3787222
2024-08-06,0.5,14162450,"QUARTZ CREEK NEAR FINN ROCK, OR",44.1233611,-122.3787222
2024-08-07,0.7,14162450,"QUARTZ CREEK NEAR FINN ROCK, OR",44.1233611,-122.3787222
2024-08-08,0.5,14162450,"QUARTZ CREEK NEAR FINN ROCK, OR",44.1233611,-122.3787222
2024-08-09,0.5,14162450,"QUARTZ CREEK NEAR FINN ROCK, OR",44.1233611,-122.3787222
2024-08-10,0.5,14162450,"QUARTZ CREEK NEAR FINN ROCK, OR",44.1233611,-122.3787222
2024-08-11,0.4,14162450,"QUARTZ CREEK NEAR FINN ROCK, OR",44.1233611,-122.3787222
2024-08-12,0.5,14162450,"QUARTZ CREEK NEAR FINN ROCK, OR",44.1233611,-122.3787222
2024-08-13,0.7,14162450,"QUARTZ CREEK NEAR FINN ROCK, OR",44.1233611,-122.3787222
2024-08-14,0.4,14162450,"QUARTZ CREEK NEAR FINN ROCK, OR",44.1233611,-122.3787222
2024-08-15,0.7,14162450,"QUARTZ CREEK NEAR FINN ROCK, OR",44.1233611,-122.3787222
2024-08-16,0.6,14162450,"QUARTZ CREEK NEAR FINN ROCK, OR",44.1233611,-122.3787222
2024-08-17,0.9,14162450,"QUARTZ CREEK NEAR FINN ROCK, OR",44.1233611,-122.3787222
2024-08-18,1.0,14162450,"QUARTZ CREEK NEAR FINN ROCK, OR",44.1233611,-122.3787222
2024-08-19,0.6,14162450,"QUARTZ CREEK NEAR FINN ROCK, OR",44.1233611,-122.3787222
2024-08-20,0.7,14162450,"QUARTZ CREEK NEAR FINN ROCK, OR",44.1233611,-122.3787222
2024-08-21,0.6,14162450,"QUARTZ CREEK NEAR FINN ROCK, OR",44.1233611,-122.3787222
2024-08-22,0.9,14162450,"QUARTZ CREEK NEAR FINN ROCK, OR",44.1233611,-122.3787222
2024-08-23,0.8,14162450,"QUARTZ CREEK NEAR FINN ROCK, OR",44.1233611,-122.3787222
2024-08-24,0.9,14162450,"QUARTZ CREEK NEAR FINN ROCK, OR",44.1233611,-122.3787222
2024-08-25,0.7,14162450,"QUARTZ CREEK NEAR FINN ROCK, OR",44.1233611,-122.3787222
2024-08-26,0.7,14162450,"QUARTZ CREEK NEAR FINN ROCK, OR",44.1233611,-122.3787222
2024-08-27,0.8,14162450,"QUARTZ CREEK NEAR FINN ROCK, OR",44.1233611,-122.3787222
2024-08-28,0.7,14162450,"QUARTZ CREEK NEAR FINN ROCK, OR",44.1233611,-122.3787222
2024-08-29,0.6,14162450,"QUARTZ CREEK NEAR FINN ROCK, OR",44.1233611,-122.3787222
2024-08-30,0.6,14162450,"QUARTZ CREEK NEAR FINN ROCK, OR",44.1233611,-122.3787222
2024-08-31,0.7,14162450,"QUARTZ CREEK NEAR FINN ROCK, OR",44.1233611,-122.3787222
2024-09-01,0.7,14162450,"QUARTZ CREEK NEAR FINN ROCK, OR",44.1233611,-122.3787222
2024-09-02,0.7,14162450,"QUARTZ CREEK NEAR FINN ROCK, OR",44.1233611,-122.3787222
2024-09-03,0.7,14162450,"QUARTZ CREEK NEAR FINN ROCK, OR",44.1233611,-122.3787222
2024-09-04,0.7,14162450,"QUARTZ CREEK NEAR FINN ROCK, OR",44.1233611,-122.3787222
2024-09-05,0.7,14162450,"QUARTZ CREEK NEAR FINN ROCK, OR",44.1233611,-122.3787222
2024-09-06,0.5,14162450,"QUARTZ CREEK NEAR FINN ROCK, OR",44.1233611,-122.3787222
2024-09-07,0.5,14162450,"QUARTZ CREEK NEAR FINN ROCK, OR",44.1233611,-122.3787222
2024-09-08,0.5,14162450,"QUARTZ CREEK NEAR FINN ROCK, OR",44.1233611,-122.3787222
2024-09-09,0.5,14162450,"QUARTZ CREEK NEAR FINN ROCK, OR",44.1233611,-122.3787222
2024-09-10,0.7,14162450,"QUARTZ CREEK NEAR FINN ROCK, OR",44.1233611,-122.3787222
2024-09-11,1.0,14162450,"QUARTZ CREEK NEAR FINN ROCK, OR",44.1233611,-122.3787222
2024-09-12,1.2,14162450,"QUARTZ CREEK NEAR FINN ROCK, OR",44.1233611,-122.3787222
2024-09-13,0.8,14162450,"QUARTZ CREEK NEAR FINN ROCK, OR",44.1233611,-122.3787222
2024-09-14,0.7,14162450,"QUARTZ CREEK NEAR FINN ROCK, OR",44.1233611,-122.3787222
2024-09-15,0.9,14162450,"QUARTZ CREEK NEAR FINN ROCK, OR",44.1233611,-122.3787222
2024-09-16,0.8,14162450,"QUARTZ CREEK NEAR FINN ROCK, OR",44.1233611,-122.3787222
2024-09-17,0.8,14162450,"QUARTZ CREEK NEAR FINN ROCK, OR",44.1233611,-122.3787222
2024-09-18,0.9,14162450,"QUARTZ CREEK NEAR FINN ROCK, OR",44.1233611,-122.3787222
2024-09-19,0.7,14162450,"QUARTZ CREEK NEAR FINN ROCK, OR",44.1233611,-122.3787222
2024-09-20,0.8,14162450,"QUARTZ CREEK NEAR FINN ROCK, OR",44.1233611,-122.3787222
2024-09-21,0.8,14162450,"QUARTZ CREEK NEAR FINN ROCK, OR",44.1233611,-122.3787222
2024-09-22,0.7,14162450,"QUARTZ CREEK NEAR FINN ROCK, OR",44.1233611,-122.3787222
2024-09-23,0.7,14162450,"QUARTZ CREEK NEAR FINN ROCK, OR",44.1233611,-122.3787222
2024-09-24,0.6,14162450,"QUARTZ CREEK NEAR FINN ROCK, OR",44.1233611,-122.3787222
2024-09-25,0.7,14162450,"QUARTZ CREEK NEAR FINN ROCK, OR",44.1233611,-122.3787222
2024-09-26,0.6,14162450,"QUARTZ CREEK NEAR FINN ROCK, OR",44.1233611,-122.3787222
2024-09-27,0.7,14162450,"QUARTZ CREEK NEAR FINN ROCK, OR",44.1233611,-122.3787222
2024-09-28,0.6,14162450,"QUARTZ CREEK NEAR FINN ROCK, OR",44.1233611,-122.3787222
2024-09-29,0.6,14162450,"QUARTZ CREEK NEAR FINN ROCK, OR",44.1233611,-122.3787222
2024-09-30,0.8,14162450,"QUARTZ CREEK NEAR FINN ROCK, OR",44.1233611,-122.3787222
2024-01-01,0.7,14162500,"MCKENZIE RIVER NEAR VIDA, OR",44.1248487,-122.47062
2024-01-02,0.7,14162500,"MCKENZIE RIVER NEAR VIDA, OR",44.1248487,-122.47062
2024-01-03,0.8,14162500,"MCKENZIE RIVER NEAR VIDA, OR",44.1248487,-122.47062
2024-01-04,1.0,14162500,"MCKENZIE RIVER NEAR VIDA, OR",44.1248487,-122.47062
2024-01-05,1.5,14162500,"MCKENZIE RIVER NEAR VIDA, OR",44.1248487,-122.47062
2024-01-06,1.8,14162500,"MCKENZIE RIVER NEAR VIDA, OR",44.1248487,-122.47062
2024-01-07,1.4,14162500,"MCKENZIE RIVER NEAR VIDA, OR",44.1248487,-122.47062
2024-01-08,1.9,14162500,"MCKENZIE RIVER NEAR VIDA, OR",44.1248487,-122.47062
2024-01-09,13.5,14162500,"MCKENZIE RIVER NEAR VIDA, OR",44.1248487,-122.47062
2024-01-10,7.8,14162500,"MCKENZIE RIVER NEAR VIDA, OR",44.1248487,-122.47062
2024-01-11,3.3,14162500,"MCKENZIE RIVER NEAR VIDA, OR",44.1248487,-122.47062
2024-01-12,3.4,14162500,"MCKENZIE RIVER NEAR VIDA, OR",44.1248487,-122.47062
2024-01-13,22.5,14162500,"MCKENZIE RIVER NEAR VIDA, OR",44.1248487,-122.47062
2024-01-14,11.6,14162500,"MCKENZIE RIVER NEAR VIDA, OR",44.1248487,-122.47062
2024-01-15,2.3,14162500,"MCKENZIE RIVER NEAR VIDA, OR",44.1248487,-122.47062
2024-01-16,2.0,14162500,"MCKENZIE RIVER NEAR VIDA, OR",44.1248487,-122.47062
2024-01-17,136.0,14162500,"MCKENZIE RIVER NEAR VIDA, OR",44.1248487,-122.47062
2024-01-18,74.2,14162500,"MCKENZIE RIVER NEAR VIDA, OR",44.1248487,-122.47062
2024-01-19,8.0,14162500,"MCKENZIE RIVER NEAR VIDA, OR",44.1248487,-122.47062
2024-01-20,4.5,14162500,"MCKENZIE RIVER NEAR VIDA, OR",44.1248487,-122.47062
2024-01-21,3.9,14162500,"MCKENZIE RIVER NEAR VIDA, OR",44.1248487,-122.47062
2024-01-22,5.2,14162500,"MCKENZIE RIVER NEAR VIDA, OR",44.1248487,-122.47062
2024-01-23,4.3,14162500,"MCKENZIE RIVER NEAR VIDA, OR",44.1248487,-122.47062
2024-01-24,4.0,14162500,"MCKENZIE RIVER NEAR VIDA, OR",44.1248487,-122.47062
2024-01-25,4.7,14162500,"MCKENZIE RIVER NEAR VIDA, OR",44.1248487,-122.47062
2024-01-26,7.8,14162500,"MCKENZIE RIVER NEAR VIDA, OR",44.1248487,-122.47062
2024-01-27,14.4,14162500,"MCKENZIE RIVER NEAR VIDA, OR",44.1248487,-122.47062
2024-01-28,7.7,14162500,"MCKENZIE RIVER NEAR VIDA, OR",44.1248487,-122.47062
2024-01-29,5.0,14162500,"MCKENZIE RIVER NEAR VIDA, OR",44.1248487,-122.47062
2024-01-30,3.6,14162500,"MCKENZIE RIVER NEAR VIDA, OR",44.1248487,-122.47062
2024-01-31,3.5,14162500,"MCKENZIE RIVER NEAR VIDA, OR",44.1248487,-122.47062
2024-02-01,4.2,14162500,"MCKENZIE RIVER NEAR VIDA, OR",44.1248487,-122.47062
2024-02-02,3.0,14162500,"MCKENZIE RIVER NEAR VIDA, OR",44.1248487,-122.47062
2024-02-03,2.6,14162500,"MCKENZIE RIVER NEAR VIDA, OR",44.1248487,-122.47062
2024-02-04,2.4,14162500,"MCKENZIE RIVER NEAR VIDA, OR",44.1248487,-122.47062
2024-02-05,2.2,14162500,"MCKENZIE RIVER NEAR VIDA, OR",44.1248487,-122.47062
2024-02-06,2.2,14162500,"MCKENZIE RIVER NEAR VIDA, OR",44.1248487,-122.47062
2024-02-07,2.0,14162500,"MCKENZIE RIVER NEAR VIDA, OR",44.1248487,-122.47062
2024-02-08,1.8,14162500,"MCKENZIE RIVER NEAR VIDA, OR",44.1248487,-122.47062
2024-02-09,1.6,14162500,"MCKENZIE RIVER NEAR VIDA, OR",44.1248487,-122.47062
2024-02-10,1.5,14162500,"MCKENZIE RIVER NEAR VIDA, OR",44.1248487,-122.47062
2024-02-11,1.4,14162500,"MCKENZIE RIVER NEAR VIDA, OR",44.1248487,-122.47062
2024-02-12,1.3,14162500,"MCKENZIE RIVER NEAR VIDA, OR",44.1248487,-122.47062
2024-02-13,1.3,14162500,"MCKENZIE RIVER NEAR VIDA, OR",44.1248487,-122.47062
2024-02-14,1.4,14162500,"MCKENZIE RIVER NEAR VIDA, OR",44.1248487,-122.47062
2024-02-15,7.5,14162500,"MCKENZIE RIVER NEAR VIDA, OR",44.1248487,-122.47062
2024-02-16,7.5,14162500,"MCKENZIE RIVER NEAR VIDA, OR",44.1248487,-122.47062
2024-02-17,1.8,14162500,"MCKENZIE RIVER NEAR VIDA, OR",44.1248487,-122.47062
2024-02-18,1.4,14162500,"MCKENZIE RIVER NEAR VIDA, OR",44.1248487,-122.47062
2024-02-19,1.3,14162500,"MCKENZIE RIVER NEAR VIDA, OR",44.1248487,-122.47062
2024-02-20,1.2,14162500,"MCKENZIE RIVER NEAR VIDA, OR",44.1248487,-122.47062
2024-02-21,1.2,14162500,"MCKENZIE RIVER NEAR VIDA, OR",44.1248487,-122.47062
2024-02-22,1.3,14162500,"MCKENZIE RIVER NEAR VIDA, OR",44.1248487,-122.47062
2024-02-23,1.2,14162500,"MCKENZIE RIVER NEAR VIDA, OR",44.1248487,-122.47062
2024-02-24,1.2,14162500,"MCKENZIE RIVER NEAR VIDA, OR",44.1248487,-122.47062
2024-02-25,1.2,14162500,"MCKENZIE RIVER NEAR VIDA, OR",44.1248487,-122.47062
2024-02-26,1.5,14162500,"MCKENZIE RIVER NEAR VIDA, OR",44.1248487,-122.47062
2024-02-27,1.1,14162500,"MCKENZIE RIVER NEAR VIDA, OR",44.1248487,-122.47062
2024-02-28,1.2,14162500,"MCKENZIE RIVER NEAR VIDA, OR",44.1248487,-122.47062
2024-02-29,3.6,14162500,"MCKENZIE RIVER NEAR VIDA, OR",44.1248487,-122.47062
2024-03-01,2.7,14162500,"MCKENZIE RIVER NEAR VIDA, OR",44.1248487,-122.47062
2024-03-02,2.2,14162500,"MCKENZIE RIVER NEAR VIDA, OR",44.1248487,-122.47062
2024-03-03,1.5,14162500,"MCKENZIE RIVER NEAR VIDA, OR",44.1248487,-122.47062
2024-03-04,1.4,14162500,"MCKENZIE RIVER NEAR VIDA, OR",44.1248487,-122.47062
2024-03-05,1.3,14162500,"MCKENZIE RIVER NEAR VIDA, OR",44.1248487,-122.47062
2024-03-06,1.3,14162500,"MCKENZIE RIVER NEAR VIDA, OR",44.1248487,-122.47062
2024-03-07,1.2,14162500,"MCKENZIE RIVER NEAR VIDA, OR",44.1248487,-122.47062
2024-03-08,1.2,14162500,"MCKENZIE RIVER NEAR VIDA, OR",44.1248487,-122.47062
2024-03-09,1.2,14162500,"MCKENZIE RIVER NEAR VIDA, OR",44.1248487,-122.47062
2024-03-10,1.4,14162500,"MCKENZIE RIVER NEAR VIDA, OR",44.1248487,-122.47062
2024-03-11,1.3,14162500,"MCKENZIE RIVER NEAR VIDA, OR",44.1248487,-122.47062
2024-03-12,1.7,14162500,"MCKENZIE RIVER NEAR VIDA, OR",44.1248487,-122.47062
2024-03-13,1.5,14162500,"MCKENZIE RIVER NEAR VIDA, OR",44.1248487,-122.47062
2024-03-14,1.2,14162500,"MCKENZIE RIVER NEAR VIDA, OR",44.1248487,-122.47062
2024-03-15,1.0,14162500,"MCKENZIE RIVER NEAR VIDA, OR",44.1248487,-122.47062
2024-03-16,1.0,14162500,"MCKENZIE RIVER NEAR VIDA, OR",44.1248487,-122.47062
2024-03-17,1.1,14162500,"MCKENZIE RIVER NEAR VIDA, OR",44.1248487,-122.47062
2024-03-18,1.1,14162500,"MCKENZIE RIVER NEAR VIDA, OR",44.1248487,-122.47062
2024-03-19,1.2,14162500,"MCKENZIE RIVER NEAR VIDA, OR",44.1248487,-122.47062
2024-03-20,1.2,14162500,"MCKENZIE RIVER NEAR VIDA, OR",44.1248487,-122.47062
2024-03-21,1.1,14162500,"MCKENZIE RIVER NEAR VIDA, OR",44.1248487,-122.47062
2024-03-22,1.2,14162500,"MCKENZIE RIVER NEAR VIDA, OR",44.1248487,-122.47062
2024-03-23,1.1,14162500,"MCKENZIE RIVER NEAR VIDA, OR",44.1248487,-122.47062
2024-03-24,1.2,14162500,"MCKENZIE RIVER NEAR VIDA, OR",44.1248487,-122.47062
2024-03-25,1.0,14162500,"MCKENZIE RIVER NEAR VIDA, OR",44.1248487,-122.47062
2024-03-26,1.1,14162500,"MCKENZIE RIVER NEAR VIDA, OR",44.1248487,-122.47062
2024-03-27,2.0,14162500,"MCKENZIE RIVER NEAR VIDA, OR",44.1248487,-122.47062
2024-03-28,1.6,14162500,"MCKENZIE RIVER NEAR VIDA, OR",44.1248487,-122.47062
2024-03-29,1.3,14162500,"MCKENZIE RIVER NEAR VIDA, OR",44.1248487,-122.47062
2024-03-30,1.2,14162500,"MCKENZIE RIVER NEAR VIDA, OR",44.1248487,-122.47062
2024-03-31,1.0,14162500,"MCKENZIE RIVER NEAR VIDA, OR",44.1248487,-122.47062
2024-04-01,1.0,14162500,"MCKENZIE RIVER NEAR VIDA, OR",44.1248487,-122.47062
2024-04-02,1.0,14162500,"MCKENZIE RIVER NEAR VIDA, OR",44.1248487,-122.47062
2024-04-03,1.1,14162500,"MCKENZIE RIVER NEAR VIDA, OR",44.1248487,-122.47062
2024-04-04,0.9,14162500,"MCKENZIE RIVER NEAR VIDA, OR",44.1248487,-122.47062
2024-04-05,0.9,14162500,"MCKENZIE RIVER NEAR VIDA, OR",44.1248487,-122.47062
2024-04-06,1.0,14162500,"MCKENZIE RIVER NEAR VIDA, OR",44.1248487,-122.47062
2024-04-07,1.0,14162500,"MCKENZIE RIVER NEAR VIDA, OR",44.1248487,-122.47062
2024-04-08,0.9,14162500,"MCKENZIE RIVER NEAR VIDA, OR",44.1248487,-122.47062
2024-04-09,0.9,14162500,"MCKENZIE RIVER NEAR VIDA, OR",44.1248487,-122.47062
2024-04-10,0.9,14162500,"MCKENZIE RIVER NEAR VIDA, OR",44.1248487,-122.47062
2024-04-11,0.9,14162500,"MCKENZIE RIVER NEAR VIDA, OR",44.1248487,-122.47062
2024-04-12,0.9,14162500,"MCKENZIE RIVER NEAR VIDA, OR",44.1248487,-122.47062
2024-04-13,2.1,14162500,"MCKENZIE RIVER NEAR VIDA, OR",44.1248487,-122.47062
2024-04-14,1.5,14162500,"MCKENZIE RIVER NEAR VIDA, OR",44.1248487,-122.47062
2024-04-15,1.1,14162500,"MCKENZIE RIVER NEAR VIDA, OR",44.1248487,-122.47062
2024-04-16,1.0,14162500,"MCKENZIE RIVER NEAR VIDA, OR",44.1248487,-122.47062
2024-04-17,1.0,14162500,"MCKENZIE RIVER NEAR VIDA, OR",44.1248487,-122.47062
2024-04-18,0.9,14162500,"MCKENZIE RIVER NEAR VIDA, OR",44.1248487,-122.47062
2024-04-19,0.8,14162500,"MCKENZIE RIVER NEAR VIDA, OR",44.1248487,-122.47062
2024-04-20,0.8,14162500,"MCKENZIE RIVER NEAR VIDA, OR",44.1248487,-122.47062
2024-04-21,0.8,14162500,"MCKENZIE RIVER NEAR VIDA, OR",44.1248487,-122.47062
2024-04-22,0.8,14162500,"MCKENZIE RIVER NEAR VIDA, OR",44.1248487,-122.47062
2024-04-23,0.8,14162500,"MCKENZIE RIVER NEAR VIDA, OR",44.1248487,-122.47062
2024-04-24,0.7,14162500,"MCKENZIE RIVER NEAR VIDA, OR",44.1248487,-122.47062
2024-04-25,1.0,14162500,"MCKENZIE RIVER NEAR VIDA, OR",44.1248487,-122.47062
2024-04-26,1.4,14162500,"MCKENZIE RIVER NEAR VIDA, OR",44.1248487,-122.47062
2024-04-27,1.6,14162500,"MCKENZIE RIVER NEAR VIDA, OR",44.1248487,-122.47062
2024-04-28,1.2,14162500,"MCKENZIE RIVER NEAR VIDA, OR",44.1248487,-122.47062
2024-04-29,1.5,14162500,"MCKENZIE RIVER NEAR VIDA, OR",44.1248487,-122.47062
2024-04-30,1.5,14162500,"MCKENZIE RIVER NEAR VIDA, OR",44.1248487,-122.47062
2024-05-01,1.1,14162500,"MCKENZIE RIVER NEAR VIDA, OR",44.1248487,-122.47062
2024-05-02,1.2,14162500,"MCKENZIE RIVER NEAR VIDA, OR",44.1248487,-122.47062
2024-05-03,1.1,14162500,"MCKENZIE RIVER NEAR VIDA, OR",44.1248487,-122.47062
2024-05-04,2.6,14162500,"MCKENZIE RIVER NEAR VIDA, OR",44.1248487,-122.47062
2024-05-05,4.8,14162500,"MCKENZIE RIVER NEAR VIDA, OR",44.1248487,-122.47062
2024-05-06,2.2,14162500,"MCKENZIE RIVER NEAR VIDA, OR",44.1248487,-122.47062
2024-05-07,2.2,14162500,"MCKENZIE RIVER NEAR VIDA, OR",44.1248487,-122.47062
2024-05-08,1.4,14162500,"MCKENZIE RIVER NEAR VIDA, OR",44.1248487,-122.47062
2024-05-09,1.2,14162500,"MCKENZIE RIVER NEAR VIDA, OR",44.1248487,-122.47062
2024-05-10,1.1,14162500,"MCKENZIE RIVER NEAR VIDA, OR",44.1248487,-122.47062
2024-05-11,1.1,14162500,"MCKENZIE RIVER NEAR VIDA, OR",44.1248487,-122.47062
2024-05-12,1.4,14162500,"MCKENZIE RIVER NEAR VIDA, OR",44.1248487,-122.47062
2024-05-13,1.0,14162500,"MCKENZIE RIVER NEAR VIDA, OR",44.1248487,-122.47062
2024-05-14,1.0,14162500,"MCKENZIE RIVER NEAR VIDA, OR",44.1248487,-122.47062
2024-05-15,1.0,14162500,"MCKENZIE RIVER NEAR VIDA, OR",44.1248487,-122.47062
2024-05-16,1.1,14162500,"MCKENZIE RIVER NEAR VIDA, OR",44.1248487,-122.47062
2024-05-17,1.2,14162500,"MCKENZIE RIVER NEAR VIDA, OR",44.1248487,-122.47062
2024-05-18,1.2,14162500,"MCKENZIE RIVER NEAR VIDA, OR",44.1248487,-122.47062
2024-05-19,1.1,14162500,"MCKENZIE RIVER NEAR VIDA, OR",44.1248487,-122.47062
2024-05-20,1.0,14162500,"MCKENZIE RIVER NEAR VIDA, OR",44.1248487,-122.47062
2024-05-21,1.1,14162500,"MCKENZIE RIVER NEAR VIDA, OR",44.1248487,-122.47062
2024-05-22,1.3,14162500,"MCKENZIE RIVER NEAR VIDA, OR",44.1248487,-122.47062
2024-05-23,1.0,14162500,"MCKENZIE RIVER NEAR VIDA, OR",44.1248487,-122.47062
2024-05-24,1.1,14162500,"MCKENZIE RIVER NEAR VIDA, OR",44.1248487,-122.47062
2024-05-25,1.0,14162500,"MCKENZIE RIVER NEAR VIDA, OR",44.1248487,-122.47062
2024-05-26,1.1,14162500,"MCKENZIE RIVER NEAR VIDA, OR",44.1248487,-122.47062
2024-05-27,0.9,14162500,"MCKENZIE RIVER NEAR VIDA, OR",44.1248487,-122.47062
2024-05-28,1.0,14162500,"MCKENZIE RIVER NEAR VIDA, OR",44.1248487,-122.47062
2024-05-29,1.0,14162500,"MCKENZIE RIVER NEAR VIDA, OR",44.1248487,-122.47062
2024-05-30,0.9,14162500,"MCKENZIE RIVER NEAR VIDA, OR",44.1248487,-122.47062
2024-05-31,0.9,14162500,"MCKENZIE RIVER NEAR VIDA, OR",44.1248487,-122.47062
2024-06-01,1.0,14162500,"MCKENZIE RIVER NEAR VIDA, OR",44.1248487,-122.47062
2024-06-02,1.1,14162500,"MCKENZIE RIVER NEAR VIDA, OR",44.1248487,-122.47062
2024-06-03,2.7,14162500,"MCKENZIE RIVER NEAR VIDA, OR",44.1248487,-122.47062
2024-06-04,1.3,14162500,"MCKENZIE RIVER NEAR VIDA, OR",44.1248487,-122.47062
2024-06-05,1.1,14162500,"MCKENZIE RIVER NEAR VIDA, OR",44.1248487,-122.47062
2024-06-06,0.8,14162500,"MCKENZIE RIVER NEAR VIDA, OR",44.1248487,-122.47062
2024-06-07,0.8,14162500,"MCKENZIE RIVER NEAR VIDA, OR",44.1248487,-122.47062
2024-06-08,0.8,14162500,"MCKENZIE RIVER NEAR VIDA, OR",44.1248487,-122.47062
2024-06-09,0.8,14162500,"MCKENZIE RIVER NEAR VIDA, OR",44.1248487,-122.47062
2024-06-10,0.8,14162500,"MCKENZIE RIVER NEAR VIDA, OR",44.1248487,-122.47062
2024-06-11,0.8,14162500,"MCKENZIE RIVER NEAR VIDA, OR",44.1248487,-122.47062
2024-06-12,0.8,14162500,"MCKENZIE RIVER NEAR VIDA, OR",44.1248487,-122.47062
2024-06-13,0.8,14162500,"MCKENZIE RIVER NEAR VIDA, OR",44.1248487,-122.47062
2024-06-14,0.7,14162500,"MCKENZIE RIVER NEAR VIDA, OR",44.1248487,-122.47062
2024-06-15,0.8,14162500,"MCKENZIE RIVER NEAR VIDA, OR",44.1248487,-122.47062
2024-06-16,0.7,14162500,"MCKENZIE RIVER NEAR VIDA, OR",44.1248487,-122.47062
2024-06-17,0.7,14162500,"MCKENZIE RIVER NEAR VIDA, OR",44.1248487,-122.47062
2024-06-18,0.7,14162500,"MCKENZIE RIVER NEAR VIDA, OR",44.1248487,-122.47062
2024-06-19,0.7,14162500,"MCKENZIE RIVER NEAR VIDA, OR",44.1248487,-122.47062
2024-06-20,0.7,14162500,"MCKENZIE RIVER NEAR VIDA, OR",44.1248487,-122.47062
2024-06-21,0.6,14162500,"MCKENZIE RIVER NEAR VIDA, OR",44.1248487,-122.47062
2024-06-22,0.7,14162500,"MCKENZIE RIVER NEAR VIDA, OR",44.1248487,-122.47062
2024-06-23,0.7,14162500,"MCKENZIE RIVER NEAR VIDA, OR",44.1248487,-122.47062
2024-06-24,0.7,14162500,"MCKENZIE RIVER NEAR VIDA, OR",44.1248487,-122.47062
2024-06-25,0.7,14162500,"MCKENZIE RIVER NEAR VIDA, OR",44.1248487,-122.47062
2024-06-26,0.7,14162500,"MCKENZIE RIVER NEAR VIDA, OR",44.1248487,-122.47062
2024-06-27,0.7,14162500,"MCKENZIE RIVER NEAR VIDA, OR",44.1248487,-122.47062
2024-06-28,0.8,14162500,"MCKENZIE RIVER NEAR VIDA, OR",44.1248487,-122.47062
2024-06-29,0.7,14162500,"MCKENZIE RIVER NEAR VIDA, OR",44.1248487,-122.47062
2024-06-30,0.6,14162500,"MCKENZIE RIVER NEAR VIDA, OR",44.1248487,-122.47062
2024-07-01,0.7,14162500,"MCKENZIE RIVER NEAR VIDA, OR",44.1248487,-122.47062
2024-07-02,0.7,14162500,"MCKENZIE RIVER NEAR VIDA, OR",44.1248487,-122.47062
2024-07-03,0.7,14162500,"MCKENZIE RIVER NEAR VIDA, OR",44.1248487,-122.47062
2024-07-04,0.8,14162500,"MCKENZIE RIVER NEAR VIDA, OR",44.1248487,-122.47062
2024-07-05,0.6,14162500,"MCKENZIE RIVER NEAR VIDA, OR",44.1248487,-122.47062
2024-07-06,0.7,14162500,"MCKENZIE RIVER NEAR VIDA, OR",44.1248487,-122.47062
2024-07-07,0.6,14162500,"MCKENZIE RIVER NEAR VIDA, OR",44.1248487,-122.47062
2024-07-08,0.6,14162500,"MCKENZIE RIVER NEAR VIDA, OR",44.1248487,-122.47062
2024-07-09,0.6,14162500,"MCKENZIE RIVER NEAR VIDA, OR",44.1248487,-122.47062
2024-07-10,0.6,14162500,"MCKENZIE RIVER NEAR VIDA, OR",44.1248487,-122.47062
2024-07-11,0.6,14162500,"MCKENZIE RIVER NEAR VIDA, OR",44.1248487,-122.47062
2024-07-12,0.6,14162500,"MCKENZIE RIVER NEAR VIDA, OR",44.1248487,-122.47062
2024-07-13,0.7,14162500,"MCKENZIE RIVER NEAR VIDA, OR",44.1248487,-122.47062
2024-07-14,0.7,14162500,"MCKENZIE RIVER NEAR VIDA, OR",44.1248487,-122.47062
2024-07-15,0.7,14162500,"MCKENZIE RIVER NEAR VIDA, OR",44.1248487,-122.47062
2024-07-16,0.7,14162500,"MCKENZIE RIVER NEAR VIDA, OR",44.1248487,-122.47062
2024-07-17,0.7,14162500,"MCKENZIE RIVER NEAR VIDA, OR",44.1248487,-122.47062
2024-07-18,0.8,14162500,"MCKENZIE RIVER NEAR VIDA, OR",44.1248487,-122.47062
2024-07-19,0.8,14162500,"MCKENZIE RIVER NEAR VIDA, OR",44.1248487,-122.47062
2024-07-20,0.7,14162500,"MCKENZIE RIVER NEAR VIDA, OR",44.1248487,-122.47062
2024-07-21,0.8,14162500,"MCKENZIE RIVER NEAR VIDA, OR",44.1248487,-122.47062
2024-07-22,0.8,14162500,"MCKENZIE RIVER NEAR VIDA, OR",44.1248487,-122.47062
2024-07-23,0.7,14162500,"MCKENZIE RIVER NEAR VIDA, OR",44.1248487,-122.47062
2024-07-24,0.7,14162500,"MCKENZIE RIVER NEAR VIDA, OR",44.1248487,-122.47062
2024-07-25,0.7,14162500,"MCKENZIE RIVER NEAR VIDA, OR",44.1248487,-122.47062
2024-07-26,0.6,14162500,"MCKENZIE RIVER NEAR VIDA, OR",44.1248487,-122.47062
2024-07-27,0.7,14162500,"MCKENZIE RIVER NEAR VIDA, OR",44.1248487,-122.47062
2024-07-28,0.6,14162500,"MCKENZIE RIVER NEAR VIDA, OR",44.1248487,-122.47062
2024-07-29,1.0,14162500,"MCKENZIE RIVER NEAR VIDA, OR",44.1248487,-122.47062
2024-07-30,0.6,14162500,"MCKENZIE RIVER NEAR VIDA, OR",44.1248487,-122.47062
2024-07-31,0.7,14162500,"MCKENZIE RIVER NEAR VIDA, OR",44.1248487,-122.47062
2024-08-01,0.7,14162500,"MCKENZIE RIVER NEAR VIDA, OR",44.1248487,-122.47062
2024-08-02,0.9,14162500,"MCKENZIE RIVER NEAR VIDA, OR",44.1248487,-122.47062
2024-08-03,0.8,14162500,"MCKENZIE RIVER NEAR VIDA, OR",44.1248487,-122.47062
2024-08-04,0.7,14162500,"MCKENZIE RIVER NEAR VIDA, OR",44.1248487,-122.47062
2024-08-05,0.7,14162500,"MCKENZIE RIVER NEAR VIDA, OR",44.1248487,-122.47062
2024-08-06,0.7,14162500,"MCKENZIE RIVER NEAR VIDA, OR",44.1248487,-122.47062
2024-08-07,0.7,14162500,"MCKENZIE RIVER NEAR VIDA, OR",44.1248487,-122.47062
2024-08-08,0.7,14162500,"MCKENZIE RIVER NEAR VIDA, OR",44.1248487,-122.47062
2024-08-09,0.8,14162500,"MCKENZIE RIVER NEAR VIDA, OR",44.1248487,-122.47062
2024-08-10,0.7,14162500,"MCKENZIE RIVER NEAR VIDA, OR",44.1248487,-122.47062
2024-08-11,1.4,14162500,"MCKENZIE RIVER NEAR VIDA, OR",44.1248487,-122.47062
2024-08-12,1.0,14162500,"MCKENZIE RIVER NEAR VIDA, OR",44.1248487,-122.47062
2024-08-13,0.8,14162500,"MCKENZIE RIVER NEAR VIDA, OR",44.1248487,-122.47062
2024-08-14,0.8,14162500,"MCKENZIE RIVER NEAR VIDA, OR",44.1248487,-122.47062
2024-08-15,0.8,14162500,"MCKENZIE RIVER NEAR VIDA, OR",44.1248487,-122.47062
2024-08-16,0.8,14162500,"MCKENZIE RIVER NEAR VIDA, OR",44.1248487,-122.47062
2024-08-17,1.0,14162500,"MCKENZIE RIVER NEAR VIDA, OR",44.1248487,-122.47062
2024-08-18,0.9,14162500,"MCKENZIE RIVER NEAR VIDA, OR",44.1248487,-122.47062
2024-08-19,1.0,14162500,"MCKENZIE RIVER NEAR VIDA, OR",44.1248487,-122.47062
2024-08-20,0.8,14162500,"MCKENZIE RIVER NEAR VIDA, OR",44.1248487,-122.47062
2024-08-21,0.9,14162500,"MCKENZIE RIVER NEAR VIDA, OR",44.1248487,-122.47062
2024-08-22,0.9,14162500,"MCKENZIE RIVER NEAR VIDA, OR",44.1248487,-122.47062
2024-08-23,0.9,14162500,"MCKENZIE RIVER NEAR VIDA, OR",44.1248487,-122.47062
2024-08-24,0.8,14162500,"MCKENZIE RIVER NEAR VIDA, OR",44.1248487,-122.47062
2024-08-25,0.9,14162500,"MCKENZIE RIVER NEAR VIDA, OR",44.1248487,-122.47062
2024-08-26,0.8,14162500,"MCKENZIE RIVER NEAR VIDA, OR",44.1248487,-122.47062
2024-08-27,0.8,14162500,"MCKENZIE RIVER NEAR VIDA, OR",44.1248487,-122.47062
2024-08-28,0.9,14162500,"MCKENZIE RIVER NEAR VIDA, OR",44.1248487,-122.47062
2024-08-29,0.9,14162500,"MCKENZIE RIVER NEAR VIDA, OR",44.1248487,-122.47062
2024-08-30,0.8,14162500,"MCKENZIE RIVER NEAR VIDA, OR",44.1248487,-122.47062
2024-08-31,0.9,14162500,"MCKENZIE RIVER NEAR VIDA, OR",44.1248487,-122.47062
2024-09-01,0.9,14162500,"MCKENZIE RIVER NEAR VIDA, OR",44.1248487,-122.47062
2024-09-02,0.9,14162500,"MCKENZIE RIVER NEAR VIDA, OR",44.1248487,-122.47062
2024-09-03,1.0,14162500,"MCKENZIE RIVER NEAR VIDA, OR",44.1248487,-122.47062
2024-09-04,1.0,14162500,"MCKENZIE RIVER NEAR VIDA, OR",44.1248487,-122.47062
2024-09-05,1.1,14162500,"MCKENZIE RIVER NEAR VIDA, OR",44.1248487,-122.47062
2024-09-06,1.0,14162500,"MCKENZIE RIVER NEAR VIDA, OR",44.1248487,-122.47062
2024-09-07,1.0,14162500,"MCKENZIE RIVER NEAR VIDA, OR",44.1248487,-122.47062
2024-09-08,1.2,14162500,"MCKENZIE RIVER NEAR VIDA, OR",44.1248487,-122.47062
2024-09-09,0.9,14162500,"MCKENZIE RIVER NEAR VIDA, OR",44.1248487,-122.47062
2024-09-10,0.9,14162500,"MCKENZIE RIVER NEAR VIDA, OR",44.1248487,-122.47062
2024-09-11,1.1,14162500,"MCKENZIE RIVER NEAR VIDA, OR",44.1248487,-122.47062
2024-09-12,1.0,14162500,"MCKENZIE RIVER NEAR VIDA, OR",44.1248487,-122.47062
2024-09-13,1.0,14162500,"MCKENZIE RIVER NEAR VIDA, OR",44.1248487,-122.47062
2024-09-14,1.1,14162500,"MCKENZIE RIVER NEAR VIDA, OR",44.1248487,-122.47062
2024-09-15,1.0,14162500,"MCKENZIE RIVER NEAR VIDA, OR",44.1248487,-122.47062
2024-09-16,1.0,14162500,"MCKENZIE RIVER NEAR VIDA, OR",44.1248487,-122.47062
2024-09-17,1.0,14162500,"MCKENZIE RIVER NEAR VIDA, OR",44.1248487,-122.47062
2024-09-18,1.1,14162500,"MCKENZIE RIVER NEAR VIDA, OR",44.1248487,-122.47062
2024-09-19,1.0,14162500,"MCKENZIE RIVER NEAR VIDA, OR",44.1248487,-122.47062
2024-09-20,0.9,14162500,"MCKENZIE RIVER NEAR VIDA, OR",44.1248487,-122.47062
2024-09-21,1.0,14162500,"MCKENZIE RIVER NEAR VIDA, OR",44.1248487,-122.47062
2024-09-22,1.1,14162500,"MCKENZIE RIVER NEAR VIDA, OR",44.1248487,-122.47062
2024-09-23,0.9,14162500,"MCKENZIE RIVER NEAR VIDA, OR",44.1248487,-122.47062
2024-09-24,0.9,14162500,"MCKENZIE RIVER NEAR VIDA, OR",44.1248487,-122.47062
2024-09-25,0.9,14162500,"MCKENZIE RIVER NEAR VIDA, OR",44.1248487,-122.47062
2024-09-26,0.9,14162500,"MCKENZIE RIVER NEAR VIDA, OR",44.1248487,-122.47062
2024-09-27,0.9,14162500,"MCKENZIE RIVER NEAR VIDA, OR",44.1248487,-122.47062
2024-09-28,0.9,14162500,"MCKENZIE RIVER NEAR VIDA, OR",44.1248487,-122.47062
2024-09-29,0.9,14162500,"MCKENZIE RIVER NEAR VIDA, OR",44.1248487,-122.47062
2024-09-30,0.9,14162500,"MCKENZIE RIVER NEAR VIDA, OR",44.1248487,-122.47062
2024-01-01,1.3,14163000,"GATE CREEK AT VIDA, OR",44.1460861,-122.5730333
2024-01-02,2.1,14163000,"GATE CREEK AT VIDA, OR",44.1460861,-122.5730333
2024-01-03,1.6,14163000,"GATE CREEK AT VIDA, OR",44.1460861,-122.5730333
2024-01-04,6.7,14163000,"GATE CREEK AT VIDA, OR",44.1460861,-122.5730333
2024-01-05,5.6,14163000,"GATE CREEK AT VIDA, OR",44.1460861,-122.5730333
2024-01-06,3.6,14163000,"GATE CREEK AT VIDA, OR",44.1460861,-122.5730333
2024-01-07,3.0,14163000,"GATE CREEK AT VIDA, OR",44.1460861,-122.5730333
2024-01-08,16.5,14163000,"GATE CREEK AT VIDA, OR",44.1460861,-122.5730333
2024-01-09,76.5,14163000,"GATE CREEK AT VIDA, OR",44.1460861,-122.5730333
2024-01-10,13.8,14163000,"GATE CREEK AT VIDA, OR",44.1460861,-122.5730333
2024-01-11,5.7,14163000,"GATE CREEK AT VIDA, OR",44.1460861,-122.5730333
2024-01-12,10.2,14163000,"GATE CREEK AT VIDA, OR",44.1460861,-122.5730333
2024-01-13,30.4,14163000,"GATE CREEK AT VIDA, OR",44.1460861,-122.5730333
2024-01-14,22.6,14163000,"GATE CREEK AT VIDA, OR",44.1460861,-122.5730333
2024-01-15,6.3,14163000,"GATE CREEK AT VIDA, OR",44.1460861,-122.5730333
2024-01-16,4.3,14163000,"GATE CREEK AT VIDA, OR",44.1460861,-122.5730333
2024-01-17,679.0,14163000,"GATE CREEK AT VIDA, OR",44.1460861,-122.5730333
2024-01-18,516.0,14163000,"GATE CREEK AT VIDA, OR",44.1460861,-122.5730333
2024-01-19,78.5,14163000,"GATE CREEK AT VIDA, OR",44.1460861,-122.5730333
2024-01-20,20.7,14163000,"GATE CREEK AT VIDA, OR",44.1460861,-122.5730333
2024-01-21,12.6,14163000,"GATE CREEK AT VIDA, OR",44.1460861,-122.5730333
2024-01-22,12.7,14163000,"GATE CREEK AT VIDA, OR",44.1460861,-122.5730333
2024-01-23,12.7,14163000,"GATE CREEK AT VIDA, OR",44.1460861,-122.5730333
2024-01-24,11.4,14163000,"GATE CREEK AT VIDA, OR",44.1460861,-122.5730333
2024-01-25,8.9,14163000,"GATE CREEK AT VIDA, OR",44.1460861,-122.5730333
2024-01-26,39.4,14163000,"GATE CREEK AT VIDA, OR",44.1460861,-122.5730333
2024-01-27,35.3,14163000,"GATE CREEK AT VIDA, OR",44.1460861,-122.5730333
2024-01-28,10.3,14163000,"GATE CREEK AT VIDA, OR",44.1460861,-122.5730333
2024-01-29,6.7,14163000,"GATE CREEK AT VIDA, OR",44.1460861,-122.5730333
2024-01-30,5.4,14163000,"GATE CREEK AT VIDA, OR",44.1460861,-122.5730333
2024-01-31,5.0,14163000,"GATE CREEK AT VIDA, OR",44.1460861,-122.5730333
2024-02-01,4.5,14163000,"GATE CREEK AT VIDA, OR",44.1460861,-122.5730333
2024-02-02,4.7,14163000,"GATE CREEK AT VIDA, OR",44.1460861,-122.5730333
2024-02-03,4.7,14163000,"GATE CREEK AT VIDA, OR",44.1460861,-122.5730333
2024-02-04,2.8,14163000,"GATE CREEK AT VIDA, OR",44.1460861,-122.5730333
2024-02-05,3.5,14163000,"GATE CREEK AT VIDA, OR",44.1460861,-122.5730333
2024-02-06,3.1,14163000,"GATE CREEK AT VIDA, OR",44.1460861,-122.5730333
2024-02-07,3.9,14163000,"GATE CREEK AT VIDA, OR",44.1460861,-122.5730333
2024-02-08,3.8,14163000,"GATE CREEK AT VIDA, OR",44.1460861,-122.5730333
2024-02-09,2.5,14163000,"GATE CREEK AT VIDA, OR",44.1460861,-122.5730333
2024-02-10,1.9,14163000,"GATE CREEK AT VIDA, OR",44.1460861,-122.5730333
2024-02-11,1.8,14163000,"GATE CREEK AT VIDA, OR",44.1460861,-122.5730333
2024-02-12,1.7,14163000,"GATE CREEK AT VIDA, OR",44.1460861,-122.5730333
2024-02-13,1.6,14163000,"GATE CREEK AT VIDA, OR",44.1460861,-122.5730333
2024-02-14,3.8,14163000,"GATE CREEK AT VIDA, OR",44.1460861,-122.5730333
2024-02-15,105.0,14163000,"GATE CREEK AT VIDA, OR",44.1460861,-122.5730333
2024-02-16,70.3,14163000,"GATE CREEK AT VIDA, OR",44.1460861,-122.5730333
2024-02-17,6.9,14163000,"GATE CREEK AT VIDA, OR",44.1460861,-122.5730333
2024-02-18,7.9,14163000,"GATE CREEK AT VIDA, OR",44.1460861,-122.5730333
2024-02-19,4.2,14163000,"GATE CREEK AT VIDA, OR",44.1460861,-122.5730333
2024-02-20,2.6,14163000,"GATE CREEK AT VIDA, OR",44.1460861,-122.5730333
2024-02-21,4.6,14163000,"GATE CREEK AT VIDA, OR",44.1460861,-122.5730333
2024-02-22,3.3,14163000,"GATE CREEK AT VIDA, OR",44.1460861,-122.5730333
2024-02-23,2.2,14163000,"GATE CREEK AT VIDA, OR",44.1460861,-122.5730333
2024-02-24,2.0,14163000,"GATE CREEK AT VIDA, OR",44.1460861,-122.5730333
2024-02-25,1.8,14163000,"GATE CREEK AT VIDA, OR",44.1460861,-122.5730333
2024-02-26,9.0,14163000,"GATE CREEK AT VIDA, OR",44.1460861,-122.5730333
2024-02-27,2.1,14163000,"GATE CREEK AT VIDA, OR",44.1460861,-122.5730333
2024-02-28,7.0,14163000,"GATE CREEK AT VIDA, OR",44.1460861,-122.5730333
2024-02-29,26.9,14163000,"GATE CREEK AT VIDA, OR",44.1460861,-122.5730333
2024-03-01,6.3,14163000,"GATE CREEK AT VIDA, OR",44.1460861,-122.5730333
2024-03-02,4.5,14163000,"GATE CREEK AT VIDA, OR",44.1460861,-122.5730333
2024-03-03,2.7,14163000,"GATE CREEK AT VIDA, OR",44.1460861,-122.5730333
2024-03-04,2.8,14163000,"GATE CREEK AT VIDA, OR",44.1460861,-122.5730333
2024-03-05,2.4,14163000,"GATE CREEK AT VIDA, OR",44.1460861,-122.5730333
2024-03-06,2.1,14163000,"GATE CREEK AT VIDA, OR",44.1460861,-122.5730333
2024-03-07,1.9,14163000,"GATE CREEK AT VIDA, OR",44.1460861,-122.5730333
2024-03-08,2.5,14163000,"GATE CREEK AT VIDA, OR",44.1460861,-122.5730333
2024-03-09,2.9,14163000,"GATE CREEK AT VIDA, OR",44.1460861,-122.5730333
2024-03-10,4.9,14163000,"GATE CREEK AT VIDA, OR",44.1460861,-122.5730333
2024-03-11,5.1,14163000,"GATE CREEK AT VIDA, OR",44.1460861,-122.5730333
2024-03-12,11.4,14163000,"GATE CREEK AT VIDA, OR",44.1460861,-122.5730333
2024-03-13,7.1,14163000,"GATE CREEK AT VIDA, OR",44.1460861,-122.5730333
2024-03-14,3.5,14163000,"GATE CREEK AT VIDA, OR",44.1460861,-122.5730333
2024-03-15,2.6,14163000,"GATE CREEK AT VIDA, OR",44.1460861,-122.5730333
2024-03-16,2.7,14163000,"GATE CREEK AT VIDA, OR",44.1460861,-122.5730333
2024-03-17,2.4,14163000,"GATE CREEK AT VIDA, OR",44.1460861,-122.5730333
2024-03-18,2.3,14163000,"GATE CREEK AT VIDA, OR",44.1460861,-122.5730333
2024-03-19,2.0,14163000,"GATE CREEK AT VIDA, OR",44.1460861,-122.5730333
2024-03-20,2.0,14163000,"GATE CREEK AT VIDA, OR",44.1460861,-122.5730333
2024-03-21,2.0,14163000,"GATE CREEK AT VIDA, OR",44.1460861,-122.5730333
2024-03-22,1.7,14163000,"GATE CREEK AT VIDA, OR",44.1460861,-122.5730333
2024-03-23,1.7,14163000,"GATE CREEK AT VIDA, OR",44.1460861,-122.5730333
2024-03-24,1.6,14163000,"GATE CREEK AT VIDA, OR",44.1460861,-122.5730333
2024-03-25,1.9,14163000,"GATE CREEK AT VIDA, OR",44.1460861,-122.5730333
2024-03-26,3.1,14163000,"GATE CREEK AT VIDA, OR",44.1460861,-122.5730333
2024-03-27,10.3,14163000,"GATE CREEK AT VIDA, OR",44.1460861,-122.5730333
2024-03-28,5.8,14163000,"GATE CREEK AT VIDA, OR",44.1460861,-122.5730333
2024-03-29,2.8,14163000,"GATE CREEK AT VIDA, OR",44.1460861,-122.5730333
2024-03-30,2.0,14163000,"GATE CREEK AT VIDA, OR",44.1460861,-122.5730333
2024-03-31,1.5,14163000,"GATE CREEK AT VIDA, OR",44.1460861,-122.5730333
2024-04-01,2.1,14163000,"GATE CREEK AT VIDA, OR",44.1460861,-122.5730333
2024-04-02,1.5,14163000,"GATE CREEK AT VIDA, OR",44.1460861,-122.5730333
2024-04-03,1.7,14163000,"GATE CREEK AT VIDA, OR",44.1460861,-122.5730333
2024-04-04,1.0,14163000,"GATE CREEK AT VIDA, OR",44.1460861,-122.5730333
2024-04-05,0.7,14163000,"GATE CREEK AT VIDA, OR",44.1460861,-122.5730333
2024-04-06,1.5,14163000,"GATE CREEK AT VIDA, OR",44.1460861,-122.5730333
2024-04-07,1.7,14163000,"GATE CREEK AT VIDA, OR",44.1460861,-122.5730333
2024-04-08,0.8,14163000,"GATE CREEK AT VIDA, OR",44.1460861,-122.5730333
2024-04-09,0.8,14163000,"GATE CREEK AT VIDA, OR",44.1460861,-122.5730333
2024-04-10,1.1,14163000,"GATE CREEK AT VIDA, OR",44.1460861,-122.5730333
2024-04-11,1.4,14163000,"GATE CREEK AT VIDA, OR",44.1460861,-122.5730333
2024-04-12,2.5,14163000,"GATE CREEK AT VIDA, OR",44.1460861,-122.5730333
2024-04-13,8.0,14163000,"GATE CREEK AT VIDA, OR",44.1460861,-122.5730333
2024-04-14,4.8,14163000,"GATE CREEK AT VIDA, OR",44.1460861,-122.5730333
2024-04-15,1.9,14163000,"GATE CREEK AT VIDA, OR",44.1460861,-122.5730333
2024-04-16,1.7,14163000,"GATE CREEK AT VIDA, OR",44.1460861,-122.5730333
2024-04-17,2.2,14163000,"GATE CREEK AT VIDA, OR",44.1460861,-122.5730333
2024-04-18,1.8,14163000,"GATE CREEK AT VIDA, OR",44.1460861,-122.5730333
2024-04-19,1.6,14163000,"GATE CREEK AT VIDA, OR",44.1460861,-122.5730333
2024-04-20,1.7,14163000,"GATE CREEK AT VIDA, OR",44.1460861,-122.5730333
2024-04-21,1.6,14163000,"GATE CREEK AT VIDA, OR",44.1460861,-122.5730333
2024-04-22,1.8,14163000,"GATE CREEK AT VIDA, OR",44.1460861,-122.5730333
2024-04-23,2.4,14163000,"GATE CREEK AT VIDA, OR",44.1460861,-122.5730333
2024-04-24,1.8,14163000,"GATE CREEK AT VIDA, OR",44.1460861,-122.5730333
2024-04-25,5.8,14163000,"GATE CREEK AT VIDA, OR",44.1460861,-122.5730333
2024-04-26,18.2,14163000,"GATE CREEK AT VIDA, OR",44.1460861,-122.5730333
2024-04-27,18.6,14163000,"GATE CREEK AT VIDA, OR",44.1460861,-122.5730333
2024-04-28,3.8,14163000,"GATE CREEK AT VIDA, OR",44.1460861,-122.5730333
2024-04-29,5.1,14163000,"GATE CREEK AT VIDA, OR",44.1460861,-122.5730333
2024-04-30,3.6,14163000,"GATE CREEK AT VIDA, OR",44.1460861,-122.5730333
2024-05-01,2.6,14163000,"GATE CREEK AT VIDA, OR",44.1460861,-122.5730333
2024-05-02,6.5,14163000,"GATE CREEK AT VIDA, OR",44.1460861,-122.5730333
2024-05-03,5.8,14163000,"GATE CREEK AT VIDA, OR",44.1460861,-122.5730333
2024-05-04,17.4,14163000,"GATE CREEK AT VIDA, OR",44.1460861,-122.5730333
2024-05-05,30.5,14163000,"GATE CREEK AT VIDA, OR",44.1460861,-122.5730333
2024-05-06,10.0,14163000,"GATE CREEK AT VIDA, OR",44.1460861,-122.5730333
2024-05-07,8.1,14163000,"GATE CREEK AT VIDA, OR",44.1460861,-122.5730333
2024-05-08,6.0,14163000,"GATE CREEK AT VIDA, OR",44.1460861,-122.5730333
2024-05-09,4.0,14163000,"GATE CREEK AT VIDA, OR",44.1460861,-122.5730333
2024-05-10,3.7,14163000,"GATE CREEK AT VIDA, OR",44.1460861,-122.5730333
2024-05-11,3.4,14163000,"GATE CREEK AT VIDA, OR",44.1460861,-122.5730333
2024-05-12,3.3,14163000,"GATE CREEK AT VIDA, OR",44.1460861,-122.5730333
2024-05-13,4.0,14163000,"GATE CREEK AT VIDA, OR",44.1460861,-122.5730333
2024-05-14,4.1,14163000,"GATE CREEK AT VIDA, OR",44.1460861,-122.5730333
2024-05-15,3.0,14163000,"GATE CREEK AT VIDA, OR",44.1460861,-122.5730333
2024-05-16,3.8,14163000,"GATE CREEK AT VIDA, OR",44.1460861,-122.5730333
2024-05-17,2.7,14163000,"GATE CREEK AT VIDA, OR",44.1460861,-122.5730333
2024-05-18,2.5,14163000,"GATE CREEK AT VIDA, OR",44.1460861,-122.5730333
2024-05-19,2.5,14163000,"GATE CREEK AT VIDA, OR",44.1460861,-122.5730333
2024-05-20,2.6,14163000,"GATE CREEK AT VIDA, OR",44.1460861,-122.5730333
2024-05-21,4.0,14163000,"GATE CREEK AT VIDA, OR",44.1460861,-122.5730333
2024-05-22,4.2,14163000,"GATE CREEK AT VIDA, OR",44.1460861,-122.5730333
2024-05-23,2.6,14163000,"GATE CREEK AT VIDA, OR",44.1460861,-122.5730333
2024-05-24,2.8,14163000,"GATE CREEK AT VIDA, OR",44.1460861,-122.5730333
2024-05-25,2.8,14163000,"GATE CREEK AT VIDA, OR",44.1460861,-122.5730333
2024-05-26,2.8,14163000,"GATE CREEK AT VIDA, OR",44.1460861,-122.5730333
2024-05-27,2.5,14163000,"GATE CREEK AT VIDA, OR",44.1460861,-122.5730333
2024-05-28,2.1,14163000,"GATE CREEK AT VIDA, OR",44.1460861,-122.5730333
2024-05-29,3.4,14163000,"GATE CREEK AT VIDA, OR",44.1460861,-122.5730333
2024-05-30,1.9,14163000,"GATE CREEK AT VIDA, OR",44.1460861,-122.5730333
2024-05-31,1.4,14163000,"GATE CREEK AT VIDA, OR",44.1460861,-122.5730333
2024-06-01,1.4,14163000,"GATE CREEK AT VIDA, OR",44.1460861,-122.5730333
2024-06-02,14.0,14163000,"GATE CREEK AT VIDA, OR",44.1460861,-122.5730333
2024-06-03,17.2,14163000,"GATE CREEK AT VIDA, OR",44.1460861,-122.5730333
2024-06-04,2.8,14163000,"GATE CREEK AT VIDA, OR",44.1460861,-122.5730333
2024-06-05,1.6,14163000,"GATE CREEK AT VIDA, OR",44.1460861,-122.5730333
2024-06-06,1.2,14163000,"GATE CREEK AT VIDA, OR",44.1460861,-122.5730333
2024-06-07,1.4,14163000,"GATE CREEK AT VIDA, OR",44.1460861,-122.5730333
2024-06-08,1.1,14163000,"GATE CREEK AT VIDA, OR",44.1460861,-122.5730333
2024-06-09,1.0,14163000,"GATE CREEK AT VIDA, OR",44.1460861,-122.5730333
2024-06-10,0.9,14163000,"GATE CREEK AT VIDA, OR",44.1460861,-122.5730333
2024-06-11,0.9,14163000,"GATE CREEK AT VIDA, OR",44.1460861,-122.5730333
2024-06-12,0.9,14163000,"GATE CREEK AT VIDA, OR",44.1460861,-122.5730333
2024-06-13,0.9,14163000,"GATE CREEK AT VIDA, OR",44.1460861,-122.5730333
2024-06-14,0.9,14163000,"GATE CREEK AT VIDA, OR",44.1460861,-122.5730333
2024-06-15,0.9,14163000,"GATE CREEK AT VIDA, OR",44.1460861,-122.5730333
2024-06-16,0.7,14163000,"GATE CREEK AT VIDA, OR",44.1460861,-122.5730333
2024-06-17,0.7,14163000,"GATE CREEK AT VIDA, OR",44.1460861,-122.5730333
2024-06-18,0.8,14163000,"GATE CREEK AT VIDA, OR",44.1460861,-122.5730333
2024-06-19,0.7,14163000,"GATE CREEK AT VIDA, OR",44.1460861,-122.5730333
2024-06-20,0.7,14163000,"GATE CREEK AT VIDA, OR",44.1460861,-122.5730333
2024-06-21,0.7,14163000,"GATE CREEK AT VIDA, OR",44.1460861,-122.5730333
2024-06-22,0.6,14163000,"GATE CREEK AT VIDA, OR",44.1460861,-122.5730333
2024-06-23,0.6,14163000,"GATE CREEK AT VIDA, OR",44.1460861,-122.5730333
2024-06-24,0.6,14163000,"GATE CREEK AT VIDA, OR",44.1460861,-122.5730333
2024-06-25,0.8,14163000,"GATE CREEK AT VIDA, OR",44.1460861,-122.5730333
2024-06-26,0.6,14163000,"GATE CREEK AT VIDA, OR",44.1460861,-122.5730333
2024-06-27,1.0,14163000,"GATE CREEK AT VIDA, OR",44.1460861,-122.5730333
2024-06-28,0.6,14163000,"GATE CREEK AT VIDA, OR",44.1460861,-122.5730333
2024-06-29,0.5,14163000,"GATE CREEK AT VIDA, OR",44.1460861,-122.5730333
2024-06-30,0.6,14163000,"GATE CREEK AT VIDA, OR",44.1460861,-122.5730333
2024-07-01,0.6,14163000,"GATE CREEK AT VIDA, OR",44.1460861,-122.5730333
2024-07-02,0.6,14163000,"GATE CREEK AT VIDA, OR",44.1460861,-122.5730333
2024-07-03,0.7,14163000,"GATE CREEK AT VIDA, OR",44.1460861,-122.5730333
2024-07-04,1.0,14163000,"GATE CREEK AT VIDA, OR",44.1460861,-122.5730333
2024-07-05,0.5,14163000,"GATE CREEK AT VIDA, OR",44.1460861,-122.5730333
2024-07-06,0.6,14163000,"GATE CREEK AT VIDA, OR",44.1460861,-122.5730333
2024-07-07,0.6,14163000,"GATE CREEK AT VIDA, OR",44.1460861,-122.5730333
2024-07-08,0.6,14163000,"GATE CREEK AT VIDA, OR",44.1460861,-122.5730333
2024-07-09,0.6,14163000,"GATE CREEK AT VIDA, OR",44.1460861,-122.5730333
2024-07-10,0.5,14163000,"GATE CREEK AT VIDA, OR",44.1460861,-122.5730333
2024-07-11,0.7,14163000,"GATE CREEK AT VIDA, OR",44.1460861,-122.5730333
2024-07-12,0.5,14163000,"GATE CREEK AT VIDA, OR",44.1460861,-122.5730333
2024-07-13,0.5,14163000,"GATE CREEK AT VIDA, OR",44.1460861,-122.5730333
2024-07-14,0.6,14163000,"GATE CREEK AT VIDA, OR",44.1460861,-122.5730333
2024-07-15,0.5,14163000,"GATE CREEK AT VIDA, OR",44.1460861,-122.5730333
2024-07-16,0.6,14163000,"GATE CREEK AT VIDA, OR",44.1460861,-122.5730333
2024-07-17,0.8,14163000,"GATE CREEK AT VIDA, OR",44.1460861,-122.5730333
2024-07-18,0.5,14163000,"GATE CREEK AT VIDA, OR",44.1460861,-122.5730333
2024-07-19,0.5,14163000,"GATE CREEK AT VIDA, OR",44.1460861,-122.5730333
2024-07-20,0.5,14163000,"GATE CREEK AT VIDA, OR",44.1460861,-122.5730333
2024-07-21,0.6,14163000,"GATE CREEK AT VIDA, OR",44.1460861,-122.5730333
2024-07-22,0.5,14163000,"GATE CREEK AT VIDA, OR",44.1460861,-122.5730333
2024-07-23,0.8,14163000,"GATE CREEK AT VIDA, OR",44.1460861,-122.5730333
2024-07-24,0.8,14163000,"GATE CREEK AT VIDA, OR",44.1460861,-122.5730333
2024-07-25,0.4,14163000,"GATE CREEK AT VIDA, OR",44.1460861,-122.5730333
2024-07-26,0.5,14163000,"GATE CREEK AT VIDA, OR",44.1460861,-122.5730333
2024-07-27,0.5,14163000,"GATE CREEK AT VIDA, OR",44.1460861,-122.5730333
2024-07-28,0.4,14163000,"GATE CREEK AT VIDA, OR",44.1460861,-122.5730333
2024-07-29,0.4,14163000,"GATE CREEK AT VIDA, OR",44.1460861,-122.5730333
2024-07-30,0.5,14163000,"GATE CREEK AT VIDA, OR",44.1460861,-122.5730333
2024-07-31,0.5,14163000,"GATE CREEK AT VIDA, OR",44.1460861,-122.5730333
2024-08-01,0.4,14163000,"GATE CREEK AT VIDA, OR",44.1460861,-122.5730333
2024-08-02,0.6,14163000,"GATE CREEK AT VIDA, OR",44.1460861,-122.5730333
2024-08-03,0.4,14163000,"GATE CREEK AT VIDA, OR",44.1460861,-122.5730333
2024-08-04,0.5,14163000,"GATE CREEK AT VIDA, OR",44.1460861,-122.5730333
2024-08-05,0.5,14163000,"GATE CREEK AT VIDA, OR",44.1460861,-122.5730333
2024-08-06,0.5,14163000,"GATE CREEK AT VIDA, OR",44.1460861,-122.5730333
2024-08-07,0.5,14163000,"GATE CREEK AT VIDA, OR",44.1460861,-122.5730333
2024-08-08,0.5,14163000,"GATE CREEK AT VIDA, OR",44.1460861,-122.5730333
2024-08-09,0.5,14163000,"GATE CREEK AT VIDA, OR",44.1460861,-122.5730333
2024-08-10,0.5,14163000,"GATE CREEK AT VIDA, OR",44.1460861,-122.5730333
2024-08-11,0.4,14163000,"GATE CREEK AT VIDA, OR",44.1460861,-122.5730333
2024-08-12,0.4,14163000,"GATE CREEK AT VIDA, OR",44.1460861,-122.5730333
2024-08-13,0.4,14163000,"GATE CREEK AT VIDA, OR",44.1460861,-122.5730333
2024-08-14,0.4,14163000,"GATE CREEK AT VIDA, OR",44.1460861,-122.5730333
2024-08-15,0.4,14163000,"GATE CREEK AT VIDA, OR",44.1460861,-122.5730333
2024-08-16,0.4,14163000,"GATE CREEK AT VIDA, OR",44.1460861,-122.5730333
2024-08-17,1.6,14163000,"GATE CREEK AT VIDA, OR",44.1460861,-122.5730333
2024-08-18,1.2,14163000,"GATE CREEK AT VIDA, OR",44.1460861,-122.5730333
2024-08-19,0.5,14163000,"GATE CREEK AT VIDA, OR",44.1460861,-122.5730333
2024-08-20,0.4,14163000,"GATE CREEK AT VIDA, OR",44.1460861,-122.5730333
2024-08-21,0.4,14163000,"GATE CREEK AT VIDA, OR",44.1460861,-122.5730333
2024-08-22,0.5,14163000,"GATE CREEK AT VIDA, OR",44.1460861,-122.5730333
2024-08-23,0.7,14163000,"GATE CREEK AT VIDA, OR",44.1460861,-122.5730333
2024-08-24,0.7,14163000,"GATE CREEK AT VIDA, OR",44.1460861,-122.5730333
2024-08-25,0.5,14163000,"GATE CREEK AT VIDA, OR",44.1460861,-122.5730333
2024-08-26,0.6,14163000,"GATE CREEK AT VIDA, OR",44.1460861,-122.5730333
2024-08-27,0.6,14163000,"GATE CREEK AT VIDA, OR",44.1460861,-122.5730333
2024-08-28,0.5,14163000,"GATE CREEK AT VIDA, OR",44.1460861,-122.5730333
2024-08-29,0.5,14163000,"GATE CREEK AT VIDA, OR",44.1460861,-122.5730333
2024-08-30,0.8,14163000,"GATE CREEK AT VIDA, OR",44.1460861,-122.5730333
2024-08-31,0.6,14163000,"GATE CREEK AT VIDA, OR",44.1460861,-122.5730333
2024-09-01,0.6,14163000,"GATE CREEK AT VIDA, OR",44.1460861,-122.5730333
2024-09-02,0.7,14163000,"GATE CREEK AT VIDA, OR",44.1460861,-122.5730333
2024-09-03,0.7,14163000,"GATE CREEK AT VIDA, OR",44.1460861,-122.5730333
2024-09-04,0.6,14163000,"GATE CREEK AT VIDA, OR",44.1460861,-122.5730333
2024-09-05,0.6,14163000,"GATE CREEK AT VIDA, OR",44.1460861,-122.5730333
2024-09-06,0.9,14163000,"GATE CREEK AT VIDA, OR",44.1460861,-122.5730333
2024-09-07,0.8,14163000,"GATE CREEK AT VIDA, OR",44.1460861,-122.5730333
2024-09-08,0.7,14163000,"GATE CREEK AT VIDA, OR",44.1460861,-122.5730333
2024-09-09,1.0,14163000,"GATE CREEK AT VIDA, OR",44.1460861,-122.5730333
2024-09-10,0.8,14163000,"GATE CREEK AT VIDA, OR",44.1460861,-122.5730333
2024-09-11,4.4,14163000,"GATE CREEK AT VIDA, OR",44.1460861,-122.5730333
2024-09-12,2.6,14163000,"GATE CREEK AT VIDA, OR",44.1460861,-122.5730333
2024-09-13,1.2,14163000,"GATE CREEK AT VIDA, OR",44.1460861,-122.5730333
2024-09-14,1.0,14163000,"GATE CREEK AT VIDA, OR",44.1460861,-122.5730333
2024-09-15,0.9,14163000,"GATE CREEK AT VIDA, OR",44.1460861,-122.5730333
2024-09-16,0.8,14163000,"GATE CREEK AT VIDA, OR",44.1460861,-122.5730333
2024-09-17,0.7,14163000,"GATE CREEK AT VIDA, OR",44.1460861,-122.5730333
2024-09-18,1.0,14163000,"GATE CREEK AT VIDA, OR",44.1460861,-122.5730333
2024-09-19,0.7,14163000,"GATE CREEK AT VIDA, OR",44.1460861,-122.5730333
2024-09-20,0.8,14163000,"GATE CREEK AT VIDA, OR",44.1460861,-122.5730333
2024-09-21,0.7,14163000,"GATE CREEK AT VIDA, OR",44.1460861,-122.5730333
2024-09-22,0.7,14163000,"GATE CREEK AT VIDA, OR",44.1460861,-122.5730333
2024-09-23,0.7,14163000,"GATE CREEK AT VIDA, OR",44.1460861,-122.5730333
2024-09-24,0.8,14163000,"GATE CREEK AT VIDA, OR",44.1460861,-122.5730333
2024-09-25,1.7,14163000,"GATE CREEK AT VIDA, OR",44.1460861,-122.5730333
2024-09-26,1.3,14163000,"GATE CREEK AT VIDA, OR",44.1460861,-122.5730333
2024-09-27,0.8,14163000,"GATE CREEK AT VIDA, OR",44.1460861,-122.5730333
2024-09-28,0.8,14163000,"GATE CREEK AT VIDA, OR",44.1460861,-122.5730333
2024-09-29,0.7,14163000,"GATE CREEK AT VIDA, OR",44.1460861,-122.5730333
2024-09-30,0.8,14163000,"GATE CREEK AT VIDA, OR",44.1460861,-122.5730333
2024-01-01,0.8,14163900,"MCKENZIE RIVER NEAR WALTERVILLE, OR",44.0698492,-122.7711874
2024-01-02,0.9,14163900,"MCKENZIE RIVER NEAR WALTERVILLE, OR",44.0698492,-122.7711874
2024-01-03,2.2,14163900,"MCKENZIE RIVER NEAR WALTERVILLE, OR",44.0698492,-122.7711874
2024-01-04,0.8,14163900,"MCKENZIE RIVER NEAR WALTERVILLE, OR",44.0698492,-122.7711874
2024-01-05,1.1,14163900,"MCKENZIE RIVER NEAR WALTERVILLE, OR",44.0698492,-122.7711874
2024-01-06,1.2,14163900,"MCKENZIE RIVER NEAR WALTERVILLE, OR",44.0698492,-122.7711874
2024-01-07,1.8,14163900,"MCKENZIE RIVER NEAR WALTERVILLE, OR",44.0698492,-122.7711874
2024-01-08,1.1,14163900,"MCKENZIE RIVER NEAR WALTERVILLE, OR",44.0698492,-122.7711874
2024-01-09,20.9,14163900,"MCKENZIE RIVER NEAR WALTERVILLE, OR",44.0698492,-122.7711874
2024-01-10,9.7,14163900,"MCKENZIE RIVER NEAR WALTERVILLE, OR",44.0698492,-122.7711874
2024-01-11,3.8,14163900,"MCKENZIE RIVER NEAR WALTERVILLE, OR",44.0698492,-122.7711874
2024-01-12,5.5,14163900,"MCKENZIE RIVER NEAR WALTERVILLE, OR",44.0698492,-122.7711874
2024-01-13,17.4,14163900,"MCKENZIE RIVER NEAR WALTERVILLE, OR",44.0698492,-122.7711874
2024-01-14,24.3,14163900,"MCKENZIE RIVER NEAR WALTERVILLE, OR",44.0698492,-122.7711874
2024-01-15,5.6,14163900,"MCKENZIE RIVER NEAR WALTERVILLE, OR",44.0698492,-122.7711874
2024-01-16,3.7,14163900,"MCKENZIE RIVER NEAR WALTERVILLE, OR",44.0698492,-122.7711874
2024-01-17,170.0,14163900,"MCKENZIE RIVER NEAR WALTERVILLE, OR",44.0698492,-122.7711874
2024-01-18,174.0,14163900,"MCKENZIE RIVER NEAR WALTERVILLE, OR",44.0698492,-122.7711874
2024-01-19,41.0,14163900,"MCKENZIE RIVER NEAR WALTERVILLE, OR",44.0698492,-122.7711874
2024-01-20,26.3,14163900,"MCKENZIE RIVER NEAR WALTERVILLE, OR",44.0698492,-122.7711874
2024-01-21,15.2,14163900,"MCKENZIE RIVER NEAR WALTERVILLE, OR",44.0698492,-122.7711874
2024-01-22,11.6,14163900,"MCKENZIE RIVER NEAR WALTERVILLE, OR",44.0698492,-122.7711874
2024-01-23,10.8,14163900,"MCKENZIE RIVER NEAR WALTERVILLE, OR",44.0698492,-122.7711874
2024-01-24,18.4,14163900,"MCKENZIE RIVER NEAR WALTERVILLE, OR",44.0698492,-122.7711874
2024-01-25,11.7,14163900,"MCKENZIE RIVER NEAR WALTERVILLE, OR",44.0698492,-122.7711874
2024-01-26,15.6,14163900,"MCKENZIE RIVER NEAR WALTERVILLE, OR",44.0698492,-122.7711874
2024-01-27,18.2,14163900,"MCKENZIE RIVER NEAR WALTERVILLE, OR",44.0698492,-122.7711874
2024-01-28,9.4,14163900,"MCKENZIE RIVER NEAR WALTERVILLE, OR",44.0698492,-122.7711874
2024-01-29,6.1,14163900,"MCKENZIE RIVER NEAR WALTERVILLE, OR",44.0698492,-122.7711874
2024-01-30,4.1,14163900,"MCKENZIE RIVER NEAR WALTERVILLE, OR",44.0698492,-122.7711874
2024-01-31,4.4,14163900,"MCKENZIE RIVER NEAR WALTERVILLE, OR",44.0698492,-122.7711874
2024-02-01,3.6,14163900,"MCKENZIE RIVER NEAR WALTERVILLE, OR",44.0698492,-122.7711874
2024-02-02,3.6,14163900,"MCKENZIE RIVER NEAR WALTERVILLE, OR",44.0698492,-122.7711874
2024-02-03,3.0,14163900,"MCKENZIE RIVER NEAR WALTERVILLE, OR",44.0698492,-122.7711874
2024-02-04,2.9,14163900,"MCKENZIE RIVER NEAR WALTERVILLE, OR",44.0698492,-122.7711874
2024-02-05,2.7,14163900,"MCKENZIE RIVER NEAR WALTERVILLE, OR",44.0698492,-122.7711874
2024-02-06,3.0,14163900,"MCKENZIE RIVER NEAR WALTERVILLE, OR",44.0698492,-122.7711874
2024-02-07,3.7,14163900,"MCKENZIE RIVER NEAR WALTERVILLE, OR",44.0698492,-122.7711874
2024-02-08,3.1,14163900,"MCKENZIE RIVER NEAR WALTERVILLE, OR",44.0698492,-122.7711874
2024-02-09,2.3,14163900,"MCKENZIE RIVER NEAR WALTERVILLE, OR",44.0698492,-122.7711874
2024-02-10,2.3,14163900,"MCKENZIE RIVER NEAR WALTERVILLE, OR",44.0698492,-122.7711874
2024-02-11,2.0,14163900,"MCKENZIE RIVER NEAR WALTERVILLE, OR",44.0698492,-122.7711874
2024-02-12,1.9,14163900,"MCKENZIE RIVER NEAR WALTERVILLE, OR",44.0698492,-122.7711874
2024-02-13,1.9,14163900,"MCKENZIE RIVER NEAR WALTERVILLE, OR",44.0698492,-122.7711874
2024-02-14,1.8,14163900,"MCKENZIE RIVER NEAR WALTERVILLE, OR",44.0698492,-122.7711874
2024-02-15,8.1,14163900,"MCKENZIE RIVER NEAR WALTERVILLE, OR",44.0698492,-122.7711874
2024-02-16,15.9,14163900,"MCKENZIE RIVER NEAR WALTERVILLE, OR",44.0698492,-122.7711874
2024-02-17,3.4,14163900,"MCKENZIE RIVER NEAR WALTERVILLE, OR",44.0698492,-122.7711874
2024-02-18,2.2,14163900,"MCKENZIE RIVER NEAR WALTERVILLE, OR",44.0698492,-122.7711874
2024-02-19,2.2,14163900,"MCKENZIE RIVER NEAR WALTERVILLE, OR",44.0698492,-122.7711874
2024-02-20,2.4,14163900,"MCKENZIE RIVER NEAR WALTERVILLE, OR",44.0698492,-122.7711874
2024-02-21,2.1,14163900,"MCKENZIE RIVER NEAR WALTERVILLE, OR",44.0698492,-122.7711874
2024-02-22,3.2,14163900,"MCKENZIE RIVER NEAR WALTERVILLE, OR",44.0698492,-122.7711874
2024-02-23,2.3,14163900,"MCKENZIE RIVER NEAR WALTERVILLE, OR",44.0698492,-122.7711874
2024-02-24,1.6,14163900,"MCKENZIE RIVER NEAR WALTERVILLE, OR",44.0698492,-122.7711874
2024-02-25,1.6,14163900,"MCKENZIE RIVER NEAR WALTERVILLE, OR",44.0698492,-122.7711874
2024-02-26,1.9,14163900,"MCKENZIE RIVER NEAR WALTERVILLE, OR",44.0698492,-122.7711874
2024-02-27,2.8,14163900,"MCKENZIE RIVER NEAR WALTERVILLE, OR",44.0698492,-122.7711874
2024-02-28,2.8,14163900,"MCKENZIE RIVER NEAR WALTERVILLE, OR",44.0698492,-122.7711874
2024-02-29,5.5,14163900,"MCKENZIE RIVER NEAR WALTERVILLE, OR",44.0698492,-122.7711874
2024-03-01,4.1,14163900,"MCKENZIE RIVER NEAR WALTERVILLE, OR",44.0698492,-122.7711874
2024-03-02,4.0,14163900,"MCKENZIE RIVER NEAR WALTERVILLE, OR",44.0698492,-122.7711874
2024-03-03,3.2,14163900,"MCKENZIE RIVER NEAR WALTERVILLE, OR",44.0698492,-122.7711874
2024-03-04,2.0,14163900,"MCKENZIE RIVER NEAR WALTERVILLE, OR",44.0698492,-122.7711874
2024-03-05,2.2,14163900,"MCKENZIE RIVER NEAR WALTERVILLE, OR",44.0698492,-122.7711874
2024-03-06,2.1,14163900,"MCKENZIE RIVER NEAR WALTERVILLE, OR",44.0698492,-122.7711874
2024-03-07,2.0,14163900,"MCKENZIE RIVER NEAR WALTERVILLE, OR",44.0698492,-122.7711874
2024-03-08,1.4,14163900,"MCKENZIE RIVER NEAR WALTERVILLE, OR",44.0698492,-122.7711874
2024-03-09,1.5,14163900,"MCKENZIE RIVER NEAR WALTERVILLE, OR",44.0698492,-122.7711874
2024-03-10,1.7,14163900,"MCKENZIE RIVER NEAR WALTERVILLE, OR",44.0698492,-122.7711874
2024-03-11,1.7,14163900,"MCKENZIE RIVER NEAR WALTERVILLE, OR",44.0698492,-122.7711874
2024-03-12,4.7,14163900,"MCKENZIE RIVER NEAR WALTERVILLE, OR",44.0698492,-122.7711874
2024-03-13,3.0,14163900,"MCKENZIE RIVER NEAR WALTERVILLE, OR",44.0698492,-122.7711874
2024-03-14,1.7,14163900,"MCKENZIE RIVER NEAR WALTERVILLE, OR",44.0698492,-122.7711874
2024-03-15,1.5,14163900,"MCKENZIE RIVER NEAR WALTERVILLE, OR",44.0698492,-122.7711874
2024-03-16,1.4,14163900,"MCKENZIE RIVER NEAR WALTERVILLE, OR",44.0698492,-122.7711874
2024-03-17,1.2,14163900,"MCKENZIE RIVER NEAR WALTERVILLE, OR",44.0698492,-122.7711874
2024-03-18,1.0,14163900,"MCKENZIE RIVER NEAR WALTERVILLE, OR",44.0698492,-122.7711874
2024-03-19,2.9,14163900,"MCKENZIE RIVER NEAR WALTERVILLE, OR",44.0698492,-122.7711874
2024-03-20,2.5,14163900,"MCKENZIE RIVER NEAR WALTERVILLE, OR",44.0698492,-122.7711874
2024-03-21,2.6,14163900,"MCKENZIE RIVER NEAR WALTERVILLE, OR",44.0698492,-122.7711874
2024-03-22,1.3,14163900,"MCKENZIE RIVER NEAR WALTERVILLE, OR",44.0698492,-122.7711874
2024-03-23,1.3,14163900,"MCKENZIE RIVER NEAR WALTERVILLE, OR",44.0698492,-122.7711874
2024-03-24,0.9,14163900,"MCKENZIE RIVER NEAR WALTERVILLE, OR",44.0698492,-122.7711874
2024-03-25,1.0,14163900,"MCKENZIE RIVER NEAR WALTERVILLE, OR",44.0698492,-122.7711874
2024-03-26,2.9,14163900,"MCKENZIE RIVER NEAR WALTERVILLE, OR",44.0698492,-122.7711874
2024-03-27,2.6,14163900,"MCKENZIE RIVER NEAR WALTERVILLE, OR",44.0698492,-122.7711874
2024-03-28,2.6,14163900,"MCKENZIE RIVER NEAR WALTERVILLE, OR",44.0698492,-122.7711874
2024-03-29,1.6,14163900,"MCKENZIE RIVER NEAR WALTERVILLE, OR",44.0698492,-122.7711874
2024-03-30,1.6,14163900,"MCKENZIE RIVER NEAR WALTERVILLE, OR",44.0698492,-122.7711874
2024-03-31,1.1,14163900,"MCKENZIE RIVER NEAR WALTERVILLE, OR",44.0698492,-122.7711874
2024-04-01,1.0,14163900,"MCKENZIE RIVER NEAR WALTERVILLE, OR",44.0698492,-122.7711874
2024-04-02,1.1,14163900,"MCKENZIE RIVER NEAR WALTERVILLE, OR",44.0698492,-122.7711874
2024-04-03,1.2,14163900,"MCKENZIE RIVER NEAR WALTERVILLE, OR",44.0698492,-122.7711874
2024-04-04,1.0,14163900,"MCKENZIE RIVER NEAR WALTERVILLE, OR",44.0698492,-122.7711874
2024-04-05,1.0,14163900,"MCKENZIE RIVER NEAR WALTERVILLE, OR",44.0698492,-122.7711874
2024-04-06,1.0,14163900,"MCKENZIE RIVER NEAR WALTERVILLE, OR",44.0698492,-122.7711874
2024-04-07,1.0,14163900,"MCKENZIE RIVER NEAR WALTERVILLE, OR",44.0698492,-122.7711874
2024-04-08,0.9,14163900,"MCKENZIE RIVER NEAR WALTERVILLE, OR",44.0698492,-122.7711874
2024-04-09,0.9,14163900,"MCKENZIE RIVER NEAR WALTERVILLE, OR",44.0698492,-122.7711874
2024-04-10,0.8,14163900,"MCKENZIE RIVER NEAR WALTERVILLE, OR",44.0698492,-122.7711874
2024-04-11,1.0,14163900,"MCKENZIE RIVER NEAR WALTERVILLE, OR",44.0698492,-122.7711874
2024-04-12,0.7,14163900,"MCKENZIE RIVER NEAR WALTERVILLE, OR",44.0698492,-122.7711874
2024-04-13,1.5,14163900,"MCKENZIE RIVER NEAR WALTERVILLE, OR",44.0698492,-122.7711874
2024-04-14,2.4,14163900,"MCKENZIE RIVER NEAR WALTERVILLE, OR",44.0698492,-122.7711874
2024-04-15,0.9,14163900,"MCKENZIE RIVER NEAR WALTERVILLE, OR",44.0698492,-122.7711874
2024-04-16,1.0,14163900,"MCKENZIE RIVER NEAR WALTERVILLE, OR",44.0698492,-122.7711874
2024-04-17,0.8,14163900,"MCKENZIE RIVER NEAR WALTERVILLE, OR",44.0698492,-122.7711874
2024-04-18,0.8,14163900,"MCKENZIE RIVER NEAR WALTERVILLE, OR",44.0698492,-122.7711874
2024-04-19,0.6,14163900,"MCKENZIE RIVER NEAR WALTERVILLE, OR",44.0698492,-122.7711874
2024-04-20,0.5,14163900,"MCKENZIE RIVER NEAR WALTERVILLE, OR",44.0698492,-122.7711874
2024-04-21,1.5,14163900,"MCKENZIE RIVER NEAR WALTERVILLE, OR",44.0698492,-122.7711874
2024-04-22,1.1,14163900,"MCKENZIE RIVER NEAR WALTERVILLE, OR",44.0698492,-122.7711874
2024-04-23,1.1,14163900,"MCKENZIE RIVER NEAR WALTERVILLE, OR",44.0698492,-122.7711874
2024-04-24,0.9,14163900,"MCKENZIE RIVER NEAR WALTERVILLE, OR",44.0698492,-122.7711874
2024-04-25,1.1,14163900,"MCKENZIE RIVER NEAR WALTERVILLE, OR",44.0698492,-122.7711874
2024-04-26,2.0,14163900,"MCKENZIE RIVER NEAR WALTERVILLE, OR",44.0698492,-122.7711874
2024-04-27,3.2,14163900,"MCKENZIE RIVER NEAR WALTERVILLE, OR",44.0698492,-122.7711874
2024-04-28,1.5,14163900,"MCKENZIE RIVER NEAR WALTERVILLE, OR",44.0698492,-122.7711874
2024-04-29,2.3,14163900,"MCKENZIE RIVER NEAR WALTERVILLE, OR",44.0698492,-122.7711874
2024-04-30,2.3,14163900,"MCKENZIE RIVER NEAR WALTERVILLE, OR",44.0698492,-122.7711874
2024-05-01,1.4,14163900,"MCKENZIE RIVER NEAR WALTERVILLE, OR",44.0698492,-122.7711874
2024-05-02,1.8,14163900,"MCKENZIE RIVER NEAR WALTERVILLE, OR",44.0698492,-122.7711874
2024-05-03,1.7,14163900,"MCKENZIE RIVER NEAR WALTERVILLE, OR",44.0698492,-122.7711874
2024-05-04,7.1,14163900,"MCKENZIE RIVER NEAR WALTERVILLE, OR",44.0698492,-122.7711874
2024-05-05,12.5,14163900,"MCKENZIE RIVER NEAR WALTERVILLE, OR",44.0698492,-122.7711874
2024-05-06,8.3,14163900,"MCKENZIE RIVER NEAR WALTERVILLE, OR",44.0698492,-122.7711874
2024-05-07,4.8,14163900,"MCKENZIE RIVER NEAR WALTERVILLE, OR",44.0698492,-122.7711874
2024-05-08,2.4,14163900,"MCKENZIE RIVER NEAR WALTERVILLE, OR",44.0698492,-122.7711874
2024-05-09,1.9,14163900,"MCKENZIE RIVER NEAR WALTERVILLE, OR",44.0698492,-122.7711874
2024-05-10,1.7,14163900,"MCKENZIE RIVER NEAR WALTERVILLE, OR",44.0698492,-122.7711874
2024-05-11,1.3,14163900,"MCKENZIE RIVER NEAR WALTERVILLE, OR",44.0698492,-122.7711874
2024-05-12,1.4,14163900,"MCKENZIE RIVER NEAR WALTERVILLE, OR",44.0698492,-122.7711874
2024-05-13,1.3,14163900,"MCKENZIE RIVER NEAR WALTERVILLE, OR",44.0698492,-122.7711874
2024-05-14,1.2,14163900,"MCKENZIE RIVER NEAR WALTERVILLE, OR",44.0698492,-122.7711874
2024-05-15,1.4,14163900,"MCKENZIE RIVER NEAR WALTERVILLE, OR",44.0698492,-122.7711874
2024-05-16,1.3,14163900,"MCKENZIE RIVER NEAR WALTERVILLE, OR",44.0698492,-122.7711874
2024-05-17,1.1,14163900,"MCKENZIE RIVER NEAR WALTERVILLE, OR",44.0698492,-122.7711874
2024-05-18,1.5,14163900,"MCKENZIE RIVER NEAR WALTERVILLE, OR",44.0698492,-122.7711874
2024-05-19,1.6,14163900,"MCKENZIE RIVER NEAR WALTERVILLE, OR",44.0698492,-122.7711874
2024-05-20,1.4,14163900,"MCKENZIE RIVER NEAR WALTERVILLE, OR",44.0698492,-122.7711874
2024-05-21,1.3,14163900,"MCKENZIE RIVER NEAR WALTERVILLE, OR",44.0698492,-122.7711874
2024-05-22,1.2,14163900,"MCKENZIE RIVER NEAR WALTERVILLE, OR",44.0698492,-122.7711874
2024-05-23,1.1,14163900,"MCKENZIE RIVER NEAR WALTERVILLE, OR",44.0698492,-122.7711874
2024-05-24,1.1,14163900,"MCKENZIE RIVER NEAR WALTERVILLE, OR",44.0698492,-122.7711874
2024-05-25,1.2,14163900,"MCKENZIE RIVER NEAR WALTERVILLE, OR",44.0698492,-122.7711874
2024-05-26,2.1,14163900,"MCKENZIE RIVER NEAR WALTERVILLE, OR",44.0698492,-122.7711874
2024-05-27,1.6,14163900,"MCKENZIE RIVER NEAR WALTERVILLE, OR",44.0698492,-122.7711874
2024-05-28,1.2,14163900,"MCKENZIE RIVER NEAR WALTERVILLE, OR",44.0698492,-122.7711874
2024-05-29,1.3,14163900,"MCKENZIE RIVER NEAR WALTERVILLE, OR",44.0698492,-122.7711874
2024-05-30,1.2,14163900,"MCKENZIE RIVER NEAR WALTERVILLE, OR",44.0698492,-122.7711874
2024-05-31,1.1,14163900,"MCKENZIE RIVER NEAR WALTERVILLE, OR",44.0698492,-122.7711874
2024-06-01,1.1,14163900,"MCKENZIE RIVER NEAR WALTERVILLE, OR",44.0698492,-122.7711874
2024-06-02,1.1,14163900,"MCKENZIE RIVER NEAR WALTERVILLE, OR",44.0698492,-122.7711874
2024-06-03,4.6,14163900,"MCKENZIE RIVER NEAR WALTERVILLE, OR",44.0698492,-122.7711874
2024-06-04,2.4,14163900,"MCKENZIE RIVER NEAR WALTERVILLE, OR",44.0698492,-122.7711874
2024-06-05,1.6,14163900,"MCKENZIE RIVER NEAR WALTERVILLE, OR",44.0698492,-122.7711874
2024-06-08,1.4,14163900,"MCKENZIE RIVER NEAR WALTERVILLE, OR",44.0698492,-122.7711874
2024-06-09,0.9,14163900,"MCKENZIE RIVER NEAR WALTERVILLE, OR",44.0698492,-122.7711874
2024-06-10,1.0,14163900,"MCKENZIE RIVER NEAR WALTERVILLE, OR",44.0698492,-122.7711874
2024-06-11,0.9,14163900,"MCKENZIE RIVER NEAR WALTERVILLE, OR",44.0698492,-122.7711874
2024-06-12,0.8,14163900,"MCKENZIE RIVER NEAR WALTERVILLE, OR",44.0698492,-122.7711874
2024-06-13,1.0,14163900,"MCKENZIE RIVER NEAR WALTERVILLE, OR",44.0698492,-122.7711874
2024-06-14,0.7,14163900,"MCKENZIE RIVER NEAR WALTERVILLE, OR",44.0698492,-122.7711874
2024-06-15,0.9,14163900,"MCKENZIE RIVER NEAR WALTERVILLE, OR",44.0698492,-122.7711874
2024-06-16,1.1,14163900,"MCKENZIE RIVER NEAR WALTERVILLE, OR",44.0698492,-122.7711874
2024-06-17,0.8,14163900,"MCKENZIE RIVER NEAR WALTERVILLE, OR",44.0698492,-122.7711874
2024-06-18,0.9,14163900,"MCKENZIE RIVER NEAR WALTERVILLE, OR",44.0698492,-122.7711874
2024-06-19,1.0,14163900,"MCKENZIE RIVER NEAR WALTERVILLE, OR",44.0698492,-122.7711874
2024-06-20,1.2,14163900,"MCKENZIE RIVER NEAR WALTERVILLE, OR",44.0698492,-122.7711874
2024-06-21,1.2,14163900,"MCKENZIE RIVER NEAR WALTERVILLE, OR",44.0698492,-122.7711874
2024-06-22,1.0,14163900,"MCKENZIE RIVER NEAR WALTERVILLE, OR",44.0698492,-122.7711874
2024-06-23,0.9,14163900,"MCKENZIE RIVER NEAR WALTERVILLE, OR",44.0698492,-122.7711874
2024-06-24,1.1,14163900,"MCKENZIE RIVER NEAR WALTERVILLE, OR",44.0698492,-122.7711874
2024-06-25,1.1,14163900,"MCKENZIE RIVER NEAR WALTERVILLE, OR",44.0698492,-122.7711874
2024-06-26,0.9,14163900,"MCKENZIE RIVER NEAR WALTERVILLE, OR",44.0698492,-122.7711874
2024-06-27,1.1,14163900,"MCKENZIE RIVER NEAR WALTERVILLE, OR",44.0698492,-122.7711874
2024-06-28,1.0,14163900,"MCKENZIE RIVER NEAR WALTERVILLE, OR",44.0698492,-122.7711874
2024-06-29,0.8,14163900,"MCKENZIE RIVER NEAR WALTERVILLE, OR",44.0698492,-122.7711874
2024-06-30,0.7,14163900,"MCKENZIE RIVER NEAR WALTERVILLE, OR",44.0698492,-122.7711874
2024-07-01,0.7,14163900,"MCKENZIE RIVER NEAR WALTERVILLE, OR",44.0698492,-122.7711874
2024-07-02,0.8,14163900,"MCKENZIE RIVER NEAR WALTERVILLE, OR",44.0698492,-122.7711874
2024-07-03,0.7,14163900,"MCKENZIE RIVER NEAR WALTERVILLE, OR",44.0698492,-122.7711874
2024-07-04,0.7,14163900,"MCKENZIE RIVER NEAR WALTERVILLE, OR",44.0698492,-122.7711874
2024-07-05,0.9,14163900,"MCKENZIE RIVER NEAR WALTERVILLE, OR",44.0698492,-122.7711874
2024-07-06,0.9,14163900,"MCKENZIE RIVER NEAR WALTERVILLE, OR",44.0698492,-122.7711874
2024-07-07,0.7,14163900,"MCKENZIE RIVER NEAR WALTERVILLE, OR",44.0698492,-122.7711874
2024-07-08,0.6,14163900,"MCKENZIE RIVER NEAR WALTERVILLE, OR",44.0698492,-122.7711874
2024-07-09,0.7,14163900,"MCKENZIE RIVER NEAR WALTERVILLE, OR",44.0698492,-122.7711874
2024-07-10,0.7,14163900,"MCKENZIE RIVER NEAR WALTERVILLE, OR",44.0698492,-122.7711874
2024-07-11,0.7,14163900,"MCKENZIE RIVER NEAR WALTERVILLE, OR",44.0698492,-122.7711874
2024-07-12,0.8,14163900,"MCKENZIE RIVER NEAR WALTERVILLE, OR",44.0698492,-122.7711874
2024-07-13,0.9,14163900,"MCKENZIE RIVER NEAR WALTERVILLE, OR",44.0698492,-122.7711874
2024-07-14,0.7,14163900,"MCKENZIE RIVER NEAR WALTERVILLE, OR",44.0698492,-122.7711874
2024-07-15,0.8,14163900,"MCKENZIE RIVER NEAR WALTERVILLE, OR",44.0698492,-122.7711874
2024-07-16,0.7,14163900,"MCKENZIE RIVER NEAR WALTERVILLE, OR",44.0698492,-122.7711874
2024-07-17,0.8,14163900,"MCKENZIE RIVER NEAR WALTERVILLE, OR",44.0698492,-122.7711874
2024-07-18,0.7,14163900,"MCKENZIE RIVER NEAR WALTERVILLE, OR",44.0698492,-122.7711874
2024-07-19,0.8,14163900,"MCKENZIE RIVER NEAR WALTERVILLE, OR",44.0698492,-122.7711874
2024-07-20,0.9,14163900,"MCKENZIE RIVER NEAR WALTERVILLE, OR",44.0698492,-122.7711874
2024-07-21,0.8,14163900,"MCKENZIE RIVER NEAR WALTERVILLE, OR",44.0698492,-122.7711874
2024-07-22,0.9,14163900,"MCKENZIE RIVER NEAR WALTERVILLE, OR",44.0698492,-122.7711874
2024-07-23,1.0,14163900,"MCKENZIE RIVER NEAR WALTERVILLE, OR",44.0698492,-122.7711874
2024-07-24,0.9,14163900,"MCKENZIE RIVER NEAR WALTERVILLE, OR",44.0698492,-122.7711874
2024-07-25,0.8,14163900,"MCKENZIE RIVER NEAR WALTERVILLE, OR",44.0698492,-122.7711874
2024-07-26,1.3,14163900,"MCKENZIE RIVER NEAR WALTERVILLE, OR",44.0698492,-122.7711874
2024-07-27,1.5,14163900,"MCKENZIE RIVER NEAR WALTERVILLE, OR",44.0698492,-122.7711874
2024-07-28,0.7,14163900,"MCKENZIE RIVER NEAR WALTERVILLE, OR",44.0698492,-122.7711874
2024-07-29,0.7,14163900,"MCKENZIE RIVER NEAR WALTERVILLE, OR",44.0698492,-122.7711874
2024-07-30,0.8,14163900,"MCKENZIE RIVER NEAR WALTERVILLE, OR",44.0698492,-122.7711874
2024-07-31,0.7,14163900,"MCKENZIE RIVER NEAR WALTERVILLE, OR",44.0698492,-122.7711874
2024-08-01,0.7,14163900,"MCKENZIE RIVER NEAR WALTERVILLE, OR",44.0698492,-122.7711874
2024-08-02,0.8,14163900,"MCKENZIE RIVER NEAR WALTERVILLE, OR",44.0698492,-122.7711874
2024-08-03,0.9,14163900,"MCKENZIE RIVER NEAR WALTERVILLE, OR",44.0698492,-122.7711874
2024-08-04,0.9,14163900,"MCKENZIE RIVER NEAR WALTERVILLE, OR",44.0698492,-122.7711874
2024-08-05,1.0,14163900,"MCKENZIE RIVER NEAR WALTERVILLE, OR",44.0698492,-122.7711874
2024-08-06,0.8,14163900,"MCKENZIE RIVER NEAR WALTERVILLE, OR",44.0698492,-122.7711874
2024-08-07,0.9,14163900,"MCKENZIE RIVER NEAR WALTERVILLE, OR",44.0698492,-122.7711874
2024-08-08,0.8,14163900,"MCKENZIE RIVER NEAR WALTERVILLE, OR",44.0698492,-122.7711874
2024-08-09,0.9,14163900,"MCKENZIE RIVER NEAR WALTERVILLE, OR",44.0698492,-122.7711874
2024-08-10,1.0,14163900,"MCKENZIE RIVER NEAR WALTERVILLE, OR",44.0698492,-122.7711874
2024-08-11,1.4,14163900,"MCKENZIE RIVER NEAR WALTERVILLE, OR",44.0698492,-122.7711874
2024-08-12,2.1,14163900,"MCKENZIE RIVER NEAR WALTERVILLE, OR",44.0698492,-122.7711874
2024-08-13,2.2,14163900,"MCKENZIE RIVER NEAR WALTERVILLE, OR",44.0698492,-122.7711874
2024-08-14,1.3,14163900,"MCKENZIE RIVER NEAR WALTERVILLE, OR",44.0698492,-122.7711874
2024-08-15,1.2,14163900,"MCKENZIE RIVER NEAR WALTERVILLE, OR",44.0698492,-122.7711874
2024-08-16,1.2,14163900,"MCKENZIE RIVER NEAR WALTERVILLE, OR",44.0698492,-122.7711874
2024-08-17,1.6,14163900,"MCKENZIE RIVER NEAR WALTERVILLE, OR",44.0698492,-122.7711874
2024-08-18,1.5,14163900,"MCKENZIE RIVER NEAR WALTERVILLE, OR",44.0698492,-122.7711874
2024-08-19,1.2,14163900,"MCKENZIE RIVER NEAR WALTERVILLE, OR",44.0698492,-122.7711874
2024-08-20,1.3,14163900,"MCKENZIE RIVER NEAR WALTERVILLE, OR",44.0698492,-122.7711874
2024-08-21,1.4,14163900,"MCKENZIE RIVER NEAR WALTERVILLE, OR",44.0698492,-122.7711874
2024-08-22,1.7,14163900,"MCKENZIE RIVER NEAR WALTERVILLE, OR",44.0698492,-122.7711874
2024-08-23,2.3,14163900,"MCKENZIE RIVER NEAR WALTERVILLE, OR",44.0698492,-122.7711874
2024-08-24,2.0,14163900,"MCKENZIE RIVER NEAR WALTERVILLE, OR",44.0698492,-122.7711874
2024-08-25,1.2,14163900,"MCKENZIE RIVER NEAR WALTERVILLE, OR",44.0698492,-122.7711874
2024-08-26,1.2,14163900,"MCKENZIE RIVER NEAR WALTERVILLE, OR",44.0698492,-122.7711874
2024-08-27,1.1,14163900,"MCKENZIE RIVER NEAR WALTERVILLE, OR",44.0698492,-122.7711874
2024-08-28,1.2,14163900,"MCKENZIE RIVER NEAR WALTERVILLE, OR",44.0698492,-122.7711874
2024-08-29,1.2,14163900,"MCKENZIE RIVER NEAR WALTERVILLE, OR",44.0698492,-122.7711874
2024-08-30,1.3,14163900,"MCKENZIE RIVER NEAR WALTERVILLE, OR",44.0698492,-122.7711874
2024-08-31,1.2,14163900,"MCKENZIE RIVER NEAR WALTERVILLE, OR",44.0698492,-122.7711874
2024-09-01,1.2,14163900,"MCKENZIE RIVER NEAR WALTERVILLE, OR",44.0698492,-122.7711874
2024-09-02,1.2,14163900,"MCKENZIE RIVER NEAR WALTERVILLE, OR",44.0698492,-122.7711874
2024-09-03,1.4,14163900,"MCKENZIE RIVER NEAR WALTERVILLE, OR",44.0698492,-122.7711874
2024-09-04,1.4,14163900,"MCKENZIE RIVER NEAR WALTERVILLE, OR",44.0698492,-122.7711874
2024-09-05,1.5,14163900,"MCKENZIE RIVER NEAR WALTERVILLE, OR",44.0698492,-122.7711874
2024-09-06,1.6,14163900,"MCKENZIE RIVER NEAR WALTERVILLE, OR",44.0698492,-122.7711874
2024-09-07,1.4,14163900,"MCKENZIE RIVER NEAR WALTERVILLE, OR",44.0698492,-122.7711874
2024-09-08,1.4,14163900,"MCKENZIE RIVER NEAR WALTERVILLE, OR",44.0698492,-122.7711874
2024-09-09,1.2,14163900,"MCKENZIE RIVER NEAR WALTERVILLE, OR",44.0698492,-122.7711874
2024-09-10,1.4,14163900,"MCKENZIE RIVER NEAR WALTERVILLE, OR",44.0698492,-122.7711874
2024-09-11,1.5,14163900,"MCKENZIE RIVER NEAR WALTERVILLE, OR",44.0698492,-122.7711874
2024-09-12,1.4,14163900,"MCKENZIE RIVER NEAR WALTERVILLE, OR",44.0698492,-122.7711874
2024-09-13,1.3,14163900,"MCKENZIE RIVER NEAR WALTERVILLE, OR",44.0698492,-122.7711874
2024-09-14,1.4,14163900,"MCKENZIE RIVER NEAR WALTERVILLE, OR",44.0698492,-122.7711874
2024-09-15,1.5,14163900,"MCKENZIE RIVER NEAR WALTERVILLE, OR",44.0698492,-122.7711874
2024-09-16,1.3,14163900,"MCKENZIE RIVER NEAR WALTERVILLE, OR",44.0698492,-122.7711874
2024-09-17,1.3,14163900,"MCKENZIE RIVER NEAR WALTERVILLE, OR",44.0698492,-122.7711874
2024-09-18,1.4,14163900,"MCKENZIE RIVER NEAR WALTERVILLE, OR",44.0698492,-122.7711874
2024-09-19,1.3,14163900,"MCKENZIE RIVER NEAR WALTERVILLE, OR",44.0698492,-122.7711874
2024-09-20,1.4,14163900,"MCKENZIE RIVER NEAR WALTERVILLE, OR",44.0698492,-122.7711874
2024-09-21,1.3,14163900,"MCKENZIE RIVER NEAR WALTERVILLE, OR",44.0698492,-122.7711874
2024-09-22,1.2,14163900,"MCKENZIE RIVER NEAR WALTERVILLE, OR",44.0698492,-122.7711874
2024-09-23,1.3,14163900,"MCKENZIE RIVER NEAR WALTERVILLE, OR",44.0698492,-122.7711874
2024-09-24,1.2,14163900,"MCKENZIE RIVER NEAR WALTERVILLE, OR",44.0698492,-122.7711874
2024-09-25,1.2,14163900,"MCKENZIE RIVER NEAR WALTERVILLE, OR",44.0698492,-122.7711874
2024-09-26,1.2,14163900,"MCKENZIE RIVER NEAR WALTERVILLE, OR",44.0698492,-122.7711874
2024-09-27,1.2,14163900,"MCKENZIE RIVER NEAR WALTERVILLE, OR",44.0698492,-122.7711874
2024-09-28,1.3,14163900,"MCKENZIE RIVER NEAR WALTERVILLE, OR",44.0698492,-122.7711874
2024-09-29,1.1,14163900,"MCKENZIE RIVER NEAR WALTERVILLE, OR",44.0698492,-122.7711874
2024-09-30,1.2,14163900,"MCKENZIE RIVER NEAR WALTERVILLE, OR",44.0698492,-122.7711874
2024-01-01,9.2,14164550,"CAMP CRK AT CAMP CRK RD BRIDGE, NR SPRINGFIELD, OR",44.07066667,-122.8846667
2024-01-02,8.2,14164550,"CAMP CRK AT CAMP CRK RD BRIDGE, NR SPRINGFIELD, OR",44.07066667,-122.8846667
2024-01-03,12.5,14164550,"CAMP CRK AT CAMP CRK RD BRIDGE, NR SPRINGFIELD, OR",44.07066667,-122.8846667
2024-01-04,20.4,14164550,"CAMP CRK AT CAMP CRK RD BRIDGE, NR SPRINGFIELD, OR",44.07066667,-122.8846667
2024-01-05,20.8,14164550,"CAMP CRK AT CAMP CRK RD BRIDGE, NR SPRINGFIELD, OR",44.07066667,-122.8846667
2024-01-06,38.5,14164550,"CAMP CRK AT CAMP CRK RD BRIDGE, NR SPRINGFIELD, OR",44.07066667,-122.8846667
2024-01-07,33.7,14164550,"CAMP CRK AT CAMP CRK RD BRIDGE, NR SPRINGFIELD, OR",44.07066667,-122.8846667
2024-01-08,18.2,14164550,"CAMP CRK AT CAMP CRK RD BRIDGE, NR SPRINGFIELD, OR",44.07066667,-122.8846667
2024-01-09,44.8,14164550,"CAMP CRK AT CAMP CRK RD BRIDGE, NR SPRINGFIELD, OR",44.07066667,-122.8846667
2024-01-10,33.8,14164550,"CAMP CRK AT CAMP CRK RD BRIDGE, NR SPRINGFIELD, OR",44.07066667,-122.8846667
2024-01-11,18.4,14164550,"CAMP CRK AT CAMP CRK RD BRIDGE, NR SPRINGFIELD, OR",44.07066667,-122.8846667
2024-01-12,22.0,14164550,"CAMP CRK AT CAMP CRK RD BRIDGE, NR SPRINGFIELD, OR",44.07066667,-122.8846667
2024-01-13,42.0,14164550,"CAMP CRK AT CAMP CRK RD BRIDGE, NR SPRINGFIELD, OR",44.07066667,-122.8846667
2024-01-14,32.9,14164550,"CAMP CRK AT CAMP CRK RD BRIDGE, NR SPRINGFIELD, OR",44.07066667,-122.8846667
2024-01-15,11.7,14164550,"CAMP CRK AT CAMP CRK RD BRIDGE, NR SPRINGFIELD, OR",44.07066667,-122.8846667
2024-01-16,9.7,14164550,"CAMP CRK AT CAMP CRK RD BRIDGE, NR SPRINGFIELD, OR",44.07066667,-122.8846667
2024-01-17,79.2,14164550,"CAMP CRK AT CAMP CRK RD BRIDGE, NR SPRINGFIELD, OR",44.07066667,-122.8846667
2024-01-18,50.9,14164550,"CAMP CRK AT CAMP CRK RD BRIDGE, NR SPRINGFIELD, OR",44.07066667,-122.8846667
2024-01-19,18.4,14164550,"CAMP CRK AT CAMP CRK RD BRIDGE, NR SPRINGFIELD, OR",44.07066667,-122.8846667
2024-01-20,13.0,14164550,"CAMP CRK AT CAMP CRK RD BRIDGE, NR SPRINGFIELD, OR",44.07066667,-122.8846667
2024-01-21,10.8,14164550,"CAMP CRK AT CAMP CRK RD BRIDGE, NR SPRINGFIELD, OR",44.07066667,-122.8846667
2024-01-22,12.2,14164550,"CAMP CRK AT CAMP CRK RD BRIDGE, NR SPRINGFIELD, OR",44.07066667,-122.8846667
2024-01-23,14.2,14164550,"CAMP CRK AT CAMP CRK RD BRIDGE, NR SPRINGFIELD, OR",44.07066667,-122.8846667
2024-01-24,9.6,14164550,"CAMP CRK AT CAMP CRK RD BRIDGE, NR SPRINGFIELD, OR",44.07066667,-122.8846667
2024-01-25,12.0,14164550,"CAMP CRK AT CAMP CRK RD BRIDGE, NR SPRINGFIELD, OR",44.07066667,-122.8846667
2024-01-26,16.8,14164550,"CAMP CRK AT CAMP CRK RD BRIDGE, NR SPRINGFIELD, OR",44.07066667,-122.8846667
2024-01-27,18.5,14164550,"CAMP CRK AT CAMP CRK RD BRIDGE, NR SPRINGFIELD, OR",44.07066667,-122.8846667
2024-01-28,12.5,14164550,"CAMP CRK AT CAMP CRK RD BRIDGE, NR SPRINGFIELD, OR",44.07066667,-122.8846667
2024-01-29,12.0,14164550,"CAMP CRK AT CAMP CRK RD BRIDGE, NR SPRINGFIELD, OR",44.07066667,-122.8846667
2024-01-30,11.0,14164550,"CAMP CRK AT CAMP CRK RD BRIDGE, NR SPRINGFIELD, OR",44.07066667,-122.8846667
2024-01-31,8.6,14164550,"CAMP CRK AT CAMP CRK RD BRIDGE, NR SPRINGFIELD, OR",44.07066667,-122.8846667
2024-02-01,9.5,14164550,"CAMP CRK AT CAMP CRK RD BRIDGE, NR SPRINGFIELD, OR",44.07066667,-122.8846667
2024-02-02,8.5,14164550,"CAMP CRK AT CAMP CRK RD BRIDGE, NR SPRINGFIELD, OR",44.07066667,-122.8846667
2024-02-03,9.2,14164550,"CAMP CRK AT CAMP CRK RD BRIDGE, NR SPRINGFIELD, OR",44.07066667,-122.8846667
2024-02-04,7.7,14164550,"CAMP CRK AT CAMP CRK RD BRIDGE, NR SPRINGFIELD, OR",44.07066667,-122.8846667
2024-02-05,7.7,14164550,"CAMP CRK AT CAMP CRK RD BRIDGE, NR SPRINGFIELD, OR",44.07066667,-122.8846667
2024-02-06,7.5,14164550,"CAMP CRK AT CAMP CRK RD BRIDGE, NR SPRINGFIELD, OR",44.07066667,-122.8846667
2024-02-07,7.3,14164550,"CAMP CRK AT CAMP CRK RD BRIDGE, NR SPRINGFIELD, OR",44.07066667,-122.8846667
2024-02-08,7.1,14164550,"CAMP CRK AT CAMP CRK RD BRIDGE, NR SPRINGFIELD, OR",44.07066667,-122.8846667
2024-02-09,7.1,14164550,"CAMP CRK AT CAMP CRK RD BRIDGE, NR SPRINGFIELD, OR",44.07066667,-122.8846667
2024-02-10,7.0,14164550,"CAMP CRK AT CAMP CRK RD BRIDGE, NR SPRINGFIELD, OR",44.07066667,-122.8846667
2024-02-11,5.2,14164550,"CAMP CRK AT CAMP CRK RD BRIDGE, NR SPRINGFIELD, OR",44.07066667,-122.8846667
2024-02-12,6.7,14164550,"CAMP CRK AT CAMP CRK RD BRIDGE, NR SPRINGFIELD, OR",44.07066667,-122.8846667
2024-02-13,6.1,14164550,"CAMP CRK AT CAMP CRK RD BRIDGE, NR SPRINGFIELD, OR",44.07066667,-122.8846667
2024-02-14,7.0,14164550,"CAMP CRK AT CAMP CRK RD BRIDGE, NR SPRINGFIELD, OR",44.07066667,-122.8846667
2024-02-15,48.0,14164550,"CAMP CRK AT CAMP CRK RD BRIDGE, NR SPRINGFIELD, OR",44.07066667,-122.8846667
2024-02-16,51.2,14164550,"CAMP CRK AT CAMP CRK RD BRIDGE, NR SPRINGFIELD, OR",44.07066667,-122.8846667
2024-02-17,20.2,14164550,"CAMP CRK AT CAMP CRK RD BRIDGE, NR SPRINGFIELD, OR",44.07066667,-122.8846667
2024-02-18,12.9,14164550,"CAMP CRK AT CAMP CRK RD BRIDGE, NR SPRINGFIELD, OR",44.07066667,-122.8846667
2024-02-19,10.1,14164550,"CAMP CRK AT CAMP CRK RD BRIDGE, NR SPRINGFIELD, OR",44.07066667,-122.8846667
2024-02-20,10.4,14164550,"CAMP CRK AT CAMP CRK RD BRIDGE, NR SPRINGFIELD, OR",44.07066667,-122.8846667
2024-02-21,7.4,14164550,"CAMP CRK AT CAMP CRK RD BRIDGE, NR SPRINGFIELD, OR",44.07066667,-122.8846667
2024-02-22,8.1,14164550,"CAMP CRK AT CAMP CRK RD BRIDGE, NR SPRINGFIELD, OR",44.07066667,-122.8846667
2024-02-23,6.9,14164550,"CAMP CRK AT CAMP CRK RD BRIDGE, NR SPRINGFIELD, OR",44.07066667,-122.8846667
2024-02-24,6.1,14164550,"CAMP CRK AT CAMP CRK RD BRIDGE, NR SPRINGFIELD, OR",44.07066667,-122.8846667
2024-02-25,5.6,14164550,"CAMP CRK AT CAMP CRK RD BRIDGE, NR SPRINGFIELD, OR",44.07066667,-122.8846667
2024-02-26,14.0,14164550,"CAMP CRK AT CAMP CRK RD BRIDGE, NR SPRINGFIELD, OR",44.07066667,-122.8846667
2024-02-27,9.0,14164550,"CAMP CRK AT CAMP CRK RD BRIDGE, NR SPRINGFIELD, OR",44.07066667,-122.8846667
2024-02-28,7.2,14164550,"CAMP CRK AT CAMP CRK RD BRIDGE, NR SPRINGFIELD, OR",44.07066667,-122.8846667
2024-02-29,39.8,14164550,"CAMP CRK AT CAMP CRK RD BRIDGE, NR SPRINGFIELD, OR",44.07066667,-122.8846667
2024-03-01,24.1,14164550,"CAMP CRK AT CAMP CRK RD BRIDGE, NR SPRINGFIELD, OR",44.07066667,-122.8846667
2024-03-02,15.0,14164550,"CAMP CRK AT CAMP CRK RD BRIDGE, NR SPRINGFIELD, OR",44.07066667,-122.8846667
2024-03-03,13.1,14164550,"CAMP CRK AT CAMP CRK RD BRIDGE, NR SPRINGFIELD, OR",44.07066667,-122.8846667
2024-03-04,14.2,14164550,"CAMP CRK AT CAMP CRK RD BRIDGE, NR SPRINGFIELD, OR",44.07066667,-122.8846667
2024-03-05,14.3,14164550,"CAMP CRK AT CAMP CRK RD BRIDGE, NR SPRINGFIELD, OR",44.07066667,-122.8846667
2024-03-06,10.2,14164550,"CAMP CRK AT CAMP CRK RD BRIDGE, NR SPRINGFIELD, OR",44.07066667,-122.8846667
2024-03-07,8.3,14164550,"CAMP CRK AT CAMP CRK RD BRIDGE, NR SPRINGFIELD, OR",44.07066667,-122.8846667
2024-03-08,7.7,14164550,"CAMP CRK AT CAMP CRK RD BRIDGE, NR SPRINGFIELD, OR",44.07066667,-122.8846667
2024-03-09,6.9,14164550,"CAMP CRK AT CAMP CRK RD BRIDGE, NR SPRINGFIELD, OR",44.07066667,-122.8846667
2024-03-10,7.3,14164550,"CAMP CRK AT CAMP CRK RD BRIDGE, NR SPRINGFIELD, OR",44.07066667,-122.8846667
2024-03-11,7.5,14164550,"CAMP CRK AT CAMP CRK RD BRIDGE, NR SPRINGFIELD, OR",44.07066667,-122.8846667
2024-03-12,11.1,14164550,"CAMP CRK AT CAMP CRK RD BRIDGE, NR SPRINGFIELD, OR",44.07066667,-122.8846667
2024-03-13,9.7,14164550,"CAMP CRK AT CAMP CRK RD BRIDGE, NR SPRINGFIELD, OR",44.07066667,-122.8846667
2024-03-14,7.0,14164550,"CAMP CRK AT CAMP CRK RD BRIDGE, NR SPRINGFIELD, OR",44.07066667,-122.8846667
2024-03-15,6.5,14164550,"CAMP CRK AT CAMP CRK RD BRIDGE, NR SPRINGFIELD, OR",44.07066667,-122.8846667
2024-03-16,6.3,14164550,"CAMP CRK AT CAMP CRK RD BRIDGE, NR SPRINGFIELD, OR",44.07066667,-122.8846667
2024-03-17,6.1,14164550,"CAMP CRK AT CAMP CRK RD BRIDGE, NR SPRINGFIELD, OR",44.07066667,-122.8846667
2024-03-18,5.7,14164550,"CAMP CRK AT CAMP CRK RD BRIDGE, NR SPRINGFIELD, OR",44.07066667,-122.8846667
2024-03-19,5.8,14164550,"CAMP CRK AT CAMP CRK RD BRIDGE, NR SPRINGFIELD, OR",44.07066667,-122.8846667
2024-03-20,5.8,14164550,"CAMP CRK AT CAMP CRK RD BRIDGE, NR SPRINGFIELD, OR",44.07066667,-122.8846667
2024-03-21,5.3,14164550,"CAMP CRK AT CAMP CRK RD BRIDGE, NR SPRINGFIELD, OR",44.07066667,-122.8846667
2024-03-22,5.6,14164550,"CAMP CRK AT CAMP CRK RD BRIDGE, NR SPRINGFIELD, OR",44.07066667,-122.8846667
2024-03-23,4.9,14164550,"CAMP CRK AT CAMP CRK RD BRIDGE, NR SPRINGFIELD, OR",44.07066667,-122.8846667
2024-03-24,6.3,14164550,"CAMP CRK AT CAMP CRK RD BRIDGE, NR SPRINGFIELD, OR",44.07066667,-122.8846667
2024-03-25,6.7,14164550,"CAMP CRK AT CAMP CRK RD BRIDGE, NR SPRINGFIELD, OR",44.07066667,-122.8846667
2024-03-26,6.9,14164550,"CAMP CRK AT CAMP CRK RD BRIDGE, NR SPRINGFIELD, OR",44.07066667,-122.8846667
2024-03-27,38.4,14164550,"CAMP CRK AT CAMP CRK RD BRIDGE, NR SPRINGFIELD, OR",44.07066667,-122.8846667
2024-03-28,32.4,14164550,"CAMP CRK AT CAMP CRK RD BRIDGE, NR SPRINGFIELD, OR",44.07066667,-122.8846667
2024-03-29,13.2,14164550,"CAMP CRK AT CAMP CRK RD BRIDGE, NR SPRINGFIELD, OR",44.07066667,-122.8846667
2024-03-30,9.5,14164550,"CAMP CRK AT CAMP CRK RD BRIDGE, NR SPRINGFIELD, OR",44.07066667,-122.8846667
2024-03-31,8.3,14164550,"CAMP CRK AT CAMP CRK RD BRIDGE, NR SPRINGFIELD, OR",44.07066667,-122.8846667
2024-04-01,6.5,14164550,"CAMP CRK AT CAMP CRK RD BRIDGE, NR SPRINGFIELD, OR",44.07066667,-122.8846667
2024-04-02,6.5,14164550,"CAMP CRK AT CAMP CRK RD BRIDGE, NR SPRINGFIELD, OR",44.07066667,-122.8846667
2024-04-03,6.1,14164550,"CAMP CRK AT CAMP CRK RD BRIDGE, NR SPRINGFIELD, OR",44.07066667,-122.8846667
2024-04-04,7.9,14164550,"CAMP CRK AT CAMP CRK RD BRIDGE, NR SPRINGFIELD, OR",44.07066667,-122.8846667
2024-04-05,8.2,14164550,"CAMP CRK AT CAMP CRK RD BRIDGE, NR SPRINGFIELD, OR",44.07066667,-122.8846667
2024-04-06,7.4,14164550,"CAMP CRK AT CAMP CRK RD BRIDGE, NR SPRINGFIELD, OR",44.07066667,-122.8846667
2024-04-07,7.8,14164550,"CAMP CRK AT CAMP CRK RD BRIDGE, NR SPRINGFIELD, OR",44.07066667,-122.8846667
2024-04-08,6.6,14164550,"CAMP CRK AT CAMP CRK RD BRIDGE, NR SPRINGFIELD, OR",44.07066667,-122.8846667
2024-04-09,6.4,14164550,"CAMP CRK AT CAMP CRK RD BRIDGE, NR SPRINGFIELD, OR",44.07066667,-122.8846667
2024-04-10,5.6,14164550,"CAMP CRK AT CAMP CRK RD BRIDGE, NR SPRINGFIELD, OR",44.07066667,-122.8846667
2024-04-11,5.5,14164550,"CAMP CRK AT CAMP CRK RD BRIDGE, NR SPRINGFIELD, OR",44.07066667,-122.8846667
2024-04-12,5.4,14164550,"CAMP CRK AT CAMP CRK RD BRIDGE, NR SPRINGFIELD, OR",44.07066667,-122.8846667
2024-04-13,7.2,14164550,"CAMP CRK AT CAMP CRK RD BRIDGE, NR SPRINGFIELD, OR",44.07066667,-122.8846667
2024-04-14,7.9,14164550,"CAMP CRK AT CAMP CRK RD BRIDGE, NR SPRINGFIELD, OR",44.07066667,-122.8846667
2024-04-15,7.1,14164550,"CAMP CRK AT CAMP CRK RD BRIDGE, NR SPRINGFIELD, OR",44.07066667,-122.8846667
2024-04-16,7.0,14164550,"CAMP CRK AT CAMP CRK RD BRIDGE, NR SPRINGFIELD, OR",44.07066667,-122.8846667
2024-04-17,5.9,14164550,"CAMP CRK AT CAMP CRK RD BRIDGE, NR SPRINGFIELD, OR",44.07066667,-122.8846667
2024-04-18,6.0,14164550,"CAMP CRK AT CAMP CRK RD BRIDGE, NR SPRINGFIELD, OR",44.07066667,-122.8846667
2024-04-19,6.9,14164550,"CAMP CRK AT CAMP CRK RD BRIDGE, NR SPRINGFIELD, OR",44.07066667,-122.8846667
2024-04-20,5.9,14164550,"CAMP CRK AT CAMP CRK RD BRIDGE, NR SPRINGFIELD, OR",44.07066667,-122.8846667
2024-04-21,5.1,14164550,"CAMP CRK AT CAMP CRK RD BRIDGE, NR SPRINGFIELD, OR",44.07066667,-122.8846667
2024-04-22,8.3,14164550,"CAMP CRK AT CAMP CRK RD BRIDGE, NR SPRINGFIELD, OR",44.07066667,-122.8846667
2024-04-23,5.4,14164550,"CAMP CRK AT CAMP CRK RD BRIDGE, NR SPRINGFIELD, OR",44.07066667,-122.8846667
2024-04-24,5.6,14164550,"CAMP CRK AT CAMP CRK RD BRIDGE, NR SPRINGFIELD, OR",44.07066667,-122.8846667
2024-04-25,5.8,14164550,"CAMP CRK AT CAMP CRK RD BRIDGE, NR SPRINGFIELD, OR",44.07066667,-122.8846667
2024-04-26,32.0,14164550,"CAMP CRK AT CAMP CRK RD BRIDGE, NR SPRINGFIELD, OR",44.07066667,-122.8846667
2024-04-27,32.2,14164550,"CAMP CRK AT CAMP CRK RD BRIDGE, NR SPRINGFIELD, OR",44.07066667,-122.8846667
2024-04-28,18.7,14164550,"CAMP CRK AT CAMP CRK RD BRIDGE, NR SPRINGFIELD, OR",44.07066667,-122.8846667
2024-04-29,14.6,14164550,"CAMP CRK AT CAMP CRK RD BRIDGE, NR SPRINGFIELD, OR",44.07066667,-122.8846667
2024-04-30,12.7,14164550,"CAMP CRK AT CAMP CRK RD BRIDGE, NR SPRINGFIELD, OR",44.07066667,-122.8846667
2024-05-01,10.4,14164550,"CAMP CRK AT CAMP CRK RD BRIDGE, NR SPRINGFIELD, OR",44.07066667,-122.8846667
2024-05-02,21.3,14164550,"CAMP CRK AT CAMP CRK RD BRIDGE, NR SPRINGFIELD, OR",44.07066667,-122.8846667
2024-05-03,29.5,14164550,"CAMP CRK AT CAMP CRK RD BRIDGE, NR SPRINGFIELD, OR",44.07066667,-122.8846667
2024-05-04,49.0,14164550,"CAMP CRK AT CAMP CRK RD BRIDGE, NR SPRINGFIELD, OR",44.07066667,-122.8846667
2024-05-05,41.8,14164550,"CAMP CRK AT CAMP CRK RD BRIDGE, NR SPRINGFIELD, OR",44.07066667,-122.8846667
2024-05-06,19.6,14164550,"CAMP CRK AT CAMP CRK RD BRIDGE, NR SPRINGFIELD, OR",44.07066667,-122.8846667
2024-05-07,13.7,14164550,"CAMP CRK AT CAMP CRK RD BRIDGE, NR SPRINGFIELD, OR",44.07066667,-122.8846667
2024-05-08,10.8,14164550,"CAMP CRK AT CAMP CRK RD BRIDGE, NR SPRINGFIELD, OR",44.07066667,-122.8846667
2024-05-09,9.6,14164550,"CAMP CRK AT CAMP CRK RD BRIDGE, NR SPRINGFIELD, OR",44.07066667,-122.8846667
2024-05-10,7.8,14164550,"CAMP CRK AT CAMP CRK RD BRIDGE, NR SPRINGFIELD, OR",44.07066667,-122.8846667
2024-05-11,7.1,14164550,"CAMP CRK AT CAMP CRK RD BRIDGE, NR SPRINGFIELD, OR",44.07066667,-122.8846667
2024-05-12,7.3,14164550,"CAMP CRK AT CAMP CRK RD BRIDGE, NR SPRINGFIELD, OR",44.07066667,-122.8846667
2024-05-13,7.0,14164550,"CAMP CRK AT CAMP CRK RD BRIDGE, NR SPRINGFIELD, OR",44.07066667,-122.8846667
2024-05-17,5.8,14164550,"CAMP CRK AT CAMP CRK RD BRIDGE, NR SPRINGFIELD, OR",44.07066667,-122.8846667
2024-05-18,7.4,14164550,"CAMP CRK AT CAMP CRK RD BRIDGE, NR SPRINGFIELD, OR",44.07066667,-122.8846667
2024-05-19,6.3,14164550,"CAMP CRK AT CAMP CRK RD BRIDGE, NR SPRINGFIELD, OR",44.07066667,-122.8846667
2024-05-20,5.4,14164550,"CAMP CRK AT CAMP CRK RD BRIDGE, NR SPRINGFIELD, OR",44.07066667,-122.8846667
2024-05-21,5.4,14164550,"CAMP CRK AT CAMP CRK RD BRIDGE, NR SPRINGFIELD, OR",44.07066667,-122.8846667
2024-05-22,5.1,14164550,"CAMP CRK AT CAMP CRK RD BRIDGE, NR SPRINGFIELD, OR",44.07066667,-122.8846667
2024-05-23,5.1,14164550,"CAMP CRK AT CAMP CRK RD BRIDGE, NR SPRINGFIELD, OR",44.07066667,-122.8846667
2024-05-24,5.1,14164550,"CAMP CRK AT CAMP CRK RD BRIDGE, NR SPRINGFIELD, OR",44.07066667,-122.8846667
2024-05-25,5.1,14164550,"CAMP CRK AT CAMP CRK RD BRIDGE, NR SPRINGFIELD, OR",44.07066667,-122.8846667
2024-05-26,4.5,14164550,"CAMP CRK AT CAMP CRK RD BRIDGE, NR SPRINGFIELD, OR",44.07066667,-122.8846667
2024-05-27,5.1,14164550,"CAMP CRK AT CAMP CRK RD BRIDGE, NR SPRINGFIELD, OR",44.07066667,-122.8846667
2024-05-28,5.8,14164550,"CAMP CRK AT CAMP CRK RD BRIDGE, NR SPRINGFIELD, OR",44.07066667,-122.8846667
2024-05-29,5.8,14164550,"CAMP CRK AT CAMP CRK RD BRIDGE, NR SPRINGFIELD, OR",44.07066667,-122.8846667
2024-05-30,5.0,14164550,"CAMP CRK AT CAMP CRK RD BRIDGE, NR SPRINGFIELD, OR",44.07066667,-122.8846667
2024-05-31,5.4,14164550,"CAMP CRK AT CAMP CRK RD BRIDGE, NR SPRINGFIELD, OR",44.07066667,-122.8846667
2024-06-01,5.8,14164550,"CAMP CRK AT CAMP CRK RD BRIDGE, NR SPRINGFIELD, OR",44.07066667,-122.8846667
2024-06-02,6.6,14164550,"CAMP CRK AT CAMP CRK RD BRIDGE, NR SPRINGFIELD, OR",44.07066667,-122.8846667
2024-06-03,14.6,14164550,"CAMP CRK AT CAMP CRK RD BRIDGE, NR SPRINGFIELD, OR",44.07066667,-122.8846667
2024-06-04,11.4,14164550,"CAMP CRK AT CAMP CRK RD BRIDGE, NR SPRINGFIELD, OR",44.07066667,-122.8846667
2024-06-05,7.5,14164550,"CAMP CRK AT CAMP CRK RD BRIDGE, NR SPRINGFIELD, OR",44.07066667,-122.8846667
2024-06-06,7.0,14164550,"CAMP CRK AT CAMP CRK RD BRIDGE, NR SPRINGFIELD, OR",44.07066667,-122.8846667
2024-06-07,7.2,14164550,"CAMP CRK AT CAMP CRK RD BRIDGE, NR SPRINGFIELD, OR",44.07066667,-122.8846667
2024-06-08,7.2,14164550,"CAMP CRK AT CAMP CRK RD BRIDGE, NR SPRINGFIELD, OR",44.07066667,-122.8846667
2024-06-09,6.2,14164550,"CAMP CRK AT CAMP CRK RD BRIDGE, NR SPRINGFIELD, OR",44.07066667,-122.8846667
2024-06-10,6.0,14164550,"CAMP CRK AT CAMP CRK RD BRIDGE, NR SPRINGFIELD, OR",44.07066667,-122.8846667
2024-06-11,6.9,14164550,"CAMP CRK AT CAMP CRK RD BRIDGE, NR SPRINGFIELD, OR",44.07066667,-122.8846667
2024-06-12,6.5,14164550,"CAMP CRK AT CAMP CRK RD BRIDGE, NR SPRINGFIELD, OR",44.07066667,-122.8846667
2024-06-13,6.2,14164550,"CAMP CRK AT CAMP CRK RD BRIDGE, NR SPRINGFIELD, OR",44.07066667,-122.8846667
2024-06-14,5.6,14164550,"CAMP CRK AT CAMP CRK RD BRIDGE, NR SPRINGFIELD, OR",44.07066667,-122.8846667
2024-06-15,5.8,14164550,"CAMP CRK AT CAMP CRK RD BRIDGE, NR SPRINGFIELD, OR",44.07066667,-122.8846667
2024-06-16,5.4,14164550,"CAMP CRK AT CAMP CRK RD BRIDGE, NR SPRINGFIELD, OR",44.07066667,-122.8846667
2024-06-17,5.3,14164550,"CAMP CRK AT CAMP CRK RD BRIDGE, NR SPRINGFIELD, OR",44.07066667,-122.8846667
2024-06-18,5.7,14164550,"CAMP CRK AT CAMP CRK RD BRIDGE, NR SPRINGFIELD, OR",44.07066667,-122.8846667
2024-06-19,5.5,14164550,"CAMP CRK AT CAMP CRK RD BRIDGE, NR SPRINGFIELD, OR",44.07066667,-122.8846667
2024-06-20,6.0,14164550,"CAMP CRK AT CAMP CRK RD BRIDGE, NR SPRINGFIELD, OR",44.07066667,-122.8846667
2024-06-21,6.4,14164550,"CAMP CRK AT CAMP CRK RD BRIDGE, NR SPRINGFIELD, OR",44.07066667,-122.8846667
2024-06-22,7.2,14164550,"CAMP CRK AT CAMP CRK RD BRIDGE, NR SPRINGFIELD, OR",44.07066667,-122.8846667
2024-06-23,7.2,14164550,"CAMP CRK AT CAMP CRK RD BRIDGE, NR SPRINGFIELD, OR",44.07066667,-122.8846667
2024-06-24,6.9,14164550,"CAMP CRK AT CAMP CRK RD BRIDGE, NR SPRINGFIELD, OR",44.07066667,-122.8846667
2024-06-25,6.8,14164550,"CAMP CRK AT CAMP CRK RD BRIDGE, NR SPRINGFIELD, OR",44.07066667,-122.8846667
2024-06-26,7.2,14164550,"CAMP CRK AT CAMP CRK RD BRIDGE, NR SPRINGFIELD, OR",44.07066667,-122.8846667
2024-06-27,7.2,14164550,"CAMP CRK AT CAMP CRK RD BRIDGE, NR SPRINGFIELD, OR",44.07066667,-122.8846667
2024-06-28,6.7,14164550,"CAMP CRK AT CAMP CRK RD BRIDGE, NR SPRINGFIELD, OR",44.07066667,-122.8846667
2024-06-29,6.6,14164550,"CAMP CRK AT CAMP CRK RD BRIDGE, NR SPRINGFIELD, OR",44.07066667,-122.8846667
2024-06-30,7.1,14164550,"CAMP CRK AT CAMP CRK RD BRIDGE, NR SPRINGFIELD, OR",44.07066667,-122.8846667
2024-07-01,7.0,14164550,"CAMP CRK AT CAMP CRK RD BRIDGE, NR SPRINGFIELD, OR",44.07066667,-122.8846667
2024-07-02,7.3,14164550,"CAMP CRK AT CAMP CRK RD BRIDGE, NR SPRINGFIELD, OR",44.07066667,-122.8846667
2024-07-03,7.5,14164550,"CAMP CRK AT CAMP CRK RD BRIDGE, NR SPRINGFIELD, OR",44.07066667,-122.8846667
2024-07-04,7.6,14164550,"CAMP CRK AT CAMP CRK RD BRIDGE, NR SPRINGFIELD, OR",44.07066667,-122.8846667
2024-07-05,7.1,14164550,"CAMP CRK AT CAMP CRK RD BRIDGE, NR SPRINGFIELD, OR",44.07066667,-122.8846667
2024-07-06,7.5,14164550,"CAMP CRK AT CAMP CRK RD BRIDGE, NR SPRINGFIELD, OR",44.07066667,-122.8846667
2024-07-07,7.7,14164550,"CAMP CRK AT CAMP CRK RD BRIDGE, NR SPRINGFIELD, OR",44.07066667,-122.8846667
2024-07-08,7.5,14164550,"CAMP CRK AT CAMP CRK RD BRIDGE, NR SPRINGFIELD, OR",44.07066667,-122.8846667
2024-07-09,7.5,14164550,"CAMP CRK AT CAMP CRK RD BRIDGE, NR SPRINGFIELD, OR",44.07066667,-122.8846667
2024-07-10,7.5,14164550,"CAMP CRK AT CAMP CRK RD BRIDGE, NR SPRINGFIELD, OR",44.07066667,-122.8846667
2024-07-11,8.1,14164550,"CAMP CRK AT CAMP CRK RD BRIDGE, NR SPRINGFIELD, OR",44.07066667,-122.8846667
2024-07-12,6.6,14164550,"CAMP CRK AT CAMP CRK RD BRIDGE, NR SPRINGFIELD, OR",44.07066667,-122.8846667
2024-07-13,7.3,14164550,"CAMP CRK AT CAMP CRK RD BRIDGE, NR SPRINGFIELD, OR",44.07066667,-122.8846667
2024-07-14,7.4,14164550,"CAMP CRK AT CAMP CRK RD BRIDGE, NR SPRINGFIELD, OR",44.07066667,-122.8846667
2024-07-15,7.6,14164550,"CAMP CRK AT CAMP CRK RD BRIDGE, NR SPRINGFIELD, OR",44.07066667,-122.8846667
2024-07-16,7.6,14164550,"CAMP CRK AT CAMP CRK RD BRIDGE, NR SPRINGFIELD, OR",44.07066667,-122.8846667
2024-07-17,7.9,14164550,"CAMP CRK AT CAMP CRK RD BRIDGE, NR SPRINGFIELD, OR",44.07066667,-122.8846667
2024-07-18,7.9,14164550,"CAMP CRK AT CAMP CRK RD BRIDGE, NR SPRINGFIELD, OR",44.07066667,-122.8846667
2024-07-19,8.0,14164550,"CAMP CRK AT CAMP CRK RD BRIDGE, NR SPRINGFIELD, OR",44.07066667,-122.8846667
2024-07-20,8.1,14164550,"CAMP CRK AT CAMP CRK RD BRIDGE, NR SPRINGFIELD, OR",44.07066667,-122.8846667
2024-07-21,8.3,14164550,"CAMP CRK AT CAMP CRK RD BRIDGE, NR SPRINGFIELD, OR",44.07066667,-122.8846667
2024-07-22,7.7,14164550,"CAMP CRK AT CAMP CRK RD BRIDGE, NR SPRINGFIELD, OR",44.07066667,-122.8846667
2024-07-23,7.2,14164550,"CAMP CRK AT CAMP CRK RD BRIDGE, NR SPRINGFIELD, OR",44.07066667,-122.8846667
2024-07-24,7.0,14164550,"CAMP CRK AT CAMP CRK RD BRIDGE, NR SPRINGFIELD, OR",44.07066667,-122.8846667
2024-07-25,6.9,14164550,"CAMP CRK AT CAMP CRK RD BRIDGE, NR SPRINGFIELD, OR",44.07066667,-122.8846667
2024-07-26,7.3,14164550,"CAMP CRK AT CAMP CRK RD BRIDGE, NR SPRINGFIELD, OR",44.07066667,-122.8846667
2024-07-27,7.2,14164550,"CAMP CRK AT CAMP CRK RD BRIDGE, NR SPRINGFIELD, OR",44.07066667,-122.8846667
2024-07-28,9.8,14164550,"CAMP CRK AT CAMP CRK RD BRIDGE, NR SPRINGFIELD, OR",44.07066667,-122.8846667
2024-07-29,8.6,14164550,"CAMP CRK AT CAMP CRK RD BRIDGE, NR SPRINGFIELD, OR",44.07066667,-122.8846667
2024-07-30,6.9,14164550,"CAMP CRK AT CAMP CRK RD BRIDGE, NR SPRINGFIELD, OR",44.07066667,-122.8846667
2024-07-31,6.9,14164550,"CAMP CRK AT CAMP CRK RD BRIDGE, NR SPRINGFIELD, OR",44.07066667,-122.8846667
2024-08-01,6.8,14164550,"CAMP CRK AT CAMP CRK RD BRIDGE, NR SPRINGFIELD, OR",44.07066667,-122.8846667
2024-08-02,7.2,14164550,"CAMP CRK AT CAMP CRK RD BRIDGE, NR SPRINGFIELD, OR",44.07066667,-122.8846667
2024-08-03,7.6,14164550,"CAMP CRK AT CAMP CRK RD BRIDGE, NR SPRINGFIELD, OR",44.07066667,-122.8846667
2024-08-04,7.2,14164550,"CAMP CRK AT CAMP CRK RD BRIDGE, NR SPRINGFIELD, OR",44.07066667,-122.8846667
2024-08-05,7.5,14164550,"CAMP CRK AT CAMP CRK RD BRIDGE, NR SPRINGFIELD, OR",44.07066667,-122.8846667
2024-08-06,7.7,14164550,"CAMP CRK AT CAMP CRK RD BRIDGE, NR SPRINGFIELD, OR",44.07066667,-122.8846667
2024-08-07,7.9,14164550,"CAMP CRK AT CAMP CRK RD BRIDGE, NR SPRINGFIELD, OR",44.07066667,-122.8846667
2024-08-08,7.4,14164550,"CAMP CRK AT CAMP CRK RD BRIDGE, NR SPRINGFIELD, OR",44.07066667,-122.8846667
2024-08-09,7.1,14164550,"CAMP CRK AT CAMP CRK RD BRIDGE, NR SPRINGFIELD, OR",44.07066667,-122.8846667
2024-08-11,7.9,14164550,"CAMP CRK AT CAMP CRK RD BRIDGE, NR SPRINGFIELD, OR",44.07066667,-122.8846667
2024-08-12,7.8,14164550,"CAMP CRK AT CAMP CRK RD BRIDGE, NR SPRINGFIELD, OR",44.07066667,-122.8846667
2024-08-13,7.8,14164550,"CAMP CRK AT CAMP CRK RD BRIDGE, NR SPRINGFIELD, OR",44.07066667,-122.8846667
2024-08-14,8.4,14164550,"CAMP CRK AT CAMP CRK RD BRIDGE, NR SPRINGFIELD, OR",44.07066667,-122.8846667
2024-08-15,8.3,14164550,"CAMP CRK AT CAMP CRK RD BRIDGE, NR SPRINGFIELD, OR",44.07066667,-122.8846667
2024-08-16,8.4,14164550,"CAMP CRK AT CAMP CRK RD BRIDGE, NR SPRINGFIELD, OR",44.07066667,-122.8846667
2024-08-17,8.0,14164550,"CAMP CRK AT CAMP CRK RD BRIDGE, NR SPRINGFIELD, OR",44.07066667,-122.8846667
2024-08-18,8.7,14164550,"CAMP CRK AT CAMP CRK RD BRIDGE, NR SPRINGFIELD, OR",44.07066667,-122.8846667
2024-08-19,7.9,14164550,"CAMP CRK AT CAMP CRK RD BRIDGE, NR SPRINGFIELD, OR",44.07066667,-122.8846667
2024-08-20,7.2,14164550,"CAMP CRK AT CAMP CRK RD BRIDGE, NR SPRINGFIELD, OR",44.07066667,-122.8846667
2024-08-21,8.5,14164550,"CAMP CRK AT CAMP CRK RD BRIDGE, NR SPRINGFIELD, OR",44.07066667,-122.8846667
2024-08-22,8.2,14164550,"CAMP CRK AT CAMP CRK RD BRIDGE, NR SPRINGFIELD, OR",44.07066667,-122.8846667
2024-08-23,8.7,14164550,"CAMP CRK AT CAMP CRK RD BRIDGE, NR SPRINGFIELD, OR",44.07066667,-122.8846667
2024-08-24,8.8,14164550,"CAMP CRK AT CAMP CRK RD BRIDGE, NR SPRINGFIELD, OR",44.07066667,-122.8846667
2024-08-26,8.2,14164550,"CAMP CRK AT CAMP CRK RD BRIDGE, NR SPRINGFIELD, OR",44.07066667,-122.8846667
2024-08-27,8.5,14164550,"CAMP CRK AT CAMP CRK RD BRIDGE, NR SPRINGFIELD, OR",44.07066667,-122.8846667
2024-08-28,9.3,14164550,"CAMP CRK AT CAMP CRK RD BRIDGE, NR SPRINGFIELD, OR",44.07066667,-122.8846667
2024-08-29,8.9,14164550,"CAMP CRK AT CAMP CRK RD BRIDGE, NR SPRINGFIELD, OR",44.07066667,-122.8846667
2024-08-30,9.4,14164550,"CAMP CRK AT CAMP CRK RD BRIDGE, NR SPRINGFIELD, OR",44.07066667,-122.8846667
2024-08-31,9.0,14164550,"CAMP CRK AT CAMP CRK RD BRIDGE, NR SPRINGFIELD, OR",44.07066667,-122.8846667
2024-09-01,8.7,14164550,"CAMP CRK AT CAMP CRK RD BRIDGE, NR SPRINGFIELD, OR",44.07066667,-122.8846667
2024-09-02,8.6,14164550,"CAMP CRK AT CAMP CRK RD BRIDGE, NR SPRINGFIELD, OR",44.07066667,-122.8846667
2024-09-03,8.7,14164550,"CAMP CRK AT CAMP CRK RD BRIDGE, NR SPRINGFIELD, OR",44.07066667,-122.8846667
2024-09-04,8.5,14164550,"CAMP CRK AT CAMP CRK RD BRIDGE, NR SPRINGFIELD, OR",44.07066667,-122.8846667
2024-09-06,8.4,14164550,"CAMP CRK AT CAMP CRK RD BRIDGE, NR SPRINGFIELD, OR",44.07066667,-122.8846667
2024-09-07,8.2,14164550,"CAMP CRK AT CAMP CRK RD BRIDGE, NR SPRINGFIELD, OR",44.07066667,-122.8846667
2024-09-08,8.8,14164550,"CAMP CRK AT CAMP CRK RD BRIDGE, NR SPRINGFIELD, OR",44.07066667,-122.8846667
2024-09-09,9.2,14164550,"CAMP CRK AT CAMP CRK RD BRIDGE, NR SPRINGFIELD, OR",44.07066667,-122.8846667
2024-09-10,8.9,14164550,"CAMP CRK AT CAMP CRK RD BRIDGE, NR SPRINGFIELD, OR",44.07066667,-122.8846667
2024-09-11,11.0,14164550,"CAMP CRK AT CAMP CRK RD BRIDGE, NR SPRINGFIELD, OR",44.07066667,-122.8846667
2024-09-12,11.9,14164550,"CAMP CRK AT CAMP CRK RD BRIDGE, NR SPRINGFIELD, OR",44.07066667,-122.8846667
2024-09-13,9.8,14164550,"CAMP CRK AT CAMP CRK RD BRIDGE, NR SPRINGFIELD, OR",44.07066667,-122.8846667
2024-09-14,8.8,14164550,"CAMP CRK AT CAMP CRK RD BRIDGE, NR SPRINGFIELD, OR",44.07066667,-122.8846667
2024-09-15,9.9,14164550,"CAMP CRK AT CAMP CRK RD BRIDGE, NR SPRINGFIELD, OR",44.07066667,-122.8846667
2024-09-16,10.5,14164550,"CAMP CRK AT CAMP CRK RD BRIDGE, NR SPRINGFIELD, OR",44.07066667,-122.8846667
2024-09-17,10.9,14164550,"CAMP CRK AT CAMP CRK RD BRIDGE, NR SPRINGFIELD, OR",44.07066667,-122.8846667
2024-09-18,10.8,14164550,"CAMP CRK AT CAMP CRK RD BRIDGE, NR SPRINGFIELD, OR",44.07066667,-122.8846667
2024-09-19,10.2,14164550,"CAMP CRK AT CAMP CRK RD BRIDGE, NR SPRINGFIELD, OR",44.07066667,-122.8846667
2024-09-20,10.3,14164550,"CAMP CRK AT CAMP CRK RD BRIDGE, NR SPRINGFIELD, OR",44.07066667,-122.8846667
2024-09-21,10.1,14164550,"CAMP CRK AT CAMP CRK RD BRIDGE, NR SPRINGFIELD, OR",44.07066667,-122.8846667
2024-09-23,10.4,14164550,"CAMP CRK AT CAMP CRK RD BRIDGE, NR SPRINGFIELD, OR",44.07066667,-122.8846667
2024-09-25,10.6,14164550,"CAMP CRK AT CAMP CRK RD BRIDGE, NR SPRINGFIELD, OR",44.07066667,-122.8846667
2024-09-26,10.4,14164550,"CAMP CRK AT CAMP CRK RD BRIDGE, NR SPRINGFIELD, OR",44.07066667,-122.8846667
2024-09-27,10.5,14164550,"CAMP CRK AT CAMP CRK RD BRIDGE, NR SPRINGFIELD, OR",44.07066667,-122.8846667
2024-09-28,9.9,14164550,"CAMP CRK AT CAMP CRK RD BRIDGE, NR SPRINGFIELD, OR",44.07066667,-122.8846667
2024-09-29,9.9,14164550,"CAMP CRK AT CAMP CRK RD BRIDGE, NR SPRINGFIELD, OR",44.07066667,-122.8846667
2024-01-01,1.4,14181500,"NORTH SANTIAM RIVER AT NIAGARA, OR",44.75377778,-122.2974444
2024-01-02,1.4,14181500,"NORTH SANTIAM RIVER AT NIAGARA, OR",44.75377778,-122.2974444
2024-01-03,1.3,14181500,"NORTH SANTIAM RIVER AT NIAGARA, OR",44.75377778,-122.2974444
2024-01-04,1.3,14181500,"NORTH SANTIAM RIVER AT NIAGARA, OR",44.75377778,-122.2974444
2024-01-05,1.3,14181500,"NORTH SANTIAM RIVER AT NIAGARA, OR",44.75377778,-122.2974444
2024-01-06,1.2,14181500,"NORTH SANTIAM RIVER AT NIAGARA, OR",44.75377778,-122.2974444
2024-01-07,1.2,14181500,"NORTH SANTIAM RIVER AT NIAGARA, OR",44.75377778,-122.2974444
2024-01-08,1.1,14181500,"NORTH SANTIAM RIVER AT NIAGARA, OR",44.75377778,-122.2974444
2024-01-09,1.1,14181500,"NORTH SANTIAM RIVER AT NIAGARA, OR",44.75377778,-122.2974444
2024-01-10,1.0,14181500,"NORTH SANTIAM RIVER AT NIAGARA, OR",44.75377778,-122.2974444
2024-01-11,1.0,14181500,"NORTH SANTIAM RIVER AT NIAGARA, OR",44.75377778,-122.2974444
2024-01-12,1.3,14181500,"NORTH SANTIAM RIVER AT NIAGARA, OR",44.75377778,-122.2974444
2024-01-13,1.8,14181500,"NORTH SANTIAM RIVER AT NIAGARA, OR",44.75377778,-122.2974444
2024-01-14,1.6,14181500,"NORTH SANTIAM RIVER AT NIAGARA, OR",44.75377778,-122.2974444
2024-01-15,1.6,14181500,"NORTH SANTIAM RIVER AT NIAGARA, OR",44.75377778,-122.2974444
2024-01-16,1.5,14181500,"NORTH SANTIAM RIVER AT NIAGARA, OR",44.75377778,-122.2974444
2024-01-17,1.4,14181500,"NORTH SANTIAM RIVER AT NIAGARA, OR",44.75377778,-122.2974444
2024-01-18,2.5,14181500,"NORTH SANTIAM RIVER AT NIAGARA, OR",44.75377778,-122.2974444
2024-01-19,2.4,14181500,"NORTH SANTIAM RIVER AT NIAGARA, OR",44.75377778,-122.2974444
2024-01-20,1.2,14181500,"NORTH SANTIAM RIVER AT NIAGARA, OR",44.75377778,-122.2974444
2024-01-21,1.7,14181500,"NORTH SANTIAM RIVER AT NIAGARA, OR",44.75377778,-122.2974444
2024-01-22,1.7,14181500,"NORTH SANTIAM RIVER AT NIAGARA, OR",44.75377778,-122.2974444
2024-01-23,1.6,14181500,"NORTH SANTIAM RIVER AT NIAGARA, OR",44.75377778,-122.2974444
2024-01-24,1.9,14181500,"NORTH SANTIAM RIVER AT NIAGARA, OR",44.75377778,-122.2974444
2024-01-25,1.9,14181500,"NORTH SANTIAM RIVER AT NIAGARA, OR",44.75377778,-122.2974444
2024-01-26,2.5,14181500,"NORTH SANTIAM RIVER AT NIAGARA, OR",44.75377778,-122.2974444
2024-01-27,3.2,14181500,"NORTH SANTIAM RIVER AT NIAGARA, OR",44.75377778,-122.2974444
2024-01-28,3.0,14181500,"NORTH SANTIAM RIVER AT NIAGARA, OR",44.75377778,-122.2974444
2024-01-29,2.2,14181500,"NORTH SANTIAM RIVER AT NIAGARA, OR",44.75377778,-122.2974444
2024-01-30,2.1,14181500,"NORTH SANTIAM RIVER AT NIAGARA, OR",44.75377778,-122.2974444
2024-01-31,2.1,14181500,"NORTH SANTIAM RIVER AT NIAGARA, OR",44.75377778,-122.2974444
2024-02-01,2.0,14181500,"NORTH SANTIAM RIVER AT NIAGARA, OR",44.75377778,-122.2974444
2024-02-02,2.3,14181500,"NORTH SANTIAM RIVER AT NIAGARA, OR",44.75377778,-122.2974444
2024-02-03,2.5,14181500,"NORTH SANTIAM RIVER AT NIAGARA, OR",44.75377778,-122.2974444
2024-02-04,3.2,14181500,"NORTH SANTIAM RIVER AT NIAGARA, OR",44.75377778,-122.2974444
2024-02-05,3.6,14181500,"NORTH SANTIAM RIVER AT NIAGARA, OR",44.75377778,-122.2974444
2024-02-06,3.2,14181500,"NORTH SANTIAM RIVER AT NIAGARA, OR",44.75377778,-122.2974444
2024-02-07,4.0,14181500,"NORTH SANTIAM RIVER AT NIAGARA, OR",44.75377778,-122.2974444
2024-02-08,3.8,14181500,"NORTH SANTIAM RIVER AT NIAGARA, OR",44.75377778,-122.2974444
2024-02-09,3.6,14181500,"NORTH SANTIAM RIVER AT NIAGARA, OR",44.75377778,-122.2974444
2024-02-10,3.4,14181500,"NORTH SANTIAM RIVER AT NIAGARA, OR",44.75377778,-122.2974444
2024-02-11,3.2,14181500,"NORTH SANTIAM RIVER AT NIAGARA, OR",44.75377778,-122.2974444
2024-02-12,3.1,14181500,"NORTH SANTIAM RIVER AT NIAGARA, OR",44.75377778,-122.2974444
2024-02-13,2.9,14181500,"NORTH SANTIAM RIVER AT NIAGARA, OR",44.75377778,-122.2974444
2024-02-14,2.9,14181500,"NORTH SANTIAM RIVER AT NIAGARA, OR",44.75377778,-122.2974444
2024-02-15,2.8,14181500,"NORTH SANTIAM RIVER AT NIAGARA, OR",44.75377778,-122.2974444
2024-02-16,2.8,14181500,"NORTH SANTIAM RIVER AT NIAGARA, OR",44.75377778,-122.2974444
2024-02-17,2.7,14181500,"NORTH SANTIAM RIVER AT NIAGARA, OR",44.75377778,-122.2974444
2024-02-18,2.8,14181500,"NORTH SANTIAM RIVER AT NIAGARA, OR",44.75377778,-122.2974444
2024-02-19,2.8,14181500,"NORTH SANTIAM RIVER AT NIAGARA, OR",44.75377778,-122.2974444
2024-02-20,2.6,14181500,"NORTH SANTIAM RIVER AT NIAGARA, OR",44.75377778,-122.2974444
2024-02-21,2.6,14181500,"NORTH SANTIAM RIVER AT NIAGARA, OR",44.75377778,-122.2974444
2024-02-22,2.4,14181500,"NORTH SANTIAM RIVER AT NIAGARA, OR",44.75377778,-122.2974444
2024-02-23,2.3,14181500,"NORTH SANTIAM RIVER AT NIAGARA, OR",44.75377778,-122.2974444
2024-02-24,2.1,14181500,"NORTH SANTIAM RIVER AT NIAGARA, OR",44.75377778,-122.2974444
2024-02-25,2.1,14181500,"NORTH SANTIAM RIVER AT NIAGARA, OR",44.75377778,-122.2974444
2024-02-26,3.0,14181500,"NORTH SANTIAM RIVER AT NIAGARA, OR",44.75377778,-122.2974444
2024-02-27,3.0,14181500,"NORTH SANTIAM RIVER AT NIAGARA, OR",44.75377778,-122.2974444
2024-02-28,2.9,14181500,"NORTH SANTIAM RIVER AT NIAGARA, OR",44.75377778,-122.2974444
2024-02-29,3.2,14181500,"NORTH SANTIAM RIVER AT NIAGARA, OR",44.75377778,-122.2974444
2024-03-01,3.3,14181500,"NORTH SANTIAM RIVER AT NIAGARA, OR",44.75377778,-122.2974444
2024-03-02,3.2,14181500,"NORTH SANTIAM RIVER AT NIAGARA, OR",44.75377778,-122.2974444
2024-03-03,2.7,14181500,"NORTH SANTIAM RIVER AT NIAGARA, OR",44.75377778,-122.2974444
2024-03-04,2.8,14181500,"NORTH SANTIAM RIVER AT NIAGARA, OR",44.75377778,-122.2974444
2024-03-05,2.9,14181500,"NORTH SANTIAM RIVER AT NIAGARA, OR",44.75377778,-122.2974444
2024-03-06,2.9,14181500,"NORTH SANTIAM RIVER AT NIAGARA, OR",44.75377778,-122.2974444
2024-03-07,2.8,14181500,"NORTH SANTIAM RIVER AT NIAGARA, OR",44.75377778,-122.2974444
2024-03-08,2.1,14181500,"NORTH SANTIAM RIVER AT NIAGARA, OR",44.75377778,-122.2974444
2024-03-09,2.0,14181500,"NORTH SANTIAM RIVER AT NIAGARA, OR",44.75377778,-122.2974444
2024-03-10,2.0,14181500,"NORTH SANTIAM RIVER AT NIAGARA, OR",44.75377778,-122.2974444
2024-03-11,1.9,14181500,"NORTH SANTIAM RIVER AT NIAGARA, OR",44.75377778,-122.2974444
2024-03-12,1.6,14181500,"NORTH SANTIAM RIVER AT NIAGARA, OR",44.75377778,-122.2974444
2024-03-13,1.5,14181500,"NORTH SANTIAM RIVER AT NIAGARA, OR",44.75377778,-122.2974444
2024-03-14,1.5,14181500,"NORTH SANTIAM RIVER AT NIAGARA, OR",44.75377778,-122.2974444
2024-03-15,1.4,14181500,"NORTH SANTIAM RIVER AT NIAGARA, OR",44.75377778,-122.2974444
2024-03-16,1.3,14181500,"NORTH SANTIAM RIVER AT NIAGARA, OR",44.75377778,-122.2974444
2024-03-17,1.3,14181500,"NORTH SANTIAM RIVER AT NIAGARA, OR",44.75377778,-122.2974444
2024-03-18,1.3,14181500,"NORTH SANTIAM RIVER AT NIAGARA, OR",44.75377778,-122.2974444
2024-03-19,1.3,14181500,"NORTH SANTIAM RIVER AT NIAGARA, OR",44.75377778,-122.2974444
2024-03-20,1.2,14181500,"NORTH SANTIAM RIVER AT NIAGARA, OR",44.75377778,-122.2974444
2024-03-21,1.2,14181500,"NORTH SANTIAM RIVER AT NIAGARA, OR",44.75377778,-122.2974444
2024-03-22,1.2,14181500,"NORTH SANTIAM RIVER AT NIAGARA, OR",44.75377778,-122.2974444
2024-03-23,1.3,14181500,"NORTH SANTIAM RIVER AT NIAGARA, OR",44.75377778,-122.2974444
2024-03-24,1.2,14181500,"NORTH SANTIAM RIVER AT NIAGARA, OR",44.75377778,-122.2974444
2024-03-25,1.1,14181500,"NORTH SANTIAM RIVER AT NIAGARA, OR",44.75377778,-122.2974444
2024-03-26,1.1,14181500,"NORTH SANTIAM RIVER AT NIAGARA, OR",44.75377778,-122.2974444
2024-03-27,1.1,14181500,"NORTH SANTIAM RIVER AT NIAGARA, OR",44.75377778,-122.2974444
2024-03-28,1.1,14181500,"NORTH SANTIAM RIVER AT NIAGARA, OR",44.75377778,-122.2974444
2024-03-29,1.2,14181500,"NORTH SANTIAM RIVER AT NIAGARA, OR",44.75377778,-122.2974444
2024-03-30,1.0,14181500,"NORTH SANTIAM RIVER AT NIAGARA, OR",44.75377778,-122.2974444
2024-03-31,1.1,14181500,"NORTH SANTIAM RIVER AT NIAGARA, OR",44.75377778,-122.2974444
2024-04-01,1.1,14181500,"NORTH SANTIAM RIVER AT NIAGARA, OR",44.75377778,-122.2974444
2024-04-02,1.0,14181500,"NORTH SANTIAM RIVER AT NIAGARA, OR",44.75377778,-122.2974444
2024-04-03,1.1,14181500,"NORTH SANTIAM RIVER AT NIAGARA, OR",44.75377778,-122.2974444
2024-04-04,1.1,14181500,"NORTH SANTIAM RIVER AT NIAGARA, OR",44.75377778,-122.2974444
2024-04-05,1.0,14181500,"NORTH SANTIAM RIVER AT NIAGARA, OR",44.75377778,-122.2974444
2024-04-06,1.1,14181500,"NORTH SANTIAM RIVER AT NIAGARA, OR",44.75377778,-122.2974444
2024-04-07,1.0,14181500,"NORTH SANTIAM RIVER AT NIAGARA, OR",44.75377778,-122.2974444
2024-04-08,1.0,14181500,"NORTH SANTIAM RIVER AT NIAGARA, OR",44.75377778,-122.2974444
2024-04-09,1.0,14181500,"NORTH SANTIAM RIVER AT NIAGARA, OR",44.75377778,-122.2974444
2024-04-10,1.3,14181500,"NORTH SANTIAM RIVER AT NIAGARA, OR",44.75377778,-122.2974444
2024-04-11,1.0,14181500,"NORTH SANTIAM RIVER AT NIAGARA, OR",44.75377778,-122.2974444
2024-04-12,0.8,14181500,"NORTH SANTIAM RIVER AT NIAGARA, OR",44.75377778,-122.2974444
2024-04-13,0.7,14181500,"NORTH SANTIAM RIVER AT NIAGARA, OR",44.75377778,-122.2974444
2024-04-14,0.7,14181500,"NORTH SANTIAM RIVER AT NIAGARA, OR",44.75377778,-122.2974444
2024-04-15,0.8,14181500,"NORTH SANTIAM RIVER AT NIAGARA, OR",44.75377778,-122.2974444
2024-04-16,1.2,14181500,"NORTH SANTIAM RIVER AT NIAGARA, OR",44.75377778,-122.2974444
2024-04-17,0.7,14181500,"NORTH SANTIAM RIVER AT NIAGARA, OR",44.75377778,-122.2974444
2024-04-18,0.6,14181500,"NORTH SANTIAM RIVER AT NIAGARA, OR",44.75377778,-122.2974444
2024-04-19,2.1,14181500,"NORTH SANTIAM RIVER AT NIAGARA, OR",44.75377778,-122.2974444
2024-04-20,2.3,14181500,"NORTH SANTIAM RIVER AT NIAGARA, OR",44.75377778,-122.2974444
2024-04-21,2.5,14181500,"NORTH SANTIAM RIVER AT NIAGARA, OR",44.75377778,-122.2974444
2024-04-22,2.4,14181500,"NORTH SANTIAM RIVER AT NIAGARA, OR",44.75377778,-122.2974444
2024-04-23,2.5,14181500,"NORTH SANTIAM RIVER AT NIAGARA, OR",44.75377778,-122.2974444
2024-04-24,3.0,14181500,"NORTH SANTIAM RIVER AT NIAGARA, OR",44.75377778,-122.2974444
2024-04-25,2.4,14181500,"NORTH SANTIAM RIVER AT NIAGARA, OR",44.75377778,-122.2974444
2024-04-26,2.3,14181500,"NORTH SANTIAM RIVER AT NIAGARA, OR",44.75377778,-122.2974444
2024-04-27,2.2,14181500,"NORTH SANTIAM RIVER AT NIAGARA, OR",44.75377778,-122.2974444
2024-04-28,2.2,14181500,"NORTH SANTIAM RIVER AT NIAGARA, OR",44.75377778,-122.2974444
2024-04-29,2.5,14181500,"NORTH SANTIAM RIVER AT NIAGARA, OR",44.75377778,-122.2974444
2024-04-30,2.5,14181500,"NORTH SANTIAM RIVER AT NIAGARA, OR",44.75377778,-122.2974444
2024-05-01,2.2,14181500,"NORTH SANTIAM RIVER AT NIAGARA, OR",44.75377778,-122.2974444
2024-05-02,2.2,14181500,"NORTH SANTIAM RIVER AT NIAGARA, OR",44.75377778,-122.2974444
2024-05-03,2.2,14181500,"NORTH SANTIAM RIVER AT NIAGARA, OR",44.75377778,-122.2974444
2024-05-04,2.4,14181500,"NORTH SANTIAM RIVER AT NIAGARA, OR",44.75377778,-122.2974444
2024-05-05,2.3,14181500,"NORTH SANTIAM RIVER AT NIAGARA, OR",44.75377778,-122.2974444
2024-05-06,2.2,14181500,"NORTH SANTIAM RIVER AT NIAGARA, OR",44.75377778,-122.2974444
2024-05-07,2.4,14181500,"NORTH SANTIAM RIVER AT NIAGARA, OR",44.75377778,-122.2974444
2024-05-10,1.5,14181500,"NORTH SANTIAM RIVER AT NIAGARA, OR",44.75377778,-122.2974444
2024-05-11,1.7,14181500,"NORTH SANTIAM RIVER AT NIAGARA, OR",44.75377778,-122.2974444
2024-05-12,1.6,14181500,"NORTH SANTIAM RIVER AT NIAGARA, OR",44.75377778,-122.2974444
2024-05-13,1.6,14181500,"NORTH SANTIAM RIVER AT NIAGARA, OR",44.75377778,-122.2974444
2024-05-14,1.6,14181500,"NORTH SANTIAM RIVER AT NIAGARA, OR",44.75377778,-122.2974444
2024-05-15,1.8,14181500,"NORTH SANTIAM RIVER AT NIAGARA, OR",44.75377778,-122.2974444
2024-05-16,1.7,14181500,"NORTH SANTIAM RIVER AT NIAGARA, OR",44.75377778,-122.2974444
2024-05-17,1.6,14181500,"NORTH SANTIAM RIVER AT NIAGARA, OR",44.75377778,-122.2974444
2024-05-18,1.7,14181500,"NORTH SANTIAM RIVER AT NIAGARA, OR",44.75377778,-122.2974444
2024-05-19,1.6,14181500,"NORTH SANTIAM RIVER AT NIAGARA, OR",44.75377778,-122.2974444
2024-05-20,1.6,14181500,"NORTH SANTIAM RIVER AT NIAGARA, OR",44.75377778,-122.2974444
2024-05-21,1.7,14181500,"NORTH SANTIAM RIVER AT NIAGARA, OR",44.75377778,-122.2974444
2024-05-22,1.6,14181500,"NORTH SANTIAM RIVER AT NIAGARA, OR",44.75377778,-122.2974444
2024-05-23,1.6,14181500,"NORTH SANTIAM RIVER AT NIAGARA, OR",44.75377778,-122.2974444
2024-05-24,1.7,14181500,"NORTH SANTIAM RIVER AT NIAGARA, OR",44.75377778,-122.2974444
2024-05-25,1.7,14181500,"NORTH SANTIAM RIVER AT NIAGARA, OR",44.75377778,-122.2974444
2024-05-26,1.8,14181500,"NORTH SANTIAM RIVER AT NIAGARA, OR",44.75377778,-122.2974444
2024-05-27,1.7,14181500,"NORTH SANTIAM RIVER AT NIAGARA, OR",44.75377778,-122.2974444
2024-05-28,2.5,14181500,"NORTH SANTIAM RIVER AT NIAGARA, OR",44.75377778,-122.2974444
2024-05-29,1.8,14181500,"NORTH SANTIAM RIVER AT NIAGARA, OR",44.75377778,-122.2974444
2024-05-30,1.8,14181500,"NORTH SANTIAM RIVER AT NIAGARA, OR",44.75377778,-122.2974444
2024-05-31,1.8,14181500,"NORTH SANTIAM RIVER AT NIAGARA, OR",44.75377778,-122.2974444
2024-06-01,1.9,14181500,"NORTH SANTIAM RIVER AT NIAGARA, OR",44.75377778,-122.2974444
2024-06-02,2.1,14181500,"NORTH SANTIAM RIVER AT NIAGARA, OR",44.75377778,-122.2974444
2024-06-03,2.2,14181500,"NORTH SANTIAM RIVER AT NIAGARA, OR",44.75377778,-122.2974444
2024-06-04,1.9,14181500,"NORTH SANTIAM RIVER AT NIAGARA, OR",44.75377778,-122.2974444
2024-06-05,1.8,14181500,"NORTH SANTIAM RIVER AT NIAGARA, OR",44.75377778,-122.2974444
2024-06-06,1.9,14181500,"NORTH SANTIAM RIVER AT NIAGARA, OR",44.75377778,-122.2974444
2024-06-07,1.7,14181500,"NORTH SANTIAM RIVER AT NIAGARA, OR",44.75377778,-122.2974444
2024-06-08,1.7,14181500,"NORTH SANTIAM RIVER AT NIAGARA, OR",44.75377778,-122.2974444
2024-06-09,1.9,14181500,"NORTH SANTIAM RIVER AT NIAGARA, OR",44.75377778,-122.2974444
2024-06-10,2.3,14181500,"NORTH SANTIAM RIVER AT NIAGARA, OR",44.75377778,-122.2974444
2024-06-11,1.5,14181500,"NORTH SANTIAM RIVER AT NIAGARA, OR",44.75377778,-122.2974444
2024-06-12,1.0,14181500,"NORTH SANTIAM RIVER AT NIAGARA, OR",44.75377778,-122.2974444
2024-06-13,1.0,14181500,"NORTH SANTIAM RIVER AT NIAGARA, OR",44.75377778,-122.2974444
2024-06-14,1.0,14181500,"NORTH SANTIAM RIVER AT NIAGARA, OR",44.75377778,-122.2974444
2024-06-15,1.0,14181500,"NORTH SANTIAM RIVER AT NIAGARA, OR",44.75377778,-122.2974444
2024-06-16,1.2,14181500,"NORTH SANTIAM RIVER AT NIAGARA, OR",44.75377778,-122.2974444
2024-06-17,1.2,14181500,"NORTH SANTIAM RIVER AT NIAGARA, OR",44.75377778,-122.2974444
2024-06-18,1.2,14181500,"NORTH SANTIAM RIVER AT NIAGARA, OR",44.75377778,-122.2974444
2024-06-19,1.6,14181500,"NORTH SANTIAM RIVER AT NIAGARA, OR",44.75377778,-122.2974444
2024-06-20,1.4,14181500,"NORTH SANTIAM RIVER AT NIAGARA, OR",44.75377778,-122.2974444
2024-06-21,1.4,14181500,"NORTH SANTIAM RIVER AT NIAGARA, OR",44.75377778,-122.2974444
2024-06-22,1.4,14181500,"NORTH SANTIAM RIVER AT NIAGARA, OR",44.75377778,-122.2974444
2024-06-23,1.5,14181500,"NORTH SANTIAM RIVER AT NIAGARA, OR",44.75377778,-122.2974444
2024-06-24,1.5,14181500,"NORTH SANTIAM RIVER AT NIAGARA, OR",44.75377778,-122.2974444
2024-06-25,1.4,14181500,"NORTH SANTIAM RIVER AT NIAGARA, OR",44.75377778,-122.2974444
2024-06-26,1.4,14181500,"NORTH SANTIAM RIVER AT NIAGARA, OR",44.75377778,-122.2974444
2024-06-27,1.5,14181500,"NORTH SANTIAM RIVER AT NIAGARA, OR",44.75377778,-122.2974444
2024-06-28,1.6,14181500,"NORTH SANTIAM RIVER AT NIAGARA, OR",44.75377778,-122.2974444
2024-06-29,1.8,14181500,"NORTH SANTIAM RIVER AT NIAGARA, OR",44.75377778,-122.2974444
2024-06-30,1.7,14181500,"NORTH SANTIAM RIVER AT NIAGARA, OR",44.75377778,-122.2974444
2024-07-01,1.5,14181500,"NORTH SANTIAM RIVER AT NIAGARA, OR",44.75377778,-122.2974444
2024-07-02,1.4,14181500,"NORTH SANTIAM RIVER AT NIAGARA, OR",44.75377778,-122.2974444
2024-07-03,1.6,14181500,"NORTH SANTIAM RIVER AT NIAGARA, OR",44.75377778,-122.2974444
2024-07-04,1.6,14181500,"NORTH SANTIAM RIVER AT NIAGARA, OR",44.75377778,-122.2974444
2024-07-05,1.6,14181500,"NORTH SANTIAM RIVER AT NIAGARA, OR",44.75377778,-122.2974444
2024-07-06,1.4,14181500,"NORTH SANTIAM RIVER AT NIAGARA, OR",44.75377778,-122.2974444
2024-07-07,1.4,14181500,"NORTH SANTIAM RIVER AT NIAGARA, OR",44.75377778,-122.2974444
2024-07-08,1.3,14181500,"NORTH SANTIAM RIVER AT NIAGARA, OR",44.75377778,-122.2974444
2024-07-09,1.2,14181500,"NORTH SANTIAM RIVER AT NIAGARA, OR",44.75377778,-122.2974444
2024-07-10,1.6,14181500,"NORTH SANTIAM RIVER AT NIAGARA, OR",44.75377778,-122.2974444
2024-07-11,1.7,14181500,"NORTH SANTIAM RIVER AT NIAGARA, OR",44.75377778,-122.2974444
2024-07-12,2.5,14181500,"NORTH SANTIAM RIVER AT NIAGARA, OR",44.75377778,-122.2974444
2024-07-13,3.4,14181500,"NORTH SANTIAM RIVER AT NIAGARA, OR",44.75377778,-122.2974444
2024-07-14,2.8,14181500,"NORTH SANTIAM RIVER AT NIAGARA, OR",44.75377778,-122.2974444
2024-07-15,3.3,14181500,"NORTH SANTIAM RIVER AT NIAGARA, OR",44.75377778,-122.2974444
2024-07-16,3.1,14181500,"NORTH SANTIAM RIVER AT NIAGARA, OR",44.75377778,-122.2974444
2024-07-17,2.8,14181500,"NORTH SANTIAM RIVER AT NIAGARA, OR",44.75377778,-122.2974444
2024-07-18,3.0,14181500,"NORTH SANTIAM RIVER AT NIAGARA, OR",44.75377778,-122.2974444
2024-07-19,2.5,14181500,"NORTH SANTIAM RIVER AT NIAGARA, OR",44.75377778,-122.2974444
2024-07-20,2.4,14181500,"NORTH SANTIAM RIVER AT NIAGARA, OR",44.75377778,-122.2974444
2024-07-21,2.5,14181500,"NORTH SANTIAM RIVER AT NIAGARA, OR",44.75377778,-122.2974444
2024-07-22,2.8,14181500,"NORTH SANTIAM RIVER AT NIAGARA, OR",44.75377778,-122.2974444
2024-07-23,2.4,14181500,"NORTH SANTIAM RIVER AT NIAGARA, OR",44.75377778,-122.2974444
2024-07-24,2.5,14181500,"NORTH SANTIAM RIVER AT NIAGARA, OR",44.75377778,-122.2974444
2024-07-25,2.5,14181500,"NORTH SANTIAM RIVER AT NIAGARA, OR",44.75377778,-122.2974444
2024-07-26,2.4,14181500,"NORTH SANTIAM RIVER AT NIAGARA, OR",44.75377778,-122.2974444
2024-07-27,2.8,14181500,"NORTH SANTIAM RIVER AT NIAGARA, OR",44.75377778,-122.2974444
2024-08-01,1.5,14181500,"NORTH SANTIAM RIVER AT NIAGARA, OR",44.75377778,-122.2974444
2024-08-02,1.7,14181500,"NORTH SANTIAM RIVER AT NIAGARA, OR",44.75377778,-122.2974444
2024-08-03,1.7,14181500,"NORTH SANTIAM RIVER AT NIAGARA, OR",44.75377778,-122.2974444
2024-08-04,1.6,14181500,"NORTH SANTIAM RIVER AT NIAGARA, OR",44.75377778,-122.2974444
2024-08-05,1.7,14181500,"NORTH SANTIAM RIVER AT NIAGARA, OR",44.75377778,-122.2974444
2024-08-06,1.7,14181500,"NORTH SANTIAM RIVER AT NIAGARA, OR",44.75377778,-122.2974444
2024-08-07,1.6,14181500,"NORTH SANTIAM RIVER AT NIAGARA, OR",44.75377778,-122.2974444
2024-08-08,1.6,14181500,"NORTH SANTIAM RIVER AT NIAGARA, OR",44.75377778,-122.2974444
2024-08-09,1.6,14181500,"NORTH SANTIAM RIVER AT NIAGARA, OR",44.75377778,-122.2974444
2024-08-10,1.6,14181500,"NORTH SANTIAM RIVER AT NIAGARA, OR",44.75377778,-122.2974444
2024-08-11,1.6,14181500,"NORTH SANTIAM RIVER AT NIAGARA, OR",44.75377778,-122.2974444
2024-08-12,2.7,14181500,"NORTH SANTIAM RIVER AT NIAGARA, OR",44.75377778,-122.2974444
2024-08-13,2.2,14181500,"NORTH SANTIAM RIVER AT NIAGARA, OR",44.75377778,-122.2974444
2024-08-14,1.9,14181500,"NORTH SANTIAM RIVER AT NIAGARA, OR",44.75377778,-122.2974444
2024-08-15,1.6,14181500,"NORTH SANTIAM RIVER AT NIAGARA, OR",44.75377778,-122.2974444
2024-08-16,1.5,14181500,"NORTH SANTIAM RIVER AT NIAGARA, OR",44.75377778,-122.2974444
2024-08-17,1.6,14181500,"NORTH SANTIAM RIVER AT NIAGARA, OR",44.75377778,-122.2974444
2024-08-18,1.6,14181500,"NORTH SANTIAM RIVER AT NIAGARA, OR",44.75377778,-122.2974444
2024-08-19,1.5,14181500,"NORTH SANTIAM RIVER AT NIAGARA, OR",44.75377778,-122.2974444
2024-08-20,1.5,14181500,"NORTH SANTIAM RIVER AT NIAGARA, OR",44.75377778,-122.2974444
2024-08-21,2.6,14181500,"NORTH SANTIAM RIVER AT NIAGARA, OR",44.75377778,-122.2974444
2024-08-22,2.5,14181500,"NORTH SANTIAM RIVER AT NIAGARA, OR",44.75377778,-122.2974444
2024-08-23,2.4,14181500,"NORTH SANTIAM RIVER AT NIAGARA, OR",44.75377778,-122.2974444
2024-08-24,2.5,14181500,"NORTH SANTIAM RIVER AT NIAGARA, OR",44.75377778,-122.2974444
2024-08-25,2.5,14181500,"NORTH SANTIAM RIVER AT NIAGARA, OR",44.75377778,-122.2974444
2024-08-26,2.2,14181500,"NORTH SANTIAM RIVER AT NIAGARA, OR",44.75377778,-122.2974444
2024-08-27,3.0,14181500,"NORTH SANTIAM RIVER AT NIAGARA, OR",44.75377778,-122.2974444
2024-08-28,2.5,14181500,"NORTH SANTIAM RIVER AT NIAGARA, OR",44.75377778,-122.2974444
2024-08-29,2.5,14181500,"NORTH SANTIAM RIVER AT NIAGARA, OR",44.75377778,-122.2974444
2024-08-30,2.5,14181500,"NORTH SANTIAM RIVER AT NIAGARA, OR",44.75377778,-122.2974444
2024-08-31,2.6,14181500,"NORTH SANTIAM RIVER AT NIAGARA, OR",44.75377778,-122.2974444
2024-09-01,2.4,14181500,"NORTH SANTIAM RIVER AT NIAGARA, OR",44.75377778,-122.2974444
2024-09-02,2.2,14181500,"NORTH SANTIAM RIVER AT NIAGARA, OR",44.75377778,-122.2974444
2024-09-03,2.0,14181500,"NORTH SANTIAM RIVER AT NIAGARA, OR",44.75377778,-122.2974444
2024-09-04,2.1,14181500,"NORTH SANTIAM RIVER AT NIAGARA, OR",44.75377778,-122.2974444
2024-09-05,2.4,14181500,"NORTH SANTIAM RIVER AT NIAGARA, OR",44.75377778,-122.2974444
2024-09-06,2.4,14181500,"NORTH SANTIAM RIVER AT NIAGARA, OR",44.75377778,-122.2974444
2024-09-07,2.3,14181500,"NORTH SANTIAM RIVER AT NIAGARA, OR",44.75377778,-122.2974444
2024-09-08,2.2,14181500,"NORTH SANTIAM RIVER AT NIAGARA, OR",44.75377778,-122.2974444
2024-09-09,2.2,14181500,"NORTH SANTIAM RIVER AT NIAGARA, OR",44.75377778,-122.2974444
2024-09-10,1.7,14181500,"NORTH SANTIAM RIVER AT NIAGARA, OR",44.75377778,-122.2974444
2024-09-13,0.6,14181500,"NORTH SANTIAM RIVER AT NIAGARA, OR",44.75377778,-122.2974444
2024-09-14,0.7,14181500,"NORTH SANTIAM RIVER AT NIAGARA, OR",44.75377778,-122.2974444
2024-09-15,0.7,14181500,"NORTH SANTIAM RIVER AT NIAGARA, OR",44.75377778,-122.2974444
2024-09-16,0.7,14181500,"NORTH SANTIAM RIVER AT NIAGARA, OR",44.75377778,-122.2974444
2024-09-17,0.7,14181500,"NORTH SANTIAM RIVER AT NIAGARA, OR",44.75377778,-122.2974444
2024-09-18,0.6,14181500,"NORTH SANTIAM RIVER AT NIAGARA, OR",44.75377778,-122.2974444
2024-09-19,0.6,14181500,"NORTH SANTIAM RIVER AT NIAGARA, OR",44.75377778,-122.2974444
2024-09-20,0.6,14181500,"NORTH SANTIAM RIVER AT NIAGARA, OR",44.75377778,-122.2974444
2024-09-21,0.6,14181500,"NORTH SANTIAM RIVER AT NIAGARA, OR",44.75377778,-122.2974444
2024-09-22,0.6,14181500,"NORTH SANTIAM RIVER AT NIAGARA, OR",44.75377778,-122.2974444
2024-09-23,0.6,14181500,"NORTH SANTIAM RIVER AT NIAGARA, OR",44.75377778,-122.2974444
2024-09-24,0.6,14181500,"NORTH SANTIAM RIVER AT NIAGARA, OR",44.75377778,-122.2974444
2024-09-25,0.6,14181500,"NORTH SANTIAM RIVER AT NIAGARA, OR",44.75377778,-122.2974444
2024-09-26,0.6,14181500,"NORTH SANTIAM RIVER AT NIAGARA, OR",44.75377778,-122.2974444
2024-09-27,0.6,14181500,"NORTH SANTIAM RIVER AT NIAGARA, OR",44.75377778,-122.2974444
2024-09-28,0.6,14181500,"NORTH SANTIAM RIVER AT NIAGARA, OR",44.75377778,-122.2974444
2024-09-29,0.6,14181500,"NORTH SANTIAM RIVER AT NIAGARA, OR",44.75377778,-122.2974444
2024-09-30,0.6,14181500,"NORTH SANTIAM RIVER AT NIAGARA, OR",44.75377778,-122.2974444
2024-01-03,4.7,14181900,"LITTLE N SANTIAM RIVER ABV EVANS CR, AT ELKHORN,OR",44.83580278,-122.35495
2024-01-04,5.8,14181900,"LITTLE N SANTIAM RIVER ABV EVANS CR, AT ELKHORN,OR",44.83580278,-122.35495
2024-01-05,4.0,14181900,"LITTLE N SANTIAM RIVER ABV EVANS CR, AT ELKHORN,OR",44.83580278,-122.35495
2024-01-08,8.9,14181900,"LITTLE N SANTIAM RIVER ABV EVANS CR, AT ELKHORN,OR",44.83580278,-122.35495
2024-01-09,20.3,14181900,"LITTLE N SANTIAM RIVER ABV EVANS CR, AT ELKHORN,OR",44.83580278,-122.35495
2024-01-10,6.5,14181900,"LITTLE N SANTIAM RIVER ABV EVANS CR, AT ELKHORN,OR",44.83580278,-122.35495
2024-01-11,4.6,14181900,"LITTLE N SANTIAM RIVER ABV EVANS CR, AT ELKHORN,OR",44.83580278,-122.35495
2024-01-13,5.6,14181900,"LITTLE N SANTIAM RIVER ABV EVANS CR, AT ELKHORN,OR",44.83580278,-122.35495
2024-01-14,5.3,14181900,"LITTLE N SANTIAM RIVER ABV EVANS CR, AT ELKHORN,OR",44.83580278,-122.35495
2024-01-15,3.4,14181900,"LITTLE N SANTIAM RIVER ABV EVANS CR, AT ELKHORN,OR",44.83580278,-122.35495
2024-01-16,5.1,14181900,"LITTLE N SANTIAM RIVER ABV EVANS CR, AT ELKHORN,OR",44.83580278,-122.35495
2024-01-17,19.5,14181900,"LITTLE N SANTIAM RIVER ABV EVANS CR, AT ELKHORN,OR",44.83580278,-122.35495
2024-01-18,6.8,14181900,"LITTLE N SANTIAM RIVER ABV EVANS CR, AT ELKHORN,OR",44.83580278,-122.35495
2024-01-19,8.3,14181900,"LITTLE N SANTIAM RIVER ABV EVANS CR, AT ELKHORN,OR",44.83580278,-122.35495
2024-01-20,6.9,14181900,"LITTLE N SANTIAM RIVER ABV EVANS CR, AT ELKHORN,OR",44.83580278,-122.35495
2024-01-21,9.1,14181900,"LITTLE N SANTIAM RIVER ABV EVANS CR, AT ELKHORN,OR",44.83580278,-122.35495
2024-01-22,9.5,14181900,"LITTLE N SANTIAM RIVER ABV EVANS CR, AT ELKHORN,OR",44.83580278,-122.35495
2024-01-23,7.3,14181900,"LITTLE N SANTIAM RIVER ABV EVANS CR, AT ELKHORN,OR",44.83580278,-122.35495
2024-01-24,10.8,14181900,"LITTLE N SANTIAM RIVER ABV EVANS CR, AT ELKHORN,OR",44.83580278,-122.35495
2024-01-25,5.9,14181900,"LITTLE N SANTIAM RIVER ABV EVANS CR, AT ELKHORN,OR",44.83580278,-122.35495
2024-01-26,14.0,14181900,"LITTLE N SANTIAM RIVER ABV EVANS CR, AT ELKHORN,OR",44.83580278,-122.35495
2024-01-27,26.2,14181900,"LITTLE N SANTIAM RIVER ABV EVANS CR, AT ELKHORN,OR",44.83580278,-122.35495
2024-01-28,8.4,14181900,"LITTLE N SANTIAM RIVER ABV EVANS CR, AT ELKHORN,OR",44.83580278,-122.35495
2024-01-29,6.6,14181900,"LITTLE N SANTIAM RIVER ABV EVANS CR, AT ELKHORN,OR",44.83580278,-122.35495
2024-01-30,5.7,14181900,"LITTLE N SANTIAM RIVER ABV EVANS CR, AT ELKHORN,OR",44.83580278,-122.35495
2024-01-31,6.6,14181900,"LITTLE N SANTIAM RIVER ABV EVANS CR, AT ELKHORN,OR",44.83580278,-122.35495
2024-02-01,6.5,14181900,"LITTLE N SANTIAM RIVER ABV EVANS CR, AT ELKHORN,OR",44.83580278,-122.35495
2024-02-02,4.2,14181900,"LITTLE N SANTIAM RIVER ABV EVANS CR, AT ELKHORN,OR",44.83580278,-122.35495
2024-02-03,3.9,14181900,"LITTLE N SANTIAM RIVER ABV EVANS CR, AT ELKHORN,OR",44.83580278,-122.35495
2024-02-04,4.8,14181900,"LITTLE N SANTIAM RIVER ABV EVANS CR, AT ELKHORN,OR",44.83580278,-122.35495
2024-02-05,4.2,14181900,"LITTLE N SANTIAM RIVER ABV EVANS CR, AT ELKHORN,OR",44.83580278,-122.35495
2024-02-06,3.6,14181900,"LITTLE N SANTIAM RIVER ABV EVANS CR, AT ELKHORN,OR",44.83580278,-122.35495
2024-02-07,4.9,14181900,"LITTLE N SANTIAM RIVER ABV EVANS CR, AT ELKHORN,OR",44.83580278,-122.35495
2024-02-08,4.1,14181900,"LITTLE N SANTIAM RIVER ABV EVANS CR, AT ELKHORN,OR",44.83580278,-122.35495
2024-02-09,3.7,14181900,"LITTLE N SANTIAM RIVER ABV EVANS CR, AT ELKHORN,OR",44.83580278,-122.35495
2024-02-10,4.6,14181900,"LITTLE N SANTIAM RIVER ABV EVANS CR, AT ELKHORN,OR",44.83580278,-122.35495
2024-02-11,4.9,14181900,"LITTLE N SANTIAM RIVER ABV EVANS CR, AT ELKHORN,OR",44.83580278,-122.35495
2024-02-12,5.5,14181900,"LITTLE N SANTIAM RIVER ABV EVANS CR, AT ELKHORN,OR",44.83580278,-122.35495
2024-02-13,4.2,14181900,"LITTLE N SANTIAM RIVER ABV EVANS CR, AT ELKHORN,OR",44.83580278,-122.35495
2024-02-14,3.2,14181900,"LITTLE N SANTIAM RIVER ABV EVANS CR, AT ELKHORN,OR",44.83580278,-122.35495
2024-02-15,5.2,14181900,"LITTLE N SANTIAM RIVER ABV EVANS CR, AT ELKHORN,OR",44.83580278,-122.35495
2024-02-16,5.9,14181900,"LITTLE N SANTIAM RIVER ABV EVANS CR, AT ELKHORN,OR",44.83580278,-122.35495
2024-02-17,5.6,14181900,"LITTLE N SANTIAM RIVER ABV EVANS CR, AT ELKHORN,OR",44.83580278,-122.35495
2024-02-18,5.3,14181900,"LITTLE N SANTIAM RIVER ABV EVANS CR, AT ELKHORN,OR",44.83580278,-122.35495
2024-02-19,7.6,14181900,"LITTLE N SANTIAM RIVER ABV EVANS CR, AT ELKHORN,OR",44.83580278,-122.35495
2024-02-20,4.6,14181900,"LITTLE N SANTIAM RIVER ABV EVANS CR, AT ELKHORN,OR",44.83580278,-122.35495
2024-02-21,9.4,14181900,"LITTLE N SANTIAM RIVER ABV EVANS CR, AT ELKHORN,OR",44.83580278,-122.35495
2024-02-22,5.0,14181900,"LITTLE N SANTIAM RIVER ABV EVANS CR, AT ELKHORN,OR",44.83580278,-122.35495
2024-02-23,4.1,14181900,"LITTLE N SANTIAM RIVER ABV EVANS CR, AT ELKHORN,OR",44.83580278,-122.35495
2024-02-24,3.5,14181900,"LITTLE N SANTIAM RIVER ABV EVANS CR, AT ELKHORN,OR",44.83580278,-122.35495
2024-02-25,3.8,14181900,"LITTLE N SANTIAM RIVER ABV EVANS CR, AT ELKHORN,OR",44.83580278,-122.35495
2024-02-26,13.6,14181900,"LITTLE N SANTIAM RIVER ABV EVANS CR, AT ELKHORN,OR",44.83580278,-122.35495
2024-02-27,6.0,14181900,"LITTLE N SANTIAM RIVER ABV EVANS CR, AT ELKHORN,OR",44.83580278,-122.35495
2024-02-28,10.5,14181900,"LITTLE N SANTIAM RIVER ABV EVANS CR, AT ELKHORN,OR",44.83580278,-122.35495
2024-02-29,24.4,14181900,"LITTLE N SANTIAM RIVER ABV EVANS CR, AT ELKHORN,OR",44.83580278,-122.35495
2024-03-01,6.8,14181900,"LITTLE N SANTIAM RIVER ABV EVANS CR, AT ELKHORN,OR",44.83580278,-122.35495
2024-03-02,5.6,14181900,"LITTLE N SANTIAM RIVER ABV EVANS CR, AT ELKHORN,OR",44.83580278,-122.35495
2024-03-04,6.8,14181900,"LITTLE N SANTIAM RIVER ABV EVANS CR, AT ELKHORN,OR",44.83580278,-122.35495
2024-03-05,4.6,14181900,"LITTLE N SANTIAM RIVER ABV EVANS CR, AT ELKHORN,OR",44.83580278,-122.35495
2024-03-06,2.9,14181900,"LITTLE N SANTIAM RIVER ABV EVANS CR, AT ELKHORN,OR",44.83580278,-122.35495
2024-03-07,4.7,14181900,"LITTLE N SANTIAM RIVER ABV EVANS CR, AT ELKHORN,OR",44.83580278,-122.35495
2024-03-08,5.8,14181900,"LITTLE N SANTIAM RIVER ABV EVANS CR, AT ELKHORN,OR",44.83580278,-122.35495
2024-03-09,4.4,14181900,"LITTLE N SANTIAM RIVER ABV EVANS CR, AT ELKHORN,OR",44.83580278,-122.35495
2024-03-10,3.3,14181900,"LITTLE N SANTIAM RIVER ABV EVANS CR, AT ELKHORN,OR",44.83580278,-122.35495
2024-03-11,11.1,14181900,"LITTLE N SANTIAM RIVER ABV EVANS CR, AT ELKHORN,OR",44.83580278,-122.35495
2024-03-12,31.7,14181900,"LITTLE N SANTIAM RIVER ABV EVANS CR, AT ELKHORN,OR",44.83580278,-122.35495
2024-03-13,4.1,14181900,"LITTLE N SANTIAM RIVER ABV EVANS CR, AT ELKHORN,OR",44.83580278,-122.35495
2024-03-14,4.5,14181900,"LITTLE N SANTIAM RIVER ABV EVANS CR, AT ELKHORN,OR",44.83580278,-122.35495
2024-03-15,29.1,14181900,"LITTLE N SANTIAM RIVER ABV EVANS CR, AT ELKHORN,OR",44.83580278,-122.35495
2024-03-16,12.2,14181900,"LITTLE N SANTIAM RIVER ABV EVANS CR, AT ELKHORN,OR",44.83580278,-122.35495
2024-03-17,7.4,14181900,"LITTLE N SANTIAM RIVER ABV EVANS CR, AT ELKHORN,OR",44.83580278,-122.35495
2024-03-18,4.1,14181900,"LITTLE N SANTIAM RIVER ABV EVANS CR, AT ELKHORN,OR",44.83580278,-122.35495
2024-03-19,5.7,14181900,"LITTLE N SANTIAM RIVER ABV EVANS CR, AT ELKHORN,OR",44.83580278,-122.35495
2024-03-20,15.6,14181900,"LITTLE N SANTIAM RIVER ABV EVANS CR, AT ELKHORN,OR",44.83580278,-122.35495
2024-03-21,6.7,14181900,"LITTLE N SANTIAM RIVER ABV EVANS CR, AT ELKHORN,OR",44.83580278,-122.35495
2024-03-22,5.1,14181900,"LITTLE N SANTIAM RIVER ABV EVANS CR, AT ELKHORN,OR",44.83580278,-122.35495
2024-03-23,3.0,14181900,"LITTLE N SANTIAM RIVER ABV EVANS CR, AT ELKHORN,OR",44.83580278,-122.35495
2024-03-24,3.8,14181900,"LITTLE N SANTIAM RIVER ABV EVANS CR, AT ELKHORN,OR",44.83580278,-122.35495
2024-03-25,6.8,14181900,"LITTLE N SANTIAM RIVER ABV EVANS CR, AT ELKHORN,OR",44.83580278,-122.35495
2024-03-26,5.8,14181900,"LITTLE N SANTIAM RIVER ABV EVANS CR, AT ELKHORN,OR",44.83580278,-122.35495
2024-03-27,14.9,14181900,"LITTLE N SANTIAM RIVER ABV EVANS CR, AT ELKHORN,OR",44.83580278,-122.35495
2024-03-28,4.3,14181900,"LITTLE N SANTIAM RIVER ABV EVANS CR, AT ELKHORN,OR",44.83580278,-122.35495
2024-03-29,4.9,14181900,"LITTLE N SANTIAM RIVER ABV EVANS CR, AT ELKHORN,OR",44.83580278,-122.35495
2024-03-30,5.5,14181900,"LITTLE N SANTIAM RIVER ABV EVANS CR, AT ELKHORN,OR",44.83580278,-122.35495
2024-03-31,5.0,14181900,"LITTLE N SANTIAM RIVER ABV EVANS CR, AT ELKHORN,OR",44.83580278,-122.35495
2024-04-01,5.2,14181900,"LITTLE N SANTIAM RIVER ABV EVANS CR, AT ELKHORN,OR",44.83580278,-122.35495
2024-04-02,4.2,14181900,"LITTLE N SANTIAM RIVER ABV EVANS CR, AT ELKHORN,OR",44.83580278,-122.35495
2024-04-03,4.3,14181900,"LITTLE N SANTIAM RIVER ABV EVANS CR, AT ELKHORN,OR",44.83580278,-122.35495
2024-04-04,4.0,14181900,"LITTLE N SANTIAM RIVER ABV EVANS CR, AT ELKHORN,OR",44.83580278,-122.35495
2024-04-05,3.3,14181900,"LITTLE N SANTIAM RIVER ABV EVANS CR, AT ELKHORN,OR",44.83580278,-122.35495
2024-04-06,3.4,14181900,"LITTLE N SANTIAM RIVER ABV EVANS CR, AT ELKHORN,OR",44.83580278,-122.35495
2024-04-07,4.2,14181900,"LITTLE N SANTIAM RIVER ABV EVANS CR, AT ELKHORN,OR",44.83580278,-122.35495
2024-04-09,3.0,14181900,"LITTLE N SANTIAM RIVER ABV EVANS CR, AT ELKHORN,OR",44.83580278,-122.35495
2024-04-10,3.6,14181900,"LITTLE N SANTIAM RIVER ABV EVANS CR, AT ELKHORN,OR",44.83580278,-122.35495
2024-04-11,3.1,14181900,"LITTLE N SANTIAM RIVER ABV EVANS CR, AT ELKHORN,OR",44.83580278,-122.35495
2024-04-12,3.1,14181900,"LITTLE N SANTIAM RIVER ABV EVANS CR, AT ELKHORN,OR",44.83580278,-122.35495
2024-04-13,2.1,14181900,"LITTLE N SANTIAM RIVER ABV EVANS CR, AT ELKHORN,OR",44.83580278,-122.35495
2024-04-14,4.1,14181900,"LITTLE N SANTIAM RIVER ABV EVANS CR, AT ELKHORN,OR",44.83580278,-122.35495
2024-04-15,3.6,14181900,"LITTLE N SANTIAM RIVER ABV EVANS CR, AT ELKHORN,OR",44.83580278,-122.35495
2024-04-16,3.6,14181900,"LITTLE N SANTIAM RIVER ABV EVANS CR, AT ELKHORN,OR",44.83580278,-122.35495
2024-04-17,3.8,14181900,"LITTLE N SANTIAM RIVER ABV EVANS CR, AT ELKHORN,OR",44.83580278,-122.35495
2024-04-18,2.4,14181900,"LITTLE N SANTIAM RIVER ABV EVANS CR, AT ELKHORN,OR",44.83580278,-122.35495
2024-04-19,3.3,14181900,"LITTLE N SANTIAM RIVER ABV EVANS CR, AT ELKHORN,OR",44.83580278,-122.35495
2024-04-20,5.2,14181900,"LITTLE N SANTIAM RIVER ABV EVANS CR, AT ELKHORN,OR",44.83580278,-122.35495
2024-04-21,6.3,14181900,"LITTLE N SANTIAM RIVER ABV EVANS CR, AT ELKHORN,OR",44.83580278,-122.35495
2024-04-22,5.0,14181900,"LITTLE N SANTIAM RIVER ABV EVANS CR, AT ELKHORN,OR",44.83580278,-122.35495
2024-04-23,4.6,14181900,"LITTLE N SANTIAM RIVER ABV EVANS CR, AT ELKHORN,OR",44.83580278,-122.35495
2024-04-24,5.3,14181900,"LITTLE N SANTIAM RIVER ABV EVANS CR, AT ELKHORN,OR",44.83580278,-122.35495
2024-04-26,5.6,14181900,"LITTLE N SANTIAM RIVER ABV EVANS CR, AT ELKHORN,OR",44.83580278,-122.35495
2024-04-27,4.3,14181900,"LITTLE N SANTIAM RIVER ABV EVANS CR, AT ELKHORN,OR",44.83580278,-122.35495
2024-04-28,4.4,14181900,"LITTLE N SANTIAM RIVER ABV EVANS CR, AT ELKHORN,OR",44.83580278,-122.35495
2024-04-29,3.6,14181900,"LITTLE N SANTIAM RIVER ABV EVANS CR, AT ELKHORN,OR",44.83580278,-122.35495
2024-04-30,4.2,14181900,"LITTLE N SANTIAM RIVER ABV EVANS CR, AT ELKHORN,OR",44.83580278,-122.35495
2024-05-01,5.0,14181900,"LITTLE N SANTIAM RIVER ABV EVANS CR, AT ELKHORN,OR",44.83580278,-122.35495
2024-05-02,4.2,14181900,"LITTLE N SANTIAM RIVER ABV EVANS CR, AT ELKHORN,OR",44.83580278,-122.35495
2024-05-03,4.8,14181900,"LITTLE N SANTIAM RIVER ABV EVANS CR, AT ELKHORN,OR",44.83580278,-122.35495
2024-05-04,5.3,14181900,"LITTLE N SANTIAM RIVER ABV EVANS CR, AT ELKHORN,OR",44.83580278,-122.35495
2024-05-05,4.6,14181900,"LITTLE N SANTIAM RIVER ABV EVANS CR, AT ELKHORN,OR",44.83580278,-122.35495
2024-05-06,4.8,14181900,"LITTLE N SANTIAM RIVER ABV EVANS CR, AT ELKHORN,OR",44.83580278,-122.35495
2024-05-07,4.6,14181900,"LITTLE N SANTIAM RIVER ABV EVANS CR, AT ELKHORN,OR",44.83580278,-122.35495
2024-05-08,3.3,14181900,"LITTLE N SANTIAM RIVER ABV EVANS CR, AT ELKHORN,OR",44.83580278,-122.35495
2024-05-09,5.5,14181900,"LITTLE N SANTIAM RIVER ABV EVANS CR, AT ELKHORN,OR",44.83580278,-122.35495
2024-05-10,4.3,14181900,"LITTLE N SANTIAM RIVER ABV EVANS CR, AT ELKHORN,OR",44.83580278,-122.35495
2024-05-11,4.6,14181900,"LITTLE N SANTIAM RIVER ABV EVANS CR, AT ELKHORN,OR",44.83580278,-122.35495
2024-05-12,4.7,14181900,"LITTLE N SANTIAM RIVER ABV EVANS CR, AT ELKHORN,OR",44.83580278,-122.35495
2024-05-13,5.5,14181900,"LITTLE N SANTIAM RIVER ABV EVANS CR, AT ELKHORN,OR",44.83580278,-122.35495
2024-07-04,3.5,14181900,"LITTLE N SANTIAM RIVER ABV EVANS CR, AT ELKHORN,OR",44.83580278,-122.35495
2024-07-05,3.0,14181900,"LITTLE N SANTIAM RIVER ABV EVANS CR, AT ELKHORN,OR",44.83580278,-122.35495
2024-07-06,3.3,14181900,"LITTLE N SANTIAM RIVER ABV EVANS CR, AT ELKHORN,OR",44.83580278,-122.35495
2024-07-07,3.4,14181900,"LITTLE N SANTIAM RIVER ABV EVANS CR, AT ELKHORN,OR",44.83580278,-122.35495
2024-07-08,3.0,14181900,"LITTLE N SANTIAM RIVER ABV EVANS CR, AT ELKHORN,OR",44.83580278,-122.35495
2024-07-09,3.1,14181900,"LITTLE N SANTIAM RIVER ABV EVANS CR, AT ELKHORN,OR",44.83580278,-122.35495
2024-07-10,3.4,14181900,"LITTLE N SANTIAM RIVER ABV EVANS CR, AT ELKHORN,OR",44.83580278,-122.35495
2024-07-11,3.2,14181900,"LITTLE N SANTIAM RIVER ABV EVANS CR, AT ELKHORN,OR",44.83580278,-122.35495
2024-07-12,3.1,14181900,"LITTLE N SANTIAM RIVER ABV EVANS CR, AT ELKHORN,OR",44.83580278,-122.35495
2024-07-13,2.8,14181900,"LITTLE N SANTIAM RIVER ABV EVANS CR, AT ELKHORN,OR",44.83580278,-122.35495
2024-07-14,3.1,14181900,"LITTLE N SANTIAM RIVER ABV EVANS CR, AT ELKHORN,OR",44.83580278,-122.35495
2024-07-15,3.5,14181900,"LITTLE N SANTIAM RIVER ABV EVANS CR, AT ELKHORN,OR",44.83580278,-122.35495
2024-07-17,3.7,14181900,"LITTLE N SANTIAM RIVER ABV EVANS CR, AT ELKHORN,OR",44.83580278,-122.35495
2024-07-18,3.3,14181900,"LITTLE N SANTIAM RIVER ABV EVANS CR, AT ELKHORN,OR",44.83580278,-122.35495
2024-07-19,3.8,14181900,"LITTLE N SANTIAM RIVER ABV EVANS CR, AT ELKHORN,OR",44.83580278,-122.35495
2024-07-20,3.4,14181900,"LITTLE N SANTIAM RIVER ABV EVANS CR, AT ELKHORN,OR",44.83580278,-122.35495
2024-07-21,3.8,14181900,"LITTLE N SANTIAM RIVER ABV EVANS CR, AT ELKHORN,OR",44.83580278,-122.35495
2024-07-22,3.4,14181900,"LITTLE N SANTIAM RIVER ABV EVANS CR, AT ELKHORN,OR",44.83580278,-122.35495
2024-07-23,3.2,14181900,"LITTLE N SANTIAM RIVER ABV EVANS CR, AT ELKHORN,OR",44.83580278,-122.35495
2024-07-24,3.4,14181900,"LITTLE N SANTIAM RIVER ABV EVANS CR, AT ELKHORN,OR",44.83580278,-122.35495
2024-07-25,3.6,14181900,"LITTLE N SANTIAM RIVER ABV EVANS CR, AT ELKHORN,OR",44.83580278,-122.35495
2024-07-26,3.8,14181900,"LITTLE N SANTIAM RIVER ABV EVANS CR, AT ELKHORN,OR",44.83580278,-122.35495
2024-07-27,3.2,14181900,"LITTLE N SANTIAM RIVER ABV EVANS CR, AT ELKHORN,OR",44.83580278,-122.35495
2024-07-28,3.0,14181900,"LITTLE N SANTIAM RIVER ABV EVANS CR, AT ELKHORN,OR",44.83580278,-122.35495
2024-07-29,3.2,14181900,"LITTLE N SANTIAM RIVER ABV EVANS CR, AT ELKHORN,OR",44.83580278,-122.35495
2024-07-30,3.7,14181900,"LITTLE N SANTIAM RIVER ABV EVANS CR, AT ELKHORN,OR",44.83580278,-122.35495
2024-07-31,3.8,14181900,"LITTLE N SANTIAM RIVER ABV EVANS CR, AT ELKHORN,OR",44.83580278,-122.35495
2024-08-01,3.3,14181900,"LITTLE N SANTIAM RIVER ABV EVANS CR, AT ELKHORN,OR",44.83580278,-122.35495
2024-08-02,3.3,14181900,"LITTLE N SANTIAM RIVER ABV EVANS CR, AT ELKHORN,OR",44.83580278,-122.35495
2024-08-03,3.5,14181900,"LITTLE N SANTIAM RIVER ABV EVANS CR, AT ELKHORN,OR",44.83580278,-122.35495
2024-08-04,3.0,14181900,"LITTLE N SANTIAM RIVER ABV EVANS CR, AT ELKHORN,OR",44.83580278,-122.35495
2024-08-05,3.1,14181900,"LITTLE N SANTIAM RIVER ABV EVANS CR, AT ELKHORN,OR",44.83580278,-122.35495
2024-08-06,3.2,14181900,"LITTLE N SANTIAM RIVER ABV EVANS CR, AT ELKHORN,OR",44.83580278,-122.35495
2024-08-07,3.3,14181900,"LITTLE N SANTIAM RIVER ABV EVANS CR, AT ELKHORN,OR",44.83580278,-122.35495
2024-08-08,2.9,14181900,"LITTLE N SANTIAM RIVER ABV EVANS CR, AT ELKHORN,OR",44.83580278,-122.35495
2024-08-09,2.7,14181900,"LITTLE N SANTIAM RIVER ABV EVANS CR, AT ELKHORN,OR",44.83580278,-122.35495
2024-08-10,3.8,14181900,"LITTLE N SANTIAM RIVER ABV EVANS CR, AT ELKHORN,OR",44.83580278,-122.35495
2024-08-11,2.9,14181900,"LITTLE N SANTIAM RIVER ABV EVANS CR, AT ELKHORN,OR",44.83580278,-122.35495
2024-08-12,3.7,14181900,"LITTLE N SANTIAM RIVER ABV EVANS CR, AT ELKHORN,OR",44.83580278,-122.35495
2024-08-13,2.9,14181900,"LITTLE N SANTIAM RIVER ABV EVANS CR, AT ELKHORN,OR",44.83580278,-122.35495
2024-08-14,3.2,14181900,"LITTLE N SANTIAM RIVER ABV EVANS CR, AT ELKHORN,OR",44.83580278,-122.35495
2024-08-15,2.7,14181900,"LITTLE N SANTIAM RIVER ABV EVANS CR, AT ELKHORN,OR",44.83580278,-122.35495
2024-08-16,2.7,14181900,"LITTLE N SANTIAM RIVER ABV EVANS CR, AT ELKHORN,OR",44.83580278,-122.35495
2024-08-17,2.9,14181900,"LITTLE N SANTIAM RIVER ABV EVANS CR, AT ELKHORN,OR",44.83580278,-122.35495
2024-08-19,2.6,14181900,"LITTLE N SANTIAM RIVER ABV EVANS CR, AT ELKHORN,OR",44.83580278,-122.35495
2024-08-20,2.9,14181900,"LITTLE N SANTIAM RIVER ABV EVANS CR, AT ELKHORN,OR",44.83580278,-122.35495
2024-08-21,3.6,14181900,"LITTLE N SANTIAM RIVER ABV EVANS CR, AT ELKHORN,OR",44.83580278,-122.35495
2024-08-22,3.5,14181900,"LITTLE N SANTIAM RIVER ABV EVANS CR, AT ELKHORN,OR",44.83580278,-122.35495
2024-08-23,3.7,14181900,"LITTLE N SANTIAM RIVER ABV EVANS CR, AT ELKHORN,OR",44.83580278,-122.35495
2024-08-24,2.6,14181900,"LITTLE N SANTIAM RIVER ABV EVANS CR, AT ELKHORN,OR",44.83580278,-122.35495
2024-08-25,3.7,14181900,"LITTLE N SANTIAM RIVER ABV EVANS CR, AT ELKHORN,OR",44.83580278,-122.35495
2024-08-26,3.8,14181900,"LITTLE N SANTIAM RIVER ABV EVANS CR, AT ELKHORN,OR",44.83580278,-122.35495
2024-08-27,3.8,14181900,"LITTLE N SANTIAM RIVER ABV EVANS CR, AT ELKHORN,OR",44.83580278,-122.35495
2024-08-28,3.6,14181900,"LITTLE N SANTIAM RIVER ABV EVANS CR, AT ELKHORN,OR",44.83580278,-122.35495
2024-08-29,3.5,14181900,"LITTLE N SANTIAM RIVER ABV EVANS CR, AT ELKHORN,OR",44.83580278,-122.35495
2024-08-31,2.6,14181900,"LITTLE N SANTIAM RIVER ABV EVANS CR, AT ELKHORN,OR",44.83580278,-122.35495
2024-09-01,3.3,14181900,"LITTLE N SANTIAM RIVER ABV EVANS CR, AT ELKHORN,OR",44.83580278,-122.35495
2024-09-02,3.6,14181900,"LITTLE N SANTIAM RIVER ABV EVANS CR, AT ELKHORN,OR",44.83580278,-122.35495
2024-09-03,2.5,14181900,"LITTLE N SANTIAM RIVER ABV EVANS CR, AT ELKHORN,OR",44.83580278,-122.35495
2024-09-04,2.8,14181900,"LITTLE N SANTIAM RIVER ABV EVANS CR, AT ELKHORN,OR",44.83580278,-122.35495
2024-09-05,3.4,14181900,"LITTLE N SANTIAM RIVER ABV EVANS CR, AT ELKHORN,OR",44.83580278,-122.35495
2024-09-06,2.8,14181900,"LITTLE N SANTIAM RIVER ABV EVANS CR, AT ELKHORN,OR",44.83580278,-122.35495
2024-09-07,3.5,14181900,"LITTLE N SANTIAM RIVER ABV EVANS CR, AT ELKHORN,OR",44.83580278,-122.35495
2024-09-08,3.8,14181900,"LITTLE N SANTIAM RIVER ABV EVANS CR, AT ELKHORN,OR",44.83580278,-122.35495
2024-09-09,3.5,14181900,"LITTLE N SANTIAM RIVER ABV EVANS CR, AT ELKHORN,OR",44.83580278,-122.35495
2024-09-10,3.7,14181900,"LITTLE N SANTIAM RIVER ABV EVANS CR, AT ELKHORN,OR",44.83580278,-122.35495
2024-09-11,3.8,14181900,"LITTLE N SANTIAM RIVER ABV EVANS CR, AT ELKHORN,OR",44.83580278,-122.35495
2024-09-12,3.6,14181900,"LITTLE N SANTIAM RIVER ABV EVANS CR, AT ELKHORN,OR",44.83580278,-122.35495
2024-09-15,2.6,14181900,"LITTLE N SANTIAM RIVER ABV EVANS CR, AT ELKHORN,OR",44.83580278,-122.35495
2024-09-16,2.4,14181900,"LITTLE N SANTIAM RIVER ABV EVANS CR, AT ELKHORN,OR",44.83580278,-122.35495
2024-09-17,2.4,14181900,"LITTLE N SANTIAM RIVER ABV EVANS CR, AT ELKHORN,OR",44.83580278,-122.35495
2024-09-18,3.3,14181900,"LITTLE N SANTIAM RIVER ABV EVANS CR, AT ELKHORN,OR",44.83580278,-122.35495
2024-09-19,2.7,14181900,"LITTLE N SANTIAM RIVER ABV EVANS CR, AT ELKHORN,OR",44.83580278,-122.35495
2024-09-20,2.7,14181900,"LITTLE N SANTIAM RIVER ABV EVANS CR, AT ELKHORN,OR",44.83580278,-122.35495
2024-09-21,2.8,14181900,"LITTLE N SANTIAM RIVER ABV EVANS CR, AT ELKHORN,OR",44.83580278,-122.35495
2024-09-22,3.1,14181900,"LITTLE N SANTIAM RIVER ABV EVANS CR, AT ELKHORN,OR",44.83580278,-122.35495
2024-09-23,2.8,14181900,"LITTLE N SANTIAM RIVER ABV EVANS CR, AT ELKHORN,OR",44.83580278,-122.35495
2024-09-24,2.2,14181900,"LITTLE N SANTIAM RIVER ABV EVANS CR, AT ELKHORN,OR",44.83580278,-122.35495
2024-09-25,2.3,14181900,"LITTLE N SANTIAM RIVER ABV EVANS CR, AT ELKHORN,OR",44.83580278,-122.35495
2024-09-26,3.3,14181900,"LITTLE N SANTIAM RIVER ABV EVANS CR, AT ELKHORN,OR",44.83580278,-122.35495
2024-09-27,2.3,14181900,"LITTLE N SANTIAM RIVER ABV EVANS CR, AT ELKHORN,OR",44.83580278,-122.35495
2024-09-28,2.8,14181900,"LITTLE N SANTIAM RIVER ABV EVANS CR, AT ELKHORN,OR",44.83580278,-122.35495
2024-09-29,3.0,14181900,"LITTLE N SANTIAM RIVER ABV EVANS CR, AT ELKHORN,OR",44.83580278,-122.35495
2024-09-30,2.2,14181900,"LITTLE N SANTIAM RIVER ABV EVANS CR, AT ELKHORN,OR",44.83580278,-122.35495
2024-01-01,1.0,14182500,"LITTLE NORTH SANTIAM RIVER NEAR MEHAMA, OR",44.7915108,-122.5789738
2024-01-02,1.4,14182500,"LITTLE NORTH SANTIAM RIVER NEAR MEHAMA, OR",44.7915108,-122.5789738
2024-01-03,1.6,14182500,"LITTLE NORTH SANTIAM RIVER NEAR MEHAMA, OR",44.7915108,-122.5789738
2024-01-04,3.8,14182500,"LITTLE NORTH SANTIAM RIVER NEAR MEHAMA, OR",44.7915108,-122.5789738
2024-01-05,3.2,14182500,"LITTLE NORTH SANTIAM RIVER NEAR MEHAMA, OR",44.7915108,-122.5789738
2024-01-06,2.7,14182500,"LITTLE NORTH SANTIAM RIVER NEAR MEHAMA, OR",44.7915108,-122.5789738
2024-01-07,3.6,14182500,"LITTLE NORTH SANTIAM RIVER NEAR MEHAMA, OR",44.7915108,-122.5789738
2024-01-08,7.5,14182500,"LITTLE NORTH SANTIAM RIVER NEAR MEHAMA, OR",44.7915108,-122.5789738
2024-01-09,44.6,14182500,"LITTLE NORTH SANTIAM RIVER NEAR MEHAMA, OR",44.7915108,-122.5789738
2024-01-10,7.5,14182500,"LITTLE NORTH SANTIAM RIVER NEAR MEHAMA, OR",44.7915108,-122.5789738
2024-01-11,3.9,14182500,"LITTLE NORTH SANTIAM RIVER NEAR MEHAMA, OR",44.7915108,-122.5789738
2024-01-12,9.7,14182500,"LITTLE NORTH SANTIAM RIVER NEAR MEHAMA, OR",44.7915108,-122.5789738
2024-01-13,11.8,14182500,"LITTLE NORTH SANTIAM RIVER NEAR MEHAMA, OR",44.7915108,-122.5789738
2024-01-14,4.1,14182500,"LITTLE NORTH SANTIAM RIVER NEAR MEHAMA, OR",44.7915108,-122.5789738
2024-01-15,3.5,14182500,"LITTLE NORTH SANTIAM RIVER NEAR MEHAMA, OR",44.7915108,-122.5789738
2024-01-16,3.4,14182500,"LITTLE NORTH SANTIAM RIVER NEAR MEHAMA, OR",44.7915108,-122.5789738
2024-01-17,68.0,14182500,"LITTLE NORTH SANTIAM RIVER NEAR MEHAMA, OR",44.7915108,-122.5789738
2024-01-18,25.5,14182500,"LITTLE NORTH SANTIAM RIVER NEAR MEHAMA, OR",44.7915108,-122.5789738
2024-01-19,11.9,14182500,"LITTLE NORTH SANTIAM RIVER NEAR MEHAMA, OR",44.7915108,-122.5789738
2024-01-20,6.7,14182500,"LITTLE NORTH SANTIAM RIVER NEAR MEHAMA, OR",44.7915108,-122.5789738
2024-01-21,17.4,14182500,"LITTLE NORTH SANTIAM RIVER NEAR MEHAMA, OR",44.7915108,-122.5789738
2024-01-22,61.3,14182500,"LITTLE NORTH SANTIAM RIVER NEAR MEHAMA, OR",44.7915108,-122.5789738
2024-01-23,16.7,14182500,"LITTLE NORTH SANTIAM RIVER NEAR MEHAMA, OR",44.7915108,-122.5789738
2024-01-24,8.8,14182500,"LITTLE NORTH SANTIAM RIVER NEAR MEHAMA, OR",44.7915108,-122.5789738
2024-01-25,16.4,14182500,"LITTLE NORTH SANTIAM RIVER NEAR MEHAMA, OR",44.7915108,-122.5789738
2024-01-26,25.4,14182500,"LITTLE NORTH SANTIAM RIVER NEAR MEHAMA, OR",44.7915108,-122.5789738
2024-01-27,44.8,14182500,"LITTLE NORTH SANTIAM RIVER NEAR MEHAMA, OR",44.7915108,-122.5789738
2024-01-28,14.2,14182500,"LITTLE NORTH SANTIAM RIVER NEAR MEHAMA, OR",44.7915108,-122.5789738
2024-01-29,10.7,14182500,"LITTLE NORTH SANTIAM RIVER NEAR MEHAMA, OR",44.7915108,-122.5789738
2024-01-30,5.6,14182500,"LITTLE NORTH SANTIAM RIVER NEAR MEHAMA, OR",44.7915108,-122.5789738
2024-01-31,3.8,14182500,"LITTLE NORTH SANTIAM RIVER NEAR MEHAMA, OR",44.7915108,-122.5789738
2024-02-01,2.7,14182500,"LITTLE NORTH SANTIAM RIVER NEAR MEHAMA, OR",44.7915108,-122.5789738
2024-02-02,2.1,14182500,"LITTLE NORTH SANTIAM RIVER NEAR MEHAMA, OR",44.7915108,-122.5789738
2024-02-03,1.5,14182500,"LITTLE NORTH SANTIAM RIVER NEAR MEHAMA, OR",44.7915108,-122.5789738
2024-02-04,1.3,14182500,"LITTLE NORTH SANTIAM RIVER NEAR MEHAMA, OR",44.7915108,-122.5789738
2024-02-05,1.5,14182500,"LITTLE NORTH SANTIAM RIVER NEAR MEHAMA, OR",44.7915108,-122.5789738
2024-02-06,1.5,14182500,"LITTLE NORTH SANTIAM RIVER NEAR MEHAMA, OR",44.7915108,-122.5789738
2024-02-07,1.5,14182500,"LITTLE NORTH SANTIAM RIVER NEAR MEHAMA, OR",44.7915108,-122.5789738
2024-02-08,1.3,14182500,"LITTLE NORTH SANTIAM RIVER NEAR MEHAMA, OR",44.7915108,-122.5789738
2024-02-09,1.3,14182500,"LITTLE NORTH SANTIAM RIVER NEAR MEHAMA, OR",44.7915108,-122.5789738
2024-02-10,1.2,14182500,"LITTLE NORTH SANTIAM RIVER NEAR MEHAMA, OR",44.7915108,-122.5789738
2024-02-11,1.1,14182500,"LITTLE NORTH SANTIAM RIVER NEAR MEHAMA, OR",44.7915108,-122.5789738
2024-02-12,1.2,14182500,"LITTLE NORTH SANTIAM RIVER NEAR MEHAMA, OR",44.7915108,-122.5789738
2024-02-13,1.0,14182500,"LITTLE NORTH SANTIAM RIVER NEAR MEHAMA, OR",44.7915108,-122.5789738
2024-02-14,1.4,14182500,"LITTLE NORTH SANTIAM RIVER NEAR MEHAMA, OR",44.7915108,-122.5789738
2024-02-15,2.9,14182500,"LITTLE NORTH SANTIAM RIVER NEAR MEHAMA, OR",44.7915108,-122.5789738
2024-02-16,2.5,14182500,"LITTLE NORTH SANTIAM RIVER NEAR MEHAMA, OR",44.7915108,-122.5789738
2024-02-17,1.4,14182500,"LITTLE NORTH SANTIAM RIVER NEAR MEHAMA, OR",44.7915108,-122.5789738
2024-02-18,1.2,14182500,"LITTLE NORTH SANTIAM RIVER NEAR MEHAMA, OR",44.7915108,-122.5789738
2024-02-19,1.1,14182500,"LITTLE NORTH SANTIAM RIVER NEAR MEHAMA, OR",44.7915108,-122.5789738
2024-02-20,1.0,14182500,"LITTLE NORTH SANTIAM RIVER NEAR MEHAMA, OR",44.7915108,-122.5789738
2024-02-21,1.8,14182500,"LITTLE NORTH SANTIAM RIVER NEAR MEHAMA, OR",44.7915108,-122.5789738
2024-02-22,1.8,14182500,"LITTLE NORTH SANTIAM RIVER NEAR MEHAMA, OR",44.7915108,-122.5789738
2024-02-23,1.0,14182500,"LITTLE NORTH SANTIAM RIVER NEAR MEHAMA, OR",44.7915108,-122.5789738
2024-02-24,1.1,14182500,"LITTLE NORTH SANTIAM RIVER NEAR MEHAMA, OR",44.7915108,-122.5789738
2024-02-25,1.2,14182500,"LITTLE NORTH SANTIAM RIVER NEAR MEHAMA, OR",44.7915108,-122.5789738
2024-02-26,10.2,14182500,"LITTLE NORTH SANTIAM RIVER NEAR MEHAMA, OR",44.7915108,-122.5789738
2024-02-27,1.9,14182500,"LITTLE NORTH SANTIAM RIVER NEAR MEHAMA, OR",44.7915108,-122.5789738
2024-02-28,8.7,14182500,"LITTLE NORTH SANTIAM RIVER NEAR MEHAMA, OR",44.7915108,-122.5789738
2024-02-29,23.3,14182500,"LITTLE NORTH SANTIAM RIVER NEAR MEHAMA, OR",44.7915108,-122.5789738
2024-03-01,4.4,14182500,"LITTLE NORTH SANTIAM RIVER NEAR MEHAMA, OR",44.7915108,-122.5789738
2024-03-02,2.7,14182500,"LITTLE NORTH SANTIAM RIVER NEAR MEHAMA, OR",44.7915108,-122.5789738
2024-03-03,1.7,14182500,"LITTLE NORTH SANTIAM RIVER NEAR MEHAMA, OR",44.7915108,-122.5789738
2024-03-04,1.4,14182500,"LITTLE NORTH SANTIAM RIVER NEAR MEHAMA, OR",44.7915108,-122.5789738
2024-03-05,1.3,14182500,"LITTLE NORTH SANTIAM RIVER NEAR MEHAMA, OR",44.7915108,-122.5789738
2024-03-06,1.2,14182500,"LITTLE NORTH SANTIAM RIVER NEAR MEHAMA, OR",44.7915108,-122.5789738
2024-03-07,1.1,14182500,"LITTLE NORTH SANTIAM RIVER NEAR MEHAMA, OR",44.7915108,-122.5789738
2024-03-08,1.1,14182500,"LITTLE NORTH SANTIAM RIVER NEAR MEHAMA, OR",44.7915108,-122.5789738
2024-03-09,1.2,14182500,"LITTLE NORTH SANTIAM RIVER NEAR MEHAMA, OR",44.7915108,-122.5789738
2024-03-10,1.4,14182500,"LITTLE NORTH SANTIAM RIVER NEAR MEHAMA, OR",44.7915108,-122.5789738
2024-03-11,2.5,14182500,"LITTLE NORTH SANTIAM RIVER NEAR MEHAMA, OR",44.7915108,-122.5789738
2024-03-12,5.0,14182500,"LITTLE NORTH SANTIAM RIVER NEAR MEHAMA, OR",44.7915108,-122.5789738
2024-03-13,2.9,14182500,"LITTLE NORTH SANTIAM RIVER NEAR MEHAMA, OR",44.7915108,-122.5789738
2024-03-14,1.6,14182500,"LITTLE NORTH SANTIAM RIVER NEAR MEHAMA, OR",44.7915108,-122.5789738
2024-03-15,1.3,14182500,"LITTLE NORTH SANTIAM RIVER NEAR MEHAMA, OR",44.7915108,-122.5789738
2024-03-16,1.3,14182500,"LITTLE NORTH SANTIAM RIVER NEAR MEHAMA, OR",44.7915108,-122.5789738
2024-03-17,1.4,14182500,"LITTLE NORTH SANTIAM RIVER NEAR MEHAMA, OR",44.7915108,-122.5789738
2024-03-18,1.8,14182500,"LITTLE NORTH SANTIAM RIVER NEAR MEHAMA, OR",44.7915108,-122.5789738
2024-03-19,1.9,14182500,"LITTLE NORTH SANTIAM RIVER NEAR MEHAMA, OR",44.7915108,-122.5789738
2024-03-20,1.7,14182500,"LITTLE NORTH SANTIAM RIVER NEAR MEHAMA, OR",44.7915108,-122.5789738
2024-03-21,1.2,14182500,"LITTLE NORTH SANTIAM RIVER NEAR MEHAMA, OR",44.7915108,-122.5789738
2024-03-22,1.0,14182500,"LITTLE NORTH SANTIAM RIVER NEAR MEHAMA, OR",44.7915108,-122.5789738
2024-03-23,1.0,14182500,"LITTLE NORTH SANTIAM RIVER NEAR MEHAMA, OR",44.7915108,-122.5789738
2024-03-24,1.1,14182500,"LITTLE NORTH SANTIAM RIVER NEAR MEHAMA, OR",44.7915108,-122.5789738
2024-03-25,1.2,14182500,"LITTLE NORTH SANTIAM RIVER NEAR MEHAMA, OR",44.7915108,-122.5789738
2024-03-26,3.1,14182500,"LITTLE NORTH SANTIAM RIVER NEAR MEHAMA, OR",44.7915108,-122.5789738
2024-03-27,9.2,14182500,"LITTLE NORTH SANTIAM RIVER NEAR MEHAMA, OR",44.7915108,-122.5789738
2024-03-28,3.7,14182500,"LITTLE NORTH SANTIAM RIVER NEAR MEHAMA, OR",44.7915108,-122.5789738
2024-03-29,1.8,14182500,"LITTLE NORTH SANTIAM RIVER NEAR MEHAMA, OR",44.7915108,-122.5789738
2024-03-30,1.4,14182500,"LITTLE NORTH SANTIAM RIVER NEAR MEHAMA, OR",44.7915108,-122.5789738
2024-03-31,1.2,14182500,"LITTLE NORTH SANTIAM RIVER NEAR MEHAMA, OR",44.7915108,-122.5789738
2024-04-01,1.1,14182500,"LITTLE NORTH SANTIAM RIVER NEAR MEHAMA, OR",44.7915108,-122.5789738
2024-04-02,1.1,14182500,"LITTLE NORTH SANTIAM RIVER NEAR MEHAMA, OR",44.7915108,-122.5789738
2024-04-03,1.2,14182500,"LITTLE NORTH SANTIAM RIVER NEAR MEHAMA, OR",44.7915108,-122.5789738
2024-04-04,1.6,14182500,"LITTLE NORTH SANTIAM RIVER NEAR MEHAMA, OR",44.7915108,-122.5789738
2024-04-05,0.9,14182500,"LITTLE NORTH SANTIAM RIVER NEAR MEHAMA, OR",44.7915108,-122.5789738
2024-04-06,1.1,14182500,"LITTLE NORTH SANTIAM RIVER NEAR MEHAMA, OR",44.7915108,-122.5789738
2024-04-07,1.8,14182500,"LITTLE NORTH SANTIAM RIVER NEAR MEHAMA, OR",44.7915108,-122.5789738
2024-04-08,1.1,14182500,"LITTLE NORTH SANTIAM RIVER NEAR MEHAMA, OR",44.7915108,-122.5789738
2024-04-09,1.2,14182500,"LITTLE NORTH SANTIAM RIVER NEAR MEHAMA, OR",44.7915108,-122.5789738
2024-04-10,1.1,14182500,"LITTLE NORTH SANTIAM RIVER NEAR MEHAMA, OR",44.7915108,-122.5789738
2024-04-11,1.0,14182500,"LITTLE NORTH SANTIAM RIVER NEAR MEHAMA, OR",44.7915108,-122.5789738
2024-04-12,1.1,14182500,"LITTLE NORTH SANTIAM RIVER NEAR MEHAMA, OR",44.7915108,-122.5789738
2024-04-13,1.2,14182500,"LITTLE NORTH SANTIAM RIVER NEAR MEHAMA, OR",44.7915108,-122.5789738
2024-04-14,1.1,14182500,"LITTLE NORTH SANTIAM RIVER NEAR MEHAMA, OR",44.7915108,-122.5789738
2024-04-15,1.1,14182500,"LITTLE NORTH SANTIAM RIVER NEAR MEHAMA, OR",44.7915108,-122.5789738
2024-04-16,1.3,14182500,"LITTLE NORTH SANTIAM RIVER NEAR MEHAMA, OR",44.7915108,-122.5789738
2024-04-17,1.3,14182500,"LITTLE NORTH SANTIAM RIVER NEAR MEHAMA, OR",44.7915108,-122.5789738
2024-04-18,1.3,14182500,"LITTLE NORTH SANTIAM RIVER NEAR MEHAMA, OR",44.7915108,-122.5789738
2024-04-19,1.5,14182500,"LITTLE NORTH SANTIAM RIVER NEAR MEHAMA, OR",44.7915108,-122.5789738
2024-04-20,1.5,14182500,"LITTLE NORTH SANTIAM RIVER NEAR MEHAMA, OR",44.7915108,-122.5789738
2024-04-21,1.5,14182500,"LITTLE NORTH SANTIAM RIVER NEAR MEHAMA, OR",44.7915108,-122.5789738
2024-04-22,1.8,14182500,"LITTLE NORTH SANTIAM RIVER NEAR MEHAMA, OR",44.7915108,-122.5789738
2024-04-23,1.7,14182500,"LITTLE NORTH SANTIAM RIVER NEAR MEHAMA, OR",44.7915108,-122.5789738
2024-04-24,2.0,14182500,"LITTLE NORTH SANTIAM RIVER NEAR MEHAMA, OR",44.7915108,-122.5789738
2024-04-25,2.3,14182500,"LITTLE NORTH SANTIAM RIVER NEAR MEHAMA, OR",44.7915108,-122.5789738
2024-04-26,5.8,14182500,"LITTLE NORTH SANTIAM RIVER NEAR MEHAMA, OR",44.7915108,-122.5789738
2024-04-27,2.5,14182500,"LITTLE NORTH SANTIAM RIVER NEAR MEHAMA, OR",44.7915108,-122.5789738
2024-04-28,1.8,14182500,"LITTLE NORTH SANTIAM RIVER NEAR MEHAMA, OR",44.7915108,-122.5789738
2024-04-29,2.3,14182500,"LITTLE NORTH SANTIAM RIVER NEAR MEHAMA, OR",44.7915108,-122.5789738
2024-04-30,2.9,14182500,"LITTLE NORTH SANTIAM RIVER NEAR MEHAMA, OR",44.7915108,-122.5789738
2024-05-01,2.3,14182500,"LITTLE NORTH SANTIAM RIVER NEAR MEHAMA, OR",44.7915108,-122.5789738
2024-05-02,2.0,14182500,"LITTLE NORTH SANTIAM RIVER NEAR MEHAMA, OR",44.7915108,-122.5789738
2024-05-03,2.1,14182500,"LITTLE NORTH SANTIAM RIVER NEAR MEHAMA, OR",44.7915108,-122.5789738
2024-05-04,4.9,14182500,"LITTLE NORTH SANTIAM RIVER NEAR MEHAMA, OR",44.7915108,-122.5789738
2024-05-05,13.3,14182500,"LITTLE NORTH SANTIAM RIVER NEAR MEHAMA, OR",44.7915108,-122.5789738
2024-05-06,12.5,14182500,"LITTLE NORTH SANTIAM RIVER NEAR MEHAMA, OR",44.7915108,-122.5789738
2024-05-07,6.7,14182500,"LITTLE NORTH SANTIAM RIVER NEAR MEHAMA, OR",44.7915108,-122.5789738
2024-05-08,3.1,14182500,"LITTLE NORTH SANTIAM RIVER NEAR MEHAMA, OR",44.7915108,-122.5789738
2024-05-09,2.0,14182500,"LITTLE NORTH SANTIAM RIVER NEAR MEHAMA, OR",44.7915108,-122.5789738
2024-05-10,1.8,14182500,"LITTLE NORTH SANTIAM RIVER NEAR MEHAMA, OR",44.7915108,-122.5789738
2024-05-11,1.6,14182500,"LITTLE NORTH SANTIAM RIVER NEAR MEHAMA, OR",44.7915108,-122.5789738
2024-05-12,1.4,14182500,"LITTLE NORTH SANTIAM RIVER NEAR MEHAMA, OR",44.7915108,-122.5789738
2024-05-13,1.6,14182500,"LITTLE NORTH SANTIAM RIVER NEAR MEHAMA, OR",44.7915108,-122.5789738
2024-05-14,1.3,14182500,"LITTLE NORTH SANTIAM RIVER NEAR MEHAMA, OR",44.7915108,-122.5789738
2024-05-15,1.2,14182500,"LITTLE NORTH SANTIAM RIVER NEAR MEHAMA, OR",44.7915108,-122.5789738
2024-05-16,1.3,14182500,"LITTLE NORTH SANTIAM RIVER NEAR MEHAMA, OR",44.7915108,-122.5789738
2024-05-17,1.5,14182500,"LITTLE NORTH SANTIAM RIVER NEAR MEHAMA, OR",44.7915108,-122.5789738
2024-05-18,1.4,14182500,"LITTLE NORTH SANTIAM RIVER NEAR MEHAMA, OR",44.7915108,-122.5789738
2024-05-19,1.3,14182500,"LITTLE NORTH SANTIAM RIVER NEAR MEHAMA, OR",44.7915108,-122.5789738
2024-05-20,1.3,14182500,"LITTLE NORTH SANTIAM RIVER NEAR MEHAMA, OR",44.7915108,-122.5789738
2024-05-21,1.8,14182500,"LITTLE NORTH SANTIAM RIVER NEAR MEHAMA, OR",44.7915108,-122.5789738
2024-05-22,2.3,14182500,"LITTLE NORTH SANTIAM RIVER NEAR MEHAMA, OR",44.7915108,-122.5789738
2024-05-23,1.5,14182500,"LITTLE NORTH SANTIAM RIVER NEAR MEHAMA, OR",44.7915108,-122.5789738
2024-05-24,1.3,14182500,"LITTLE NORTH SANTIAM RIVER NEAR MEHAMA, OR",44.7915108,-122.5789738
2024-05-25,1.4,14182500,"LITTLE NORTH SANTIAM RIVER NEAR MEHAMA, OR",44.7915108,-122.5789738
2024-05-26,1.4,14182500,"LITTLE NORTH SANTIAM RIVER NEAR MEHAMA, OR",44.7915108,-122.5789738
2024-05-27,1.4,14182500,"LITTLE NORTH SANTIAM RIVER NEAR MEHAMA, OR",44.7915108,-122.5789738
2024-05-28,1.7,14182500,"LITTLE NORTH SANTIAM RIVER NEAR MEHAMA, OR",44.7915108,-122.5789738
2024-05-29,2.2,14182500,"LITTLE NORTH SANTIAM RIVER NEAR MEHAMA, OR",44.7915108,-122.5789738
2024-05-30,1.8,14182500,"LITTLE NORTH SANTIAM RIVER NEAR MEHAMA, OR",44.7915108,-122.5789738
2024-05-31,3.0,14182500,"LITTLE NORTH SANTIAM RIVER NEAR MEHAMA, OR",44.7915108,-122.5789738
2024-06-01,1.3,14182500,"LITTLE NORTH SANTIAM RIVER NEAR MEHAMA, OR",44.7915108,-122.5789738
2024-06-02,18.1,14182500,"LITTLE NORTH SANTIAM RIVER NEAR MEHAMA, OR",44.7915108,-122.5789738
2024-06-03,39.2,14182500,"LITTLE NORTH SANTIAM RIVER NEAR MEHAMA, OR",44.7915108,-122.5789738
2024-06-04,4.8,14182500,"LITTLE NORTH SANTIAM RIVER NEAR MEHAMA, OR",44.7915108,-122.5789738
2024-06-05,2.5,14182500,"LITTLE NORTH SANTIAM RIVER NEAR MEHAMA, OR",44.7915108,-122.5789738
2024-06-06,1.4,14182500,"LITTLE NORTH SANTIAM RIVER NEAR MEHAMA, OR",44.7915108,-122.5789738
2024-06-07,1.3,14182500,"LITTLE NORTH SANTIAM RIVER NEAR MEHAMA, OR",44.7915108,-122.5789738
2024-06-08,1.1,14182500,"LITTLE NORTH SANTIAM RIVER NEAR MEHAMA, OR",44.7915108,-122.5789738
2024-06-09,0.9,14182500,"LITTLE NORTH SANTIAM RIVER NEAR MEHAMA, OR",44.7915108,-122.5789738
2024-06-10,1.0,14182500,"LITTLE NORTH SANTIAM RIVER NEAR MEHAMA, OR",44.7915108,-122.5789738
2024-06-11,1.1,14182500,"LITTLE NORTH SANTIAM RIVER NEAR MEHAMA, OR",44.7915108,-122.5789738
2024-06-12,0.8,14182500,"LITTLE NORTH SANTIAM RIVER NEAR MEHAMA, OR",44.7915108,-122.5789738
2024-06-13,0.9,14182500,"LITTLE NORTH SANTIAM RIVER NEAR MEHAMA, OR",44.7915108,-122.5789738
2024-06-14,0.8,14182500,"LITTLE NORTH SANTIAM RIVER NEAR MEHAMA, OR",44.7915108,-122.5789738
2024-06-15,0.9,14182500,"LITTLE NORTH SANTIAM RIVER NEAR MEHAMA, OR",44.7915108,-122.5789738
2024-06-16,0.8,14182500,"LITTLE NORTH SANTIAM RIVER NEAR MEHAMA, OR",44.7915108,-122.5789738
2024-06-17,0.9,14182500,"LITTLE NORTH SANTIAM RIVER NEAR MEHAMA, OR",44.7915108,-122.5789738
2024-06-18,0.6,14182500,"LITTLE NORTH SANTIAM RIVER NEAR MEHAMA, OR",44.7915108,-122.5789738
2024-06-19,0.7,14182500,"LITTLE NORTH SANTIAM RIVER NEAR MEHAMA, OR",44.7915108,-122.5789738
2024-06-20,0.8,14182500,"LITTLE NORTH SANTIAM RIVER NEAR MEHAMA, OR",44.7915108,-122.5789738
2024-06-21,0.8,14182500,"LITTLE NORTH SANTIAM RIVER NEAR MEHAMA, OR",44.7915108,-122.5789738
2024-06-22,1.0,14182500,"LITTLE NORTH SANTIAM RIVER NEAR MEHAMA, OR",44.7915108,-122.5789738
2024-06-23,0.9,14182500,"LITTLE NORTH SANTIAM RIVER NEAR MEHAMA, OR",44.7915108,-122.5789738
2024-06-24,1.4,14182500,"LITTLE NORTH SANTIAM RIVER NEAR MEHAMA, OR",44.7915108,-122.5789738
2024-06-25,0.9,14182500,"LITTLE NORTH SANTIAM RIVER NEAR MEHAMA, OR",44.7915108,-122.5789738
2024-06-26,0.9,14182500,"LITTLE NORTH SANTIAM RIVER NEAR MEHAMA, OR",44.7915108,-122.5789738
2024-06-27,0.9,14182500,"LITTLE NORTH SANTIAM RIVER NEAR MEHAMA, OR",44.7915108,-122.5789738
2024-06-28,0.8,14182500,"LITTLE NORTH SANTIAM RIVER NEAR MEHAMA, OR",44.7915108,-122.5789738
2024-06-29,0.9,14182500,"LITTLE NORTH SANTIAM RIVER NEAR MEHAMA, OR",44.7915108,-122.5789738
2024-06-30,1.0,14182500,"LITTLE NORTH SANTIAM RIVER NEAR MEHAMA, OR",44.7915108,-122.5789738
2024-07-01,1.0,14182500,"LITTLE NORTH SANTIAM RIVER NEAR MEHAMA, OR",44.7915108,-122.5789738
2024-07-02,3.5,14182500,"LITTLE NORTH SANTIAM RIVER NEAR MEHAMA, OR",44.7915108,-122.5789738
2024-07-03,1.0,14182500,"LITTLE NORTH SANTIAM RIVER NEAR MEHAMA, OR",44.7915108,-122.5789738
2024-07-04,1.0,14182500,"LITTLE NORTH SANTIAM RIVER NEAR MEHAMA, OR",44.7915108,-122.5789738
2024-07-05,1.1,14182500,"LITTLE NORTH SANTIAM RIVER NEAR MEHAMA, OR",44.7915108,-122.5789738
2024-07-06,1.2,14182500,"LITTLE NORTH SANTIAM RIVER NEAR MEHAMA, OR",44.7915108,-122.5789738
2024-07-07,1.2,14182500,"LITTLE NORTH SANTIAM RIVER NEAR MEHAMA, OR",44.7915108,-122.5789738
2024-07-08,1.2,14182500,"LITTLE NORTH SANTIAM RIVER NEAR MEHAMA, OR",44.7915108,-122.5789738
2024-07-09,4.5,14182500,"LITTLE NORTH SANTIAM RIVER NEAR MEHAMA, OR",44.7915108,-122.5789738
2024-07-10,1.3,14182500,"LITTLE NORTH SANTIAM RIVER NEAR MEHAMA, OR",44.7915108,-122.5789738
2024-07-11,2.0,14182500,"LITTLE NORTH SANTIAM RIVER NEAR MEHAMA, OR",44.7915108,-122.5789738
2024-07-12,2.5,14182500,"LITTLE NORTH SANTIAM RIVER NEAR MEHAMA, OR",44.7915108,-122.5789738
2024-07-13,1.4,14182500,"LITTLE NORTH SANTIAM RIVER NEAR MEHAMA, OR",44.7915108,-122.5789738
2024-07-14,2.1,14182500,"LITTLE NORTH SANTIAM RIVER NEAR MEHAMA, OR",44.7915108,-122.5789738
2024-07-20,0.8,14182500,"LITTLE NORTH SANTIAM RIVER NEAR MEHAMA, OR",44.7915108,-122.5789738
2024-07-21,0.8,14182500,"LITTLE NORTH SANTIAM RIVER NEAR MEHAMA, OR",44.7915108,-122.5789738
2024-07-22,0.9,14182500,"LITTLE NORTH SANTIAM RIVER NEAR MEHAMA, OR",44.7915108,-122.5789738
2024-07-23,0.8,14182500,"LITTLE NORTH SANTIAM RIVER NEAR MEHAMA, OR",44.7915108,-122.5789738
2024-07-24,1.0,14182500,"LITTLE NORTH SANTIAM RIVER NEAR MEHAMA, OR",44.7915108,-122.5789738
2024-07-25,0.9,14182500,"LITTLE NORTH SANTIAM RIVER NEAR MEHAMA, OR",44.7915108,-122.5789738
2024-07-26,0.7,14182500,"LITTLE NORTH SANTIAM RIVER NEAR MEHAMA, OR",44.7915108,-122.5789738
2024-07-27,1.1,14182500,"LITTLE NORTH SANTIAM RIVER NEAR MEHAMA, OR",44.7915108,-122.5789738
2024-07-28,0.9,14182500,"LITTLE NORTH SANTIAM RIVER NEAR MEHAMA, OR",44.7915108,-122.5789738
2024-07-29,1.2,14182500,"LITTLE NORTH SANTIAM RIVER NEAR MEHAMA, OR",44.7915108,-122.5789738
2024-07-30,1.4,14182500,"LITTLE NORTH SANTIAM RIVER NEAR MEHAMA, OR",44.7915108,-122.5789738
2024-07-31,0.8,14182500,"LITTLE NORTH SANTIAM RIVER NEAR MEHAMA, OR",44.7915108,-122.5789738
2024-08-01,0.6,14182500,"LITTLE NORTH SANTIAM RIVER NEAR MEHAMA, OR",44.7915108,-122.5789738
2024-08-02,1.0,14182500,"LITTLE NORTH SANTIAM RIVER NEAR MEHAMA, OR",44.7915108,-122.5789738
2024-08-03,0.8,14182500,"LITTLE NORTH SANTIAM RIVER NEAR MEHAMA, OR",44.7915108,-122.5789738
2024-08-04,0.8,14182500,"LITTLE NORTH SANTIAM RIVER NEAR MEHAMA, OR",44.7915108,-122.5789738
2024-08-05,1.0,14182500,"LITTLE NORTH SANTIAM RIVER NEAR MEHAMA, OR",44.7915108,-122.5789738
2024-08-06,0.6,14182500,"LITTLE NORTH SANTIAM RIVER NEAR MEHAMA, OR",44.7915108,-122.5789738
2024-08-07,0.6,14182500,"LITTLE NORTH SANTIAM RIVER NEAR MEHAMA, OR",44.7915108,-122.5789738
2024-08-08,0.8,14182500,"LITTLE NORTH SANTIAM RIVER NEAR MEHAMA, OR",44.7915108,-122.5789738
2024-08-09,0.9,14182500,"LITTLE NORTH SANTIAM RIVER NEAR MEHAMA, OR",44.7915108,-122.5789738
2024-08-10,1.6,14182500,"LITTLE NORTH SANTIAM RIVER NEAR MEHAMA, OR",44.7915108,-122.5789738
2024-08-11,0.8,14182500,"LITTLE NORTH SANTIAM RIVER NEAR MEHAMA, OR",44.7915108,-122.5789738
2024-08-12,1.2,14182500,"LITTLE NORTH SANTIAM RIVER NEAR MEHAMA, OR",44.7915108,-122.5789738
2024-08-13,0.6,14182500,"LITTLE NORTH SANTIAM RIVER NEAR MEHAMA, OR",44.7915108,-122.5789738
2024-08-14,0.6,14182500,"LITTLE NORTH SANTIAM RIVER NEAR MEHAMA, OR",44.7915108,-122.5789738
2024-08-15,0.6,14182500,"LITTLE NORTH SANTIAM RIVER NEAR MEHAMA, OR",44.7915108,-122.5789738
2024-08-16,0.6,14182500,"LITTLE NORTH SANTIAM RIVER NEAR MEHAMA, OR",44.7915108,-122.5789738
2024-08-17,0.8,14182500,"LITTLE NORTH SANTIAM RIVER NEAR MEHAMA, OR",44.7915108,-122.5789738
2024-08-18,1.1,14182500,"LITTLE NORTH SANTIAM RIVER NEAR MEHAMA, OR",44.7915108,-122.5789738
2024-08-19,0.7,14182500,"LITTLE NORTH SANTIAM RIVER NEAR MEHAMA, OR",44.7915108,-122.5789738
2024-08-20,0.6,14182500,"LITTLE NORTH SANTIAM RIVER NEAR MEHAMA, OR",44.7915108,-122.5789738
2024-08-21,1.1,14182500,"LITTLE NORTH SANTIAM RIVER NEAR MEHAMA, OR",44.7915108,-122.5789738
2024-08-23,0.7,14182500,"LITTLE NORTH SANTIAM RIVER NEAR MEHAMA, OR",44.7915108,-122.5789738
2024-08-25,0.7,14182500,"LITTLE NORTH SANTIAM RIVER NEAR MEHAMA, OR",44.7915108,-122.5789738
2024-08-26,0.9,14182500,"LITTLE NORTH SANTIAM RIVER NEAR MEHAMA, OR",44.7915108,-122.5789738
2024-08-27,0.8,14182500,"LITTLE NORTH SANTIAM RIVER NEAR MEHAMA, OR",44.7915108,-122.5789738
2024-08-28,0.9,14182500,"LITTLE NORTH SANTIAM RIVER NEAR MEHAMA, OR",44.7915108,-122.5789738
2024-08-29,0.8,14182500,"LITTLE NORTH SANTIAM RIVER NEAR MEHAMA, OR",44.7915108,-122.5789738
2024-08-30,0.8,14182500,"LITTLE NORTH SANTIAM RIVER NEAR MEHAMA, OR",44.7915108,-122.5789738
2024-08-31,0.7,14182500,"LITTLE NORTH SANTIAM RIVER NEAR MEHAMA, OR",44.7915108,-122.5789738
2024-09-01,0.7,14182500,"LITTLE NORTH SANTIAM RIVER NEAR MEHAMA, OR",44.7915108,-122.5789738
2024-09-02,0.7,14182500,"LITTLE NORTH SANTIAM RIVER NEAR MEHAMA, OR",44.7915108,-122.5789738
2024-09-03,0.7,14182500,"LITTLE NORTH SANTIAM RIVER NEAR MEHAMA, OR",44.7915108,-122.5789738
2024-09-04,0.8,14182500,"LITTLE NORTH SANTIAM RIVER NEAR MEHAMA, OR",44.7915108,-122.5789738
2024-09-05,0.8,14182500,"LITTLE NORTH SANTIAM RIVER NEAR MEHAMA, OR",44.7915108,-122.5789738
2024-09-06,0.8,14182500,"LITTLE NORTH SANTIAM RIVER NEAR MEHAMA, OR",44.7915108,-122.5789738
2024-09-07,0.8,14182500,"LITTLE NORTH SANTIAM RIVER NEAR MEHAMA, OR",44.7915108,-122.5789738
2024-09-08,0.7,14182500,"LITTLE NORTH SANTIAM RIVER NEAR MEHAMA, OR",44.7915108,-122.5789738
2024-09-09,0.7,14182500,"LITTLE NORTH SANTIAM RIVER NEAR MEHAMA, OR",44.7915108,-122.5789738
2024-09-10,0.8,14182500,"LITTLE NORTH SANTIAM RIVER NEAR MEHAMA, OR",44.7915108,-122.5789738
2024-09-11,0.8,14182500,"LITTLE NORTH SANTIAM RIVER NEAR MEHAMA, OR",44.7915108,-122.5789738
2024-09-12,0.9,14182500,"LITTLE NORTH SANTIAM RIVER NEAR MEHAMA, OR",44.7915108,-122.5789738
2024-09-13,0.8,14182500,"LITTLE NORTH SANTIAM RIVER NEAR MEHAMA, OR",44.7915108,-122.5789738
2024-09-14,1.1,14182500,"LITTLE NORTH SANTIAM RIVER NEAR MEHAMA, OR",44.7915108,-122.5789738
2024-09-15,0.9,14182500,"LITTLE NORTH SANTIAM RIVER NEAR MEHAMA, OR",44.7915108,-122.5789738
2024-09-16,0.8,14182500,"LITTLE NORTH SANTIAM RIVER NEAR MEHAMA, OR",44.7915108,-122.5789738
2024-09-17,0.8,14182500,"LITTLE NORTH SANTIAM RIVER NEAR MEHAMA, OR",44.7915108,-122.5789738
2024-09-18,0.8,14182500,"LITTLE NORTH SANTIAM RIVER NEAR MEHAMA, OR",44.7915108,-122.5789738
2024-09-19,0.8,14182500,"LITTLE NORTH SANTIAM RIVER NEAR MEHAMA, OR",44.7915108,-122.5789738
2024-09-20,0.8,14182500,"LITTLE NORTH SANTIAM RIVER NEAR MEHAMA, OR",44.7915108,-122.5789738
2024-09-21,0.8,14182500,"LITTLE NORTH SANTIAM RIVER NEAR MEHAMA, OR",44.7915108,-122.5789738
2024-09-22,0.8,14182500,"LITTLE NORTH SANTIAM RIVER NEAR MEHAMA, OR",44.7915108,-122.5789738
2024-09-23,0.8,14182500,"LITTLE NORTH SANTIAM RIVER NEAR MEHAMA, OR",44.7915108,-122.5789738
2024-09-24,0.8,14182500,"LITTLE NORTH SANTIAM RIVER NEAR MEHAMA, OR",44.7915108,-122.5789738
2024-09-25,0.8,14182500,"LITTLE NORTH SANTIAM RIVER NEAR MEHAMA, OR",44.7915108,-122.5789738
2024-09-26,1.0,14182500,"LITTLE NORTH SANTIAM RIVER NEAR MEHAMA, OR",44.7915108,-122.5789738
2024-09-27,0.9,14182500,"LITTLE NORTH SANTIAM RIVER NEAR MEHAMA, OR",44.7915108,-122.5789738
2024-09-28,0.8,14182500,"LITTLE NORTH SANTIAM RIVER NEAR MEHAMA, OR",44.7915108,-122.5789738
2024-09-29,0.8,14182500,"LITTLE NORTH SANTIAM RIVER NEAR MEHAMA, OR",44.7915108,-122.5789738
2024-09-30,0.8,14182500,"LITTLE NORTH SANTIAM RIVER NEAR MEHAMA, OR",44.7915108,-122.5789738
2024-01-01,2.2,14183020,"NORTH SANTIAM RIVER BLW STOUT CREEK, NR MEHAMA, OR",44.7782222,-122.6777222
2024-01-02,1.3,14183020,"NORTH SANTIAM RIVER BLW STOUT CREEK, NR MEHAMA, OR",44.7782222,-122.6777222
2024-01-03,1.5,14183020,"NORTH SANTIAM RIVER BLW STOUT CREEK, NR MEHAMA, OR",44.7782222,-122.6777222
2024-01-04,2.8,14183020,"NORTH SANTIAM RIVER BLW STOUT CREEK, NR MEHAMA, OR",44.7782222,-122.6777222
2024-01-05,2.8,14183020,"NORTH SANTIAM RIVER BLW STOUT CREEK, NR MEHAMA, OR",44.7782222,-122.6777222
2024-01-06,3.9,14183020,"NORTH SANTIAM RIVER BLW STOUT CREEK, NR MEHAMA, OR",44.7782222,-122.6777222
2024-01-07,3.3,14183020,"NORTH SANTIAM RIVER BLW STOUT CREEK, NR MEHAMA, OR",44.7782222,-122.6777222
2024-01-08,3.4,14183020,"NORTH SANTIAM RIVER BLW STOUT CREEK, NR MEHAMA, OR",44.7782222,-122.6777222
2024-01-09,44.9,14183020,"NORTH SANTIAM RIVER BLW STOUT CREEK, NR MEHAMA, OR",44.7782222,-122.6777222
2024-01-10,8.2,14183020,"NORTH SANTIAM RIVER BLW STOUT CREEK, NR MEHAMA, OR",44.7782222,-122.6777222
2024-01-11,3.2,14183020,"NORTH SANTIAM RIVER BLW STOUT CREEK, NR MEHAMA, OR",44.7782222,-122.6777222
2024-01-12,4.2,14183020,"NORTH SANTIAM RIVER BLW STOUT CREEK, NR MEHAMA, OR",44.7782222,-122.6777222
2024-01-13,4.2,14183020,"NORTH SANTIAM RIVER BLW STOUT CREEK, NR MEHAMA, OR",44.7782222,-122.6777222
2024-01-14,2.4,14183020,"NORTH SANTIAM RIVER BLW STOUT CREEK, NR MEHAMA, OR",44.7782222,-122.6777222
2024-01-15,1.9,14183020,"NORTH SANTIAM RIVER BLW STOUT CREEK, NR MEHAMA, OR",44.7782222,-122.6777222
2024-01-16,1.9,14183020,"NORTH SANTIAM RIVER BLW STOUT CREEK, NR MEHAMA, OR",44.7782222,-122.6777222
2024-01-17,37.6,14183020,"NORTH SANTIAM RIVER BLW STOUT CREEK, NR MEHAMA, OR",44.7782222,-122.6777222
2024-01-18,27.3,14183020,"NORTH SANTIAM RIVER BLW STOUT CREEK, NR MEHAMA, OR",44.7782222,-122.6777222
2024-01-19,10.7,14183020,"NORTH SANTIAM RIVER BLW STOUT CREEK, NR MEHAMA, OR",44.7782222,-122.6777222
2024-01-20,5.0,14183020,"NORTH SANTIAM RIVER BLW STOUT CREEK, NR MEHAMA, OR",44.7782222,-122.6777222
2024-01-21,12.6,14183020,"NORTH SANTIAM RIVER BLW STOUT CREEK, NR MEHAMA, OR",44.7782222,-122.6777222
2024-01-22,20.4,14183020,"NORTH SANTIAM RIVER BLW STOUT CREEK, NR MEHAMA, OR",44.7782222,-122.6777222
2024-01-23,11.7,14183020,"NORTH SANTIAM RIVER BLW STOUT CREEK, NR MEHAMA, OR",44.7782222,-122.6777222
2024-01-24,6.5,14183020,"NORTH SANTIAM RIVER BLW STOUT CREEK, NR MEHAMA, OR",44.7782222,-122.6777222
2024-01-25,6.0,14183020,"NORTH SANTIAM RIVER BLW STOUT CREEK, NR MEHAMA, OR",44.7782222,-122.6777222
2024-01-26,13.4,14183020,"NORTH SANTIAM RIVER BLW STOUT CREEK, NR MEHAMA, OR",44.7782222,-122.6777222
2024-01-27,25.6,14183020,"NORTH SANTIAM RIVER BLW STOUT CREEK, NR MEHAMA, OR",44.7782222,-122.6777222
2024-01-28,10.6,14183020,"NORTH SANTIAM RIVER BLW STOUT CREEK, NR MEHAMA, OR",44.7782222,-122.6777222
2024-01-29,6.8,14183020,"NORTH SANTIAM RIVER BLW STOUT CREEK, NR MEHAMA, OR",44.7782222,-122.6777222
2024-01-30,7.8,14183020,"NORTH SANTIAM RIVER BLW STOUT CREEK, NR MEHAMA, OR",44.7782222,-122.6777222
2024-01-31,4.2,14183020,"NORTH SANTIAM RIVER BLW STOUT CREEK, NR MEHAMA, OR",44.7782222,-122.6777222
2024-02-01,3.4,14183020,"NORTH SANTIAM RIVER BLW STOUT CREEK, NR MEHAMA, OR",44.7782222,-122.6777222
2024-02-02,3.3,14183020,"NORTH SANTIAM RIVER BLW STOUT CREEK, NR MEHAMA, OR",44.7782222,-122.6777222
2024-02-03,3.4,14183020,"NORTH SANTIAM RIVER BLW STOUT CREEK, NR MEHAMA, OR",44.7782222,-122.6777222
2024-02-04,4.0,14183020,"NORTH SANTIAM RIVER BLW STOUT CREEK, NR MEHAMA, OR",44.7782222,-122.6777222
2024-02-05,4.5,14183020,"NORTH SANTIAM RIVER BLW STOUT CREEK, NR MEHAMA, OR",44.7782222,-122.6777222
2024-02-06,4.3,14183020,"NORTH SANTIAM RIVER BLW STOUT CREEK, NR MEHAMA, OR",44.7782222,-122.6777222
2024-02-07,4.2,14183020,"NORTH SANTIAM RIVER BLW STOUT CREEK, NR MEHAMA, OR",44.7782222,-122.6777222
2024-02-08,4.0,14183020,"NORTH SANTIAM RIVER BLW STOUT CREEK, NR MEHAMA, OR",44.7782222,-122.6777222
2024-02-09,4.1,14183020,"NORTH SANTIAM RIVER BLW STOUT CREEK, NR MEHAMA, OR",44.7782222,-122.6777222
2024-02-10,3.2,14183020,"NORTH SANTIAM RIVER BLW STOUT CREEK, NR MEHAMA, OR",44.7782222,-122.6777222
2024-02-11,2.8,14183020,"NORTH SANTIAM RIVER BLW STOUT CREEK, NR MEHAMA, OR",44.7782222,-122.6777222
2024-02-12,2.7,14183020,"NORTH SANTIAM RIVER BLW STOUT CREEK, NR MEHAMA, OR",44.7782222,-122.6777222
2024-02-13,2.6,14183020,"NORTH SANTIAM RIVER BLW STOUT CREEK, NR MEHAMA, OR",44.7782222,-122.6777222
2024-02-14,2.3,14183020,"NORTH SANTIAM RIVER BLW STOUT CREEK, NR MEHAMA, OR",44.7782222,-122.6777222
2024-02-15,3.8,14183020,"NORTH SANTIAM RIVER BLW STOUT CREEK, NR MEHAMA, OR",44.7782222,-122.6777222
2024-02-16,4.0,14183020,"NORTH SANTIAM RIVER BLW STOUT CREEK, NR MEHAMA, OR",44.7782222,-122.6777222
2024-02-17,2.2,14183020,"NORTH SANTIAM RIVER BLW STOUT CREEK, NR MEHAMA, OR",44.7782222,-122.6777222
2024-02-18,2.1,14183020,"NORTH SANTIAM RIVER BLW STOUT CREEK, NR MEHAMA, OR",44.7782222,-122.6777222
2024-02-19,1.9,14183020,"NORTH SANTIAM RIVER BLW STOUT CREEK, NR MEHAMA, OR",44.7782222,-122.6777222
2024-02-20,1.8,14183020,"NORTH SANTIAM RIVER BLW STOUT CREEK, NR MEHAMA, OR",44.7782222,-122.6777222
2024-02-21,3.7,14183020,"NORTH SANTIAM RIVER BLW STOUT CREEK, NR MEHAMA, OR",44.7782222,-122.6777222
2024-02-22,2.1,14183020,"NORTH SANTIAM RIVER BLW STOUT CREEK, NR MEHAMA, OR",44.7782222,-122.6777222
2024-02-23,1.5,14183020,"NORTH SANTIAM RIVER BLW STOUT CREEK, NR MEHAMA, OR",44.7782222,-122.6777222
2024-02-24,1.3,14183020,"NORTH SANTIAM RIVER BLW STOUT CREEK, NR MEHAMA, OR",44.7782222,-122.6777222
2024-02-25,1.8,14183020,"NORTH SANTIAM RIVER BLW STOUT CREEK, NR MEHAMA, OR",44.7782222,-122.6777222
2024-02-26,15.9,14183020,"NORTH SANTIAM RIVER BLW STOUT CREEK, NR MEHAMA, OR",44.7782222,-122.6777222
2024-02-27,2.4,14183020,"NORTH SANTIAM RIVER BLW STOUT CREEK, NR MEHAMA, OR",44.7782222,-122.6777222
2024-02-28,7.6,14183020,"NORTH SANTIAM RIVER BLW STOUT CREEK, NR MEHAMA, OR",44.7782222,-122.6777222
2024-02-29,23.7,14183020,"NORTH SANTIAM RIVER BLW STOUT CREEK, NR MEHAMA, OR",44.7782222,-122.6777222
2024-03-01,6.6,14183020,"NORTH SANTIAM RIVER BLW STOUT CREEK, NR MEHAMA, OR",44.7782222,-122.6777222
2024-03-02,3.1,14183020,"NORTH SANTIAM RIVER BLW STOUT CREEK, NR MEHAMA, OR",44.7782222,-122.6777222
2024-03-03,2.4,14183020,"NORTH SANTIAM RIVER BLW STOUT CREEK, NR MEHAMA, OR",44.7782222,-122.6777222
2024-03-04,2.1,14183020,"NORTH SANTIAM RIVER BLW STOUT CREEK, NR MEHAMA, OR",44.7782222,-122.6777222
2024-03-05,2.1,14183020,"NORTH SANTIAM RIVER BLW STOUT CREEK, NR MEHAMA, OR",44.7782222,-122.6777222
2024-03-06,1.9,14183020,"NORTH SANTIAM RIVER BLW STOUT CREEK, NR MEHAMA, OR",44.7782222,-122.6777222
2024-03-07,1.6,14183020,"NORTH SANTIAM RIVER BLW STOUT CREEK, NR MEHAMA, OR",44.7782222,-122.6777222
2024-03-08,1.5,14183020,"NORTH SANTIAM RIVER BLW STOUT CREEK, NR MEHAMA, OR",44.7782222,-122.6777222
2024-03-09,1.5,14183020,"NORTH SANTIAM RIVER BLW STOUT CREEK, NR MEHAMA, OR",44.7782222,-122.6777222
2024-03-10,1.8,14183020,"NORTH SANTIAM RIVER BLW STOUT CREEK, NR MEHAMA, OR",44.7782222,-122.6777222
2024-03-11,1.8,14183020,"NORTH SANTIAM RIVER BLW STOUT CREEK, NR MEHAMA, OR",44.7782222,-122.6777222
2024-03-12,3.6,14183020,"NORTH SANTIAM RIVER BLW STOUT CREEK, NR MEHAMA, OR",44.7782222,-122.6777222
2024-03-13,2.5,14183020,"NORTH SANTIAM RIVER BLW STOUT CREEK, NR MEHAMA, OR",44.7782222,-122.6777222
2024-03-14,1.6,14183020,"NORTH SANTIAM RIVER BLW STOUT CREEK, NR MEHAMA, OR",44.7782222,-122.6777222
2024-03-15,1.4,14183020,"NORTH SANTIAM RIVER BLW STOUT CREEK, NR MEHAMA, OR",44.7782222,-122.6777222
2024-03-16,1.3,14183020,"NORTH SANTIAM RIVER BLW STOUT CREEK, NR MEHAMA, OR",44.7782222,-122.6777222
2024-03-17,1.3,14183020,"NORTH SANTIAM RIVER BLW STOUT CREEK, NR MEHAMA, OR",44.7782222,-122.6777222
2024-03-18,1.3,14183020,"NORTH SANTIAM RIVER BLW STOUT CREEK, NR MEHAMA, OR",44.7782222,-122.6777222
2024-03-19,1.4,14183020,"NORTH SANTIAM RIVER BLW STOUT CREEK, NR MEHAMA, OR",44.7782222,-122.6777222
2024-03-20,1.4,14183020,"NORTH SANTIAM RIVER BLW STOUT CREEK, NR MEHAMA, OR",44.7782222,-122.6777222
2024-03-21,1.1,14183020,"NORTH SANTIAM RIVER BLW STOUT CREEK, NR MEHAMA, OR",44.7782222,-122.6777222
2024-03-22,1.1,14183020,"NORTH SANTIAM RIVER BLW STOUT CREEK, NR MEHAMA, OR",44.7782222,-122.6777222
2024-03-23,1.6,14183020,"NORTH SANTIAM RIVER BLW STOUT CREEK, NR MEHAMA, OR",44.7782222,-122.6777222
2024-03-24,1.3,14183020,"NORTH SANTIAM RIVER BLW STOUT CREEK, NR MEHAMA, OR",44.7782222,-122.6777222
2024-03-25,1.2,14183020,"NORTH SANTIAM RIVER BLW STOUT CREEK, NR MEHAMA, OR",44.7782222,-122.6777222
2024-03-26,1.7,14183020,"NORTH SANTIAM RIVER BLW STOUT CREEK, NR MEHAMA, OR",44.7782222,-122.6777222
2024-03-27,4.8,14183020,"NORTH SANTIAM RIVER BLW STOUT CREEK, NR MEHAMA, OR",44.7782222,-122.6777222
2024-03-28,3.0,14183020,"NORTH SANTIAM RIVER BLW STOUT CREEK, NR MEHAMA, OR",44.7782222,-122.6777222
2024-03-29,1.7,14183020,"NORTH SANTIAM RIVER BLW STOUT CREEK, NR MEHAMA, OR",44.7782222,-122.6777222
2024-03-30,1.2,14183020,"NORTH SANTIAM RIVER BLW STOUT CREEK, NR MEHAMA, OR",44.7782222,-122.6777222
2024-03-31,1.1,14183020,"NORTH SANTIAM RIVER BLW STOUT CREEK, NR MEHAMA, OR",44.7782222,-122.6777222
2024-04-01,1.0,14183020,"NORTH SANTIAM RIVER BLW STOUT CREEK, NR MEHAMA, OR",44.7782222,-122.6777222
2024-04-02,1.0,14183020,"NORTH SANTIAM RIVER BLW STOUT CREEK, NR MEHAMA, OR",44.7782222,-122.6777222
2024-04-03,1.0,14183020,"NORTH SANTIAM RIVER BLW STOUT CREEK, NR MEHAMA, OR",44.7782222,-122.6777222
2024-04-04,1.0,14183020,"NORTH SANTIAM RIVER BLW STOUT CREEK, NR MEHAMA, OR",44.7782222,-122.6777222
2024-04-05,1.4,14183020,"NORTH SANTIAM RIVER BLW STOUT CREEK, NR MEHAMA, OR",44.7782222,-122.6777222
2024-04-06,1.1,14183020,"NORTH SANTIAM RIVER BLW STOUT CREEK, NR MEHAMA, OR",44.7782222,-122.6777222
2024-04-07,1.5,14183020,"NORTH SANTIAM RIVER BLW STOUT CREEK, NR MEHAMA, OR",44.7782222,-122.6777222
2024-04-08,1.3,14183020,"NORTH SANTIAM RIVER BLW STOUT CREEK, NR MEHAMA, OR",44.7782222,-122.6777222
2024-04-09,1.1,14183020,"NORTH SANTIAM RIVER BLW STOUT CREEK, NR MEHAMA, OR",44.7782222,-122.6777222
2024-04-10,1.1,14183020,"NORTH SANTIAM RIVER BLW STOUT CREEK, NR MEHAMA, OR",44.7782222,-122.6777222
2024-04-11,1.2,14183020,"NORTH SANTIAM RIVER BLW STOUT CREEK, NR MEHAMA, OR",44.7782222,-122.6777222
2024-04-12,0.9,14183020,"NORTH SANTIAM RIVER BLW STOUT CREEK, NR MEHAMA, OR",44.7782222,-122.6777222
2024-04-13,0.9,14183020,"NORTH SANTIAM RIVER BLW STOUT CREEK, NR MEHAMA, OR",44.7782222,-122.6777222
2024-04-14,0.9,14183020,"NORTH SANTIAM RIVER BLW STOUT CREEK, NR MEHAMA, OR",44.7782222,-122.6777222
2024-04-15,0.9,14183020,"NORTH SANTIAM RIVER BLW STOUT CREEK, NR MEHAMA, OR",44.7782222,-122.6777222
2024-04-16,0.8,14183020,"NORTH SANTIAM RIVER BLW STOUT CREEK, NR MEHAMA, OR",44.7782222,-122.6777222
2024-04-17,0.8,14183020,"NORTH SANTIAM RIVER BLW STOUT CREEK, NR MEHAMA, OR",44.7782222,-122.6777222
2024-04-18,0.9,14183020,"NORTH SANTIAM RIVER BLW STOUT CREEK, NR MEHAMA, OR",44.7782222,-122.6777222
2024-04-19,0.9,14183020,"NORTH SANTIAM RIVER BLW STOUT CREEK, NR MEHAMA, OR",44.7782222,-122.6777222
2024-04-20,0.9,14183020,"NORTH SANTIAM RIVER BLW STOUT CREEK, NR MEHAMA, OR",44.7782222,-122.6777222
2024-04-21,0.8,14183020,"NORTH SANTIAM RIVER BLW STOUT CREEK, NR MEHAMA, OR",44.7782222,-122.6777222
2024-04-22,0.8,14183020,"NORTH SANTIAM RIVER BLW STOUT CREEK, NR MEHAMA, OR",44.7782222,-122.6777222
2024-04-23,1.1,14183020,"NORTH SANTIAM RIVER BLW STOUT CREEK, NR MEHAMA, OR",44.7782222,-122.6777222
2024-04-24,0.9,14183020,"NORTH SANTIAM RIVER BLW STOUT CREEK, NR MEHAMA, OR",44.7782222,-122.6777222
2024-04-25,1.0,14183020,"NORTH SANTIAM RIVER BLW STOUT CREEK, NR MEHAMA, OR",44.7782222,-122.6777222
2024-04-26,2.5,14183020,"NORTH SANTIAM RIVER BLW STOUT CREEK, NR MEHAMA, OR",44.7782222,-122.6777222
2024-04-27,1.7,14183020,"NORTH SANTIAM RIVER BLW STOUT CREEK, NR MEHAMA, OR",44.7782222,-122.6777222
2024-04-28,1.1,14183020,"NORTH SANTIAM RIVER BLW STOUT CREEK, NR MEHAMA, OR",44.7782222,-122.6777222
2024-04-29,1.5,14183020,"NORTH SANTIAM RIVER BLW STOUT CREEK, NR MEHAMA, OR",44.7782222,-122.6777222
2024-04-30,1.8,14183020,"NORTH SANTIAM RIVER BLW STOUT CREEK, NR MEHAMA, OR",44.7782222,-122.6777222
2024-05-01,1.6,14183020,"NORTH SANTIAM RIVER BLW STOUT CREEK, NR MEHAMA, OR",44.7782222,-122.6777222
2024-05-02,1.5,14183020,"NORTH SANTIAM RIVER BLW STOUT CREEK, NR MEHAMA, OR",44.7782222,-122.6777222
2024-05-03,1.4,14183020,"NORTH SANTIAM RIVER BLW STOUT CREEK, NR MEHAMA, OR",44.7782222,-122.6777222
2024-05-04,5.8,14183020,"NORTH SANTIAM RIVER BLW STOUT CREEK, NR MEHAMA, OR",44.7782222,-122.6777222
2024-05-05,7.1,14183020,"NORTH SANTIAM RIVER BLW STOUT CREEK, NR MEHAMA, OR",44.7782222,-122.6777222
2024-05-06,6.6,14183020,"NORTH SANTIAM RIVER BLW STOUT CREEK, NR MEHAMA, OR",44.7782222,-122.6777222
2024-05-07,4.5,14183020,"NORTH SANTIAM RIVER BLW STOUT CREEK, NR MEHAMA, OR",44.7782222,-122.6777222
2024-05-08,4.1,14183020,"NORTH SANTIAM RIVER BLW STOUT CREEK, NR MEHAMA, OR",44.7782222,-122.6777222
2024-05-09,2.3,14183020,"NORTH SANTIAM RIVER BLW STOUT CREEK, NR MEHAMA, OR",44.7782222,-122.6777222
2024-05-10,2.1,14183020,"NORTH SANTIAM RIVER BLW STOUT CREEK, NR MEHAMA, OR",44.7782222,-122.6777222
2024-05-11,1.9,14183020,"NORTH SANTIAM RIVER BLW STOUT CREEK, NR MEHAMA, OR",44.7782222,-122.6777222
2024-05-12,1.5,14183020,"NORTH SANTIAM RIVER BLW STOUT CREEK, NR MEHAMA, OR",44.7782222,-122.6777222
2024-05-13,1.5,14183020,"NORTH SANTIAM RIVER BLW STOUT CREEK, NR MEHAMA, OR",44.7782222,-122.6777222
2024-05-14,1.7,14183020,"NORTH SANTIAM RIVER BLW STOUT CREEK, NR MEHAMA, OR",44.7782222,-122.6777222
2024-05-15,1.2,14183020,"NORTH SANTIAM RIVER BLW STOUT CREEK, NR MEHAMA, OR",44.7782222,-122.6777222
2024-05-16,1.2,14183020,"NORTH SANTIAM RIVER BLW STOUT CREEK, NR MEHAMA, OR",44.7782222,-122.6777222
2024-05-17,1.2,14183020,"NORTH SANTIAM RIVER BLW STOUT CREEK, NR MEHAMA, OR",44.7782222,-122.6777222
2024-05-18,1.3,14183020,"NORTH SANTIAM RIVER BLW STOUT CREEK, NR MEHAMA, OR",44.7782222,-122.6777222
2024-05-19,1.3,14183020,"NORTH SANTIAM RIVER BLW STOUT CREEK, NR MEHAMA, OR",44.7782222,-122.6777222
2024-05-20,1.1,14183020,"NORTH SANTIAM RIVER BLW STOUT CREEK, NR MEHAMA, OR",44.7782222,-122.6777222
2024-05-21,1.1,14183020,"NORTH SANTIAM RIVER BLW STOUT CREEK, NR MEHAMA, OR",44.7782222,-122.6777222
2024-05-22,1.4,14183020,"NORTH SANTIAM RIVER BLW STOUT CREEK, NR MEHAMA, OR",44.7782222,-122.6777222
2024-05-23,1.2,14183020,"NORTH SANTIAM RIVER BLW STOUT CREEK, NR MEHAMA, OR",44.7782222,-122.6777222
2024-05-24,1.1,14183020,"NORTH SANTIAM RIVER BLW STOUT CREEK, NR MEHAMA, OR",44.7782222,-122.6777222
2024-05-25,1.4,14183020,"NORTH SANTIAM RIVER BLW STOUT CREEK, NR MEHAMA, OR",44.7782222,-122.6777222
2024-05-26,1.3,14183020,"NORTH SANTIAM RIVER BLW STOUT CREEK, NR MEHAMA, OR",44.7782222,-122.6777222
2024-05-27,1.3,14183020,"NORTH SANTIAM RIVER BLW STOUT CREEK, NR MEHAMA, OR",44.7782222,-122.6777222
2024-05-28,1.1,14183020,"NORTH SANTIAM RIVER BLW STOUT CREEK, NR MEHAMA, OR",44.7782222,-122.6777222
2024-05-29,1.2,14183020,"NORTH SANTIAM RIVER BLW STOUT CREEK, NR MEHAMA, OR",44.7782222,-122.6777222
2024-05-30,1.1,14183020,"NORTH SANTIAM RIVER BLW STOUT CREEK, NR MEHAMA, OR",44.7782222,-122.6777222
2024-05-31,1.1,14183020,"NORTH SANTIAM RIVER BLW STOUT CREEK, NR MEHAMA, OR",44.7782222,-122.6777222
2024-06-01,1.1,14183020,"NORTH SANTIAM RIVER BLW STOUT CREEK, NR MEHAMA, OR",44.7782222,-122.6777222
2024-06-02,6.7,14183020,"NORTH SANTIAM RIVER BLW STOUT CREEK, NR MEHAMA, OR",44.7782222,-122.6777222
2024-06-03,24.5,14183020,"NORTH SANTIAM RIVER BLW STOUT CREEK, NR MEHAMA, OR",44.7782222,-122.6777222
2024-06-04,4.0,14183020,"NORTH SANTIAM RIVER BLW STOUT CREEK, NR MEHAMA, OR",44.7782222,-122.6777222
2024-06-05,2.4,14183020,"NORTH SANTIAM RIVER BLW STOUT CREEK, NR MEHAMA, OR",44.7782222,-122.6777222
2024-06-06,1.6,14183020,"NORTH SANTIAM RIVER BLW STOUT CREEK, NR MEHAMA, OR",44.7782222,-122.6777222
2024-06-07,1.3,14183020,"NORTH SANTIAM RIVER BLW STOUT CREEK, NR MEHAMA, OR",44.7782222,-122.6777222
2024-06-08,1.2,14183020,"NORTH SANTIAM RIVER BLW STOUT CREEK, NR MEHAMA, OR",44.7782222,-122.6777222
2024-06-09,1.1,14183020,"NORTH SANTIAM RIVER BLW STOUT CREEK, NR MEHAMA, OR",44.7782222,-122.6777222
2024-06-10,1.1,14183020,"NORTH SANTIAM RIVER BLW STOUT CREEK, NR MEHAMA, OR",44.7782222,-122.6777222
2024-06-11,1.0,14183020,"NORTH SANTIAM RIVER BLW STOUT CREEK, NR MEHAMA, OR",44.7782222,-122.6777222
2024-06-12,1.0,14183020,"NORTH SANTIAM RIVER BLW STOUT CREEK, NR MEHAMA, OR",44.7782222,-122.6777222
2024-06-13,1.0,14183020,"NORTH SANTIAM RIVER BLW STOUT CREEK, NR MEHAMA, OR",44.7782222,-122.6777222
2024-06-14,0.9,14183020,"NORTH SANTIAM RIVER BLW STOUT CREEK, NR MEHAMA, OR",44.7782222,-122.6777222
2024-06-15,1.0,14183020,"NORTH SANTIAM RIVER BLW STOUT CREEK, NR MEHAMA, OR",44.7782222,-122.6777222
2024-06-16,1.0,14183020,"NORTH SANTIAM RIVER BLW STOUT CREEK, NR MEHAMA, OR",44.7782222,-122.6777222
2024-06-17,1.1,14183020,"NORTH SANTIAM RIVER BLW STOUT CREEK, NR MEHAMA, OR",44.7782222,-122.6777222
2024-06-18,1.1,14183020,"NORTH SANTIAM RIVER BLW STOUT CREEK, NR MEHAMA, OR",44.7782222,-122.6777222
2024-06-19,1.1,14183020,"NORTH SANTIAM RIVER BLW STOUT CREEK, NR MEHAMA, OR",44.7782222,-122.6777222
2024-06-20,1.1,14183020,"NORTH SANTIAM RIVER BLW STOUT CREEK, NR MEHAMA, OR",44.7782222,-122.6777222
2024-06-21,1.2,14183020,"NORTH SANTIAM RIVER BLW STOUT CREEK, NR MEHAMA, OR",44.7782222,-122.6777222
2024-06-22,1.2,14183020,"NORTH SANTIAM RIVER BLW STOUT CREEK, NR MEHAMA, OR",44.7782222,-122.6777222
2024-06-23,1.3,14183020,"NORTH SANTIAM RIVER BLW STOUT CREEK, NR MEHAMA, OR",44.7782222,-122.6777222
2024-06-24,1.2,14183020,"NORTH SANTIAM RIVER BLW STOUT CREEK, NR MEHAMA, OR",44.7782222,-122.6777222
2024-06-25,1.2,14183020,"NORTH SANTIAM RIVER BLW STOUT CREEK, NR MEHAMA, OR",44.7782222,-122.6777222
2024-06-26,1.2,14183020,"NORTH SANTIAM RIVER BLW STOUT CREEK, NR MEHAMA, OR",44.7782222,-122.6777222
2024-06-27,1.3,14183020,"NORTH SANTIAM RIVER BLW STOUT CREEK, NR MEHAMA, OR",44.7782222,-122.6777222
2024-06-28,1.5,14183020,"NORTH SANTIAM RIVER BLW STOUT CREEK, NR MEHAMA, OR",44.7782222,-122.6777222
2024-06-29,1.4,14183020,"NORTH SANTIAM RIVER BLW STOUT CREEK, NR MEHAMA, OR",44.7782222,-122.6777222
2024-06-30,1.4,14183020,"NORTH SANTIAM RIVER BLW STOUT CREEK, NR MEHAMA, OR",44.7782222,-122.6777222
2024-07-01,1.5,14183020,"NORTH SANTIAM RIVER BLW STOUT CREEK, NR MEHAMA, OR",44.7782222,-122.6777222
2024-07-02,1.5,14183020,"NORTH SANTIAM RIVER BLW STOUT CREEK, NR MEHAMA, OR",44.7782222,-122.6777222
2024-07-03,1.4,14183020,"NORTH SANTIAM RIVER BLW STOUT CREEK, NR MEHAMA, OR",44.7782222,-122.6777222
2024-07-04,1.6,14183020,"NORTH SANTIAM RIVER BLW STOUT CREEK, NR MEHAMA, OR",44.7782222,-122.6777222
2024-07-05,1.6,14183020,"NORTH SANTIAM RIVER BLW STOUT CREEK, NR MEHAMA, OR",44.7782222,-122.6777222
2024-07-06,1.5,14183020,"NORTH SANTIAM RIVER BLW STOUT CREEK, NR MEHAMA, OR",44.7782222,-122.6777222
2024-07-07,1.4,14183020,"NORTH SANTIAM RIVER BLW STOUT CREEK, NR MEHAMA, OR",44.7782222,-122.6777222
2024-07-08,1.4,14183020,"NORTH SANTIAM RIVER BLW STOUT CREEK, NR MEHAMA, OR",44.7782222,-122.6777222
2024-07-09,1.4,14183020,"NORTH SANTIAM RIVER BLW STOUT CREEK, NR MEHAMA, OR",44.7782222,-122.6777222
2024-07-10,1.2,14183020,"NORTH SANTIAM RIVER BLW STOUT CREEK, NR MEHAMA, OR",44.7782222,-122.6777222
2024-07-11,1.3,14183020,"NORTH SANTIAM RIVER BLW STOUT CREEK, NR MEHAMA, OR",44.7782222,-122.6777222
2024-07-12,1.5,14183020,"NORTH SANTIAM RIVER BLW STOUT CREEK, NR MEHAMA, OR",44.7782222,-122.6777222
2024-07-13,2.1,14183020,"NORTH SANTIAM RIVER BLW STOUT CREEK, NR MEHAMA, OR",44.7782222,-122.6777222
2024-07-14,2.4,14183020,"NORTH SANTIAM RIVER BLW STOUT CREEK, NR MEHAMA, OR",44.7782222,-122.6777222
2024-07-15,2.6,14183020,"NORTH SANTIAM RIVER BLW STOUT CREEK, NR MEHAMA, OR",44.7782222,-122.6777222
2024-07-16,2.4,14183020,"NORTH SANTIAM RIVER BLW STOUT CREEK, NR MEHAMA, OR",44.7782222,-122.6777222
2024-07-17,2.2,14183020,"NORTH SANTIAM RIVER BLW STOUT CREEK, NR MEHAMA, OR",44.7782222,-122.6777222
2024-07-18,1.9,14183020,"NORTH SANTIAM RIVER BLW STOUT CREEK, NR MEHAMA, OR",44.7782222,-122.6777222
2024-07-19,1.9,14183020,"NORTH SANTIAM RIVER BLW STOUT CREEK, NR MEHAMA, OR",44.7782222,-122.6777222
2024-07-20,1.7,14183020,"NORTH SANTIAM RIVER BLW STOUT CREEK, NR MEHAMA, OR",44.7782222,-122.6777222
2024-07-21,1.7,14183020,"NORTH SANTIAM RIVER BLW STOUT CREEK, NR MEHAMA, OR",44.7782222,-122.6777222
2024-07-22,1.8,14183020,"NORTH SANTIAM RIVER BLW STOUT CREEK, NR MEHAMA, OR",44.7782222,-122.6777222
2024-07-23,1.7,14183020,"NORTH SANTIAM RIVER BLW STOUT CREEK, NR MEHAMA, OR",44.7782222,-122.6777222
2024-07-24,1.5,14183020,"NORTH SANTIAM RIVER BLW STOUT CREEK, NR MEHAMA, OR",44.7782222,-122.6777222
2024-07-25,1.4,14183020,"NORTH SANTIAM RIVER BLW STOUT CREEK, NR MEHAMA, OR",44.7782222,-122.6777222
2024-07-26,1.5,14183020,"NORTH SANTIAM RIVER BLW STOUT CREEK, NR MEHAMA, OR",44.7782222,-122.6777222
2024-07-27,1.4,14183020,"NORTH SANTIAM RIVER BLW STOUT CREEK, NR MEHAMA, OR",44.7782222,-122.6777222
2024-07-28,1.5,14183020,"NORTH SANTIAM RIVER BLW STOUT CREEK, NR MEHAMA, OR",44.7782222,-122.6777222
2024-07-29,1.5,14183020,"NORTH SANTIAM RIVER BLW STOUT CREEK, NR MEHAMA, OR",44.7782222,-122.6777222
2024-07-30,1.7,14183020,"NORTH SANTIAM RIVER BLW STOUT CREEK, NR MEHAMA, OR",44.7782222,-122.6777222
2024-07-31,1.6,14183020,"NORTH SANTIAM RIVER BLW STOUT CREEK, NR MEHAMA, OR",44.7782222,-122.6777222
2024-08-01,1.4,14183020,"NORTH SANTIAM RIVER BLW STOUT CREEK, NR MEHAMA, OR",44.7782222,-122.6777222
2024-08-02,1.3,14183020,"NORTH SANTIAM RIVER BLW STOUT CREEK, NR MEHAMA, OR",44.7782222,-122.6777222
2024-08-03,1.5,14183020,"NORTH SANTIAM RIVER BLW STOUT CREEK, NR MEHAMA, OR",44.7782222,-122.6777222
2024-08-04,1.5,14183020,"NORTH SANTIAM RIVER BLW STOUT CREEK, NR MEHAMA, OR",44.7782222,-122.6777222
2024-08-05,1.5,14183020,"NORTH SANTIAM RIVER BLW STOUT CREEK, NR MEHAMA, OR",44.7782222,-122.6777222
2024-08-06,1.6,14183020,"NORTH SANTIAM RIVER BLW STOUT CREEK, NR MEHAMA, OR",44.7782222,-122.6777222
2024-08-07,1.5,14183020,"NORTH SANTIAM RIVER BLW STOUT CREEK, NR MEHAMA, OR",44.7782222,-122.6777222
2024-08-08,1.9,14183020,"NORTH SANTIAM RIVER BLW STOUT CREEK, NR MEHAMA, OR",44.7782222,-122.6777222
2024-08-09,1.4,14183020,"NORTH SANTIAM RIVER BLW STOUT CREEK, NR MEHAMA, OR",44.7782222,-122.6777222
2024-08-10,1.5,14183020,"NORTH SANTIAM RIVER BLW STOUT CREEK, NR MEHAMA, OR",44.7782222,-122.6777222
2024-08-11,1.6,14183020,"NORTH SANTIAM RIVER BLW STOUT CREEK, NR MEHAMA, OR",44.7782222,-122.6777222
2024-08-12,1.6,14183020,"NORTH SANTIAM RIVER BLW STOUT CREEK, NR MEHAMA, OR",44.7782222,-122.6777222
2024-08-13,1.7,14183020,"NORTH SANTIAM RIVER BLW STOUT CREEK, NR MEHAMA, OR",44.7782222,-122.6777222
2024-08-14,1.6,14183020,"NORTH SANTIAM RIVER BLW STOUT CREEK, NR MEHAMA, OR",44.7782222,-122.6777222
2024-08-15,1.4,14183020,"NORTH SANTIAM RIVER BLW STOUT CREEK, NR MEHAMA, OR",44.7782222,-122.6777222
2024-08-16,1.4,14183020,"NORTH SANTIAM RIVER BLW STOUT CREEK, NR MEHAMA, OR",44.7782222,-122.6777222
2024-08-17,1.2,14183020,"NORTH SANTIAM RIVER BLW STOUT CREEK, NR MEHAMA, OR",44.7782222,-122.6777222
2024-08-18,1.5,14183020,"NORTH SANTIAM RIVER BLW STOUT CREEK, NR MEHAMA, OR",44.7782222,-122.6777222
2024-08-19,1.3,14183020,"NORTH SANTIAM RIVER BLW STOUT CREEK, NR MEHAMA, OR",44.7782222,-122.6777222
2024-08-20,1.2,14183020,"NORTH SANTIAM RIVER BLW STOUT CREEK, NR MEHAMA, OR",44.7782222,-122.6777222
2024-08-21,1.2,14183020,"NORTH SANTIAM RIVER BLW STOUT CREEK, NR MEHAMA, OR",44.7782222,-122.6777222
2024-08-22,1.2,14183020,"NORTH SANTIAM RIVER BLW STOUT CREEK, NR MEHAMA, OR",44.7782222,-122.6777222
2024-08-23,1.2,14183020,"NORTH SANTIAM RIVER BLW STOUT CREEK, NR MEHAMA, OR",44.7782222,-122.6777222
2024-08-24,1.2,14183020,"NORTH SANTIAM RIVER BLW STOUT CREEK, NR MEHAMA, OR",44.7782222,-122.6777222
2024-08-25,1.1,14183020,"NORTH SANTIAM RIVER BLW STOUT CREEK, NR MEHAMA, OR",44.7782222,-122.6777222
2024-08-26,1.0,14183020,"NORTH SANTIAM RIVER BLW STOUT CREEK, NR MEHAMA, OR",44.7782222,-122.6777222
2024-08-27,0.9,14183020,"NORTH SANTIAM RIVER BLW STOUT CREEK, NR MEHAMA, OR",44.7782222,-122.6777222
2024-08-28,0.8,14183020,"NORTH SANTIAM RIVER BLW STOUT CREEK, NR MEHAMA, OR",44.7782222,-122.6777222
2024-08-29,0.9,14183020,"NORTH SANTIAM RIVER BLW STOUT CREEK, NR MEHAMA, OR",44.7782222,-122.6777222
2024-08-30,0.7,14183020,"NORTH SANTIAM RIVER BLW STOUT CREEK, NR MEHAMA, OR",44.7782222,-122.6777222
2024-08-31,0.6,14183020,"NORTH SANTIAM RIVER BLW STOUT CREEK, NR MEHAMA, OR",44.7782222,-122.6777222
2024-09-01,0.6,14183020,"NORTH SANTIAM RIVER BLW STOUT CREEK, NR MEHAMA, OR",44.7782222,-122.6777222
2024-09-02,0.6,14183020,"NORTH SANTIAM RIVER BLW STOUT CREEK, NR MEHAMA, OR",44.7782222,-122.6777222
2024-09-03,1.0,14183020,"NORTH SANTIAM RIVER BLW STOUT CREEK, NR MEHAMA, OR",44.7782222,-122.6777222
2024-09-04,1.3,14183020,"NORTH SANTIAM RIVER BLW STOUT CREEK, NR MEHAMA, OR",44.7782222,-122.6777222
2024-09-05,1.2,14183020,"NORTH SANTIAM RIVER BLW STOUT CREEK, NR MEHAMA, OR",44.7782222,-122.6777222
2024-09-06,0.8,14183020,"NORTH SANTIAM RIVER BLW STOUT CREEK, NR MEHAMA, OR",44.7782222,-122.6777222
2024-09-07,0.8,14183020,"NORTH SANTIAM RIVER BLW STOUT CREEK, NR MEHAMA, OR",44.7782222,-122.6777222
2024-09-08,0.6,14183020,"NORTH SANTIAM RIVER BLW STOUT CREEK, NR MEHAMA, OR",44.7782222,-122.6777222
2024-09-09,0.6,14183020,"NORTH SANTIAM RIVER BLW STOUT CREEK, NR MEHAMA, OR",44.7782222,-122.6777222
2024-09-10,0.6,14183020,"NORTH SANTIAM RIVER BLW STOUT CREEK, NR MEHAMA, OR",44.7782222,-122.6777222
2024-09-11,0.6,14183020,"NORTH SANTIAM RIVER BLW STOUT CREEK, NR MEHAMA, OR",44.7782222,-122.6777222
2024-09-12,0.6,14183020,"NORTH SANTIAM RIVER BLW STOUT CREEK, NR MEHAMA, OR",44.7782222,-122.6777222
2024-09-13,0.6,14183020,"NORTH SANTIAM RIVER BLW STOUT CREEK, NR MEHAMA, OR",44.7782222,-122.6777222
2024-09-14,0.6,14183020,"NORTH SANTIAM RIVER BLW STOUT CREEK, NR MEHAMA, OR",44.7782222,-122.6777222
2024-09-15,0.6,14183020,"NORTH SANTIAM RIVER BLW STOUT CREEK, NR MEHAMA, OR",44.7782222,-122.6777222
2024-09-16,0.6,14183020,"NORTH SANTIAM RIVER BLW STOUT CREEK, NR MEHAMA, OR",44.7782222,-122.6777222
2024-09-17,0.8,14183020,"NORTH SANTIAM RIVER BLW STOUT CREEK, NR MEHAMA, OR",44.7782222,-122.6777222
2024-09-18,0.8,14183020,"NORTH SANTIAM RIVER BLW STOUT CREEK, NR MEHAMA, OR",44.7782222,-122.6777222
2024-09-19,0.8,14183020,"NORTH SANTIAM RIVER BLW STOUT CREEK, NR MEHAMA, OR",44.7782222,-122.6777222
2024-09-20,1.0,14183020,"NORTH SANTIAM RIVER BLW STOUT CREEK, NR MEHAMA, OR",44.7782222,-122.6777222
2024-09-21,0.6,14183020,"NORTH SANTIAM RIVER BLW STOUT CREEK, NR MEHAMA, OR",44.7782222,-122.6777222
2024-09-22,0.7,14183020,"NORTH SANTIAM RIVER BLW STOUT CREEK, NR MEHAMA, OR",44.7782222,-122.6777222
2024-09-23,0.7,14183020,"NORTH SANTIAM RIVER BLW STOUT CREEK, NR MEHAMA, OR",44.7782222,-122.6777222
2024-09-24,0.8,14183020,"NORTH SANTIAM RIVER BLW STOUT CREEK, NR MEHAMA, OR",44.7782222,-122.6777222
2024-09-25,0.8,14183020,"NORTH SANTIAM RIVER BLW STOUT CREEK, NR MEHAMA, OR",44.7782222,-122.6777222
2024-09-26,0.9,14183020,"NORTH SANTIAM RIVER BLW STOUT CREEK, NR MEHAMA, OR",44.7782222,-122.6777222
2024-09-27,0.8,14183020,"NORTH SANTIAM RIVER BLW STOUT CREEK, NR MEHAMA, OR",44.7782222,-122.6777222
2024-09-28,0.8,14183020,"NORTH SANTIAM RIVER BLW STOUT CREEK, NR MEHAMA, OR",44.7782222,-122.6777222
2024-09-29,0.8,14183020,"NORTH SANTIAM RIVER BLW STOUT CREEK, NR MEHAMA, OR",44.7782222,-122.6777222
2024-09-30,1.0,14183020,"NORTH SANTIAM RIVER BLW STOUT CREEK, NR MEHAMA, OR",44.7782222,-122.6777222
2024-08-08,0.9,14185000,"SOUTH SANTIAM RIVER BELOW CASCADIA, OR",44.39179225,-122.4975817
2024-08-10,1.1,14185000,"SOUTH SANTIAM RIVER BELOW CASCADIA, OR",44.39179225,-122.4975817
2024-08-11,1.4,14185000,"SOUTH SANTIAM RIVER BELOW CASCADIA, OR",44.39179225,-122.4975817
2024-08-12,0.7,14185000,"SOUTH SANTIAM RIVER BELOW CASCADIA, OR",44.39179225,-122.4975817
2024-08-13,0.4,14185000,"SOUTH SANTIAM RIVER BELOW CASCADIA, OR",44.39179225,-122.4975817
2024-08-14,0.5,14185000,"SOUTH SANTIAM RIVER BELOW CASCADIA, OR",44.39179225,-122.4975817
2024-08-15,0.5,14185000,"SOUTH SANTIAM RIVER BELOW CASCADIA, OR",44.39179225,-122.4975817
2024-08-16,0.6,14185000,"SOUTH SANTIAM RIVER BELOW CASCADIA, OR",44.39179225,-122.4975817
2024-08-17,0.4,14185000,"SOUTH SANTIAM RIVER BELOW CASCADIA, OR",44.39179225,-122.4975817
2024-08-18,0.2,14185000,"SOUTH SANTIAM RIVER BELOW CASCADIA, OR",44.39179225,-122.4975817
2024-08-19,0.4,14185000,"SOUTH SANTIAM RIVER BELOW CASCADIA, OR",44.39179225,-122.4975817
2024-08-20,0.3,14185000,"SOUTH SANTIAM RIVER BELOW CASCADIA, OR",44.39179225,-122.4975817
2024-08-21,0.4,14185000,"SOUTH SANTIAM RIVER BELOW CASCADIA, OR",44.39179225,-122.4975817
2024-08-22,0.1,14185000,"SOUTH SANTIAM RIVER BELOW CASCADIA, OR",44.39179225,-122.4975817
2024-08-23,0.1,14185000,"SOUTH SANTIAM RIVER BELOW CASCADIA, OR",44.39179225,-122.4975817
2024-08-25,0.3,14185000,"SOUTH SANTIAM RIVER BELOW CASCADIA, OR",44.39179225,-122.4975817
2024-08-27,0.5,14185000,"SOUTH SANTIAM RIVER BELOW CASCADIA, OR",44.39179225,-122.4975817
2024-08-28,0.5,14185000,"SOUTH SANTIAM RIVER BELOW CASCADIA, OR",44.39179225,-122.4975817
2024-08-29,0.3,14185000,"SOUTH SANTIAM RIVER BELOW CASCADIA, OR",44.39179225,-122.4975817
2024-08-30,0.5,14185000,"SOUTH SANTIAM RIVER BELOW CASCADIA, OR",44.39179225,-122.4975817
2024-08-31,0.4,14185000,"SOUTH SANTIAM RIVER BELOW CASCADIA, OR",44.39179225,-122.4975817
2024-09-01,0.5,14185000,"SOUTH SANTIAM RIVER BELOW CASCADIA, OR",44.39179225,-122.4975817
2024-09-02,0.4,14185000,"SOUTH SANTIAM RIVER BELOW CASCADIA, OR",44.39179225,-122.4975817
2024-09-03,0.4,14185000,"SOUTH SANTIAM RIVER BELOW CASCADIA, OR",44.39179225,-122.4975817
2024-09-04,0.5,14185000,"SOUTH SANTIAM RIVER BELOW CASCADIA, OR",44.39179225,-122.4975817
2024-09-05,0.5,14185000,"SOUTH SANTIAM RIVER BELOW CASCADIA, OR",44.39179225,-122.4975817
2024-09-06,0.5,14185000,"SOUTH SANTIAM RIVER BELOW CASCADIA, OR",44.39179225,-122.4975817
2024-09-07,0.5,14185000,"SOUTH SANTIAM RIVER BELOW CASCADIA, OR",44.39179225,-122.4975817
2024-09-08,0.6,14185000,"SOUTH SANTIAM RIVER BELOW CASCADIA, OR",44.39179225,-122.4975817
2024-09-09,0.6,14185000,"SOUTH SANTIAM RIVER BELOW CASCADIA, OR",44.39179225,-122.4975817
2024-09-10,0.7,14185000,"SOUTH SANTIAM RIVER BELOW CASCADIA, OR",44.39179225,-122.4975817
2024-09-11,0.3,14185000,"SOUTH SANTIAM RIVER BELOW CASCADIA, OR",44.39179225,-122.4975817
2024-09-12,0.1,14185000,"SOUTH SANTIAM RIVER BELOW CASCADIA, OR",44.39179225,-122.4975817
2024-09-13,0.1,14185000,"SOUTH SANTIAM RIVER BELOW CASCADIA, OR",44.39179225,-122.4975817
2024-09-14,0.1,14185000,"SOUTH SANTIAM RIVER BELOW CASCADIA, OR",44.39179225,-122.4975817
2024-09-15,0.4,14185000,"SOUTH SANTIAM RIVER BELOW CASCADIA, OR",44.39179225,-122.4975817
2024-09-16,0.0,14185000,"SOUTH SANTIAM RIVER BELOW CASCADIA, OR",44.39179225,-122.4975817
2024-09-17,0.0,14185000,"SOUTH SANTIAM RIVER BELOW CASCADIA, OR",44.39179225,-122.4975817
2024-09-18,0.6,14185000,"SOUTH SANTIAM RIVER BELOW CASCADIA, OR",44.39179225,-122.4975817
2024-09-19,0.2,14185000,"SOUTH SANTIAM RIVER BELOW CASCADIA, OR",44.39179225,-122.4975817
2024-09-20,0.3,14185000,"SOUTH SANTIAM RIVER BELOW CASCADIA, OR",44.39179225,-122.4975817
2024-09-21,0.4,14185000,"SOUTH SANTIAM RIVER BELOW CASCADIA, OR",44.39179225,-122.4975817
2024-09-22,0.2,14185000,"SOUTH SANTIAM RIVER BELOW CASCADIA, OR",44.39179225,-122.4975817
2024-09-23,0.3,14185000,"SOUTH SANTIAM RIVER BELOW CASCADIA, OR",44.39179225,-122.4975817
2024-09-24,0.2,14185000,"SOUTH SANTIAM RIVER BELOW CASCADIA, OR",44.39179225,-122.4975817
2024-09-25,0.6,14185000,"SOUTH SANTIAM RIVER BELOW CASCADIA, OR",44.39179225,-122.4975817
2024-09-26,0.7,14185000,"SOUTH SANTIAM RIVER BELOW CASCADIA, OR",44.39179225,-122.4975817
2024-09-27,0.5,14185000,"SOUTH SANTIAM RIVER BELOW CASCADIA, OR",44.39179225,-122.4975817
2024-09-28,0.6,14185000,"SOUTH SANTIAM RIVER BELOW CASCADIA, OR",44.39179225,-122.4975817
2024-09-29,0.3,14185000,"SOUTH SANTIAM RIVER BELOW CASCADIA, OR",44.39179225,-122.4975817
2024-09-30,0.4,14185000,"SOUTH SANTIAM RIVER BELOW CASCADIA, OR",44.39179225,-122.4975817
2024-08-07,0.5,14185900,"QUARTZVILLE CREEK NEAR CASCADIA, OR",44.54012357,-122.4359155
2024-08-08,0.9,14185900,"QUARTZVILLE CREEK NEAR CASCADIA, OR",44.54012357,-122.4359155
2024-08-09,0.7,14185900,"QUARTZVILLE CREEK NEAR CASCADIA, OR",44.54012357,-122.4359155
2024-08-10,1.0,14185900,"QUARTZVILLE CREEK NEAR CASCADIA, OR",44.54012357,-122.4359155
2024-08-11,0.4,14185900,"QUARTZVILLE CREEK NEAR CASCADIA, OR",44.54012357,-122.4359155
2024-08-12,0.4,14185900,"QUARTZVILLE CREEK NEAR CASCADIA, OR",44.54012357,-122.4359155
2024-08-13,0.4,14185900,"QUARTZVILLE CREEK NEAR CASCADIA, OR",44.54012357,-122.4359155
2024-08-14,0.6,14185900,"QUARTZVILLE CREEK NEAR CASCADIA, OR",44.54012357,-122.4359155
2024-08-15,0.3,14185900,"QUARTZVILLE CREEK NEAR CASCADIA, OR",44.54012357,-122.4359155
2024-08-16,2.1,14185900,"QUARTZVILLE CREEK NEAR CASCADIA, OR",44.54012357,-122.4359155
2024-08-17,2.1,14185900,"QUARTZVILLE CREEK NEAR CASCADIA, OR",44.54012357,-122.4359155
2024-08-18,0.9,14185900,"QUARTZVILLE CREEK NEAR CASCADIA, OR",44.54012357,-122.4359155
2024-08-19,0.3,14185900,"QUARTZVILLE CREEK NEAR CASCADIA, OR",44.54012357,-122.4359155
2024-08-20,0.4,14185900,"QUARTZVILLE CREEK NEAR CASCADIA, OR",44.54012357,-122.4359155
2024-08-21,0.3,14185900,"QUARTZVILLE CREEK NEAR CASCADIA, OR",44.54012357,-122.4359155
2024-08-22,0.4,14185900,"QUARTZVILLE CREEK NEAR CASCADIA, OR",44.54012357,-122.4359155
2024-08-23,1.1,14185900,"QUARTZVILLE CREEK NEAR CASCADIA, OR",44.54012357,-122.4359155
2024-08-24,0.4,14185900,"QUARTZVILLE CREEK NEAR CASCADIA, OR",44.54012357,-122.4359155
2024-08-25,1.8,14185900,"QUARTZVILLE CREEK NEAR CASCADIA, OR",44.54012357,-122.4359155
2024-08-26,2.4,14185900,"QUARTZVILLE CREEK NEAR CASCADIA, OR",44.54012357,-122.4359155
2024-08-27,0.7,14185900,"QUARTZVILLE CREEK NEAR CASCADIA, OR",44.54012357,-122.4359155
2024-08-28,1.1,14185900,"QUARTZVILLE CREEK NEAR CASCADIA, OR",44.54012357,-122.4359155
2024-08-29,0.4,14185900,"QUARTZVILLE CREEK NEAR CASCADIA, OR",44.54012357,-122.4359155
2024-08-30,1.4,14185900,"QUARTZVILLE CREEK NEAR CASCADIA, OR",44.54012357,-122.4359155
2024-08-31,0.4,14185900,"QUARTZVILLE CREEK NEAR CASCADIA, OR",44.54012357,-122.4359155
2024-09-01,0.9,14185900,"QUARTZVILLE CREEK NEAR CASCADIA, OR",44.54012357,-122.4359155
2024-09-02,0.6,14185900,"QUARTZVILLE CREEK NEAR CASCADIA, OR",44.54012357,-122.4359155
2024-09-03,0.8,14185900,"QUARTZVILLE CREEK NEAR CASCADIA, OR",44.54012357,-122.4359155
2024-09-04,0.5,14185900,"QUARTZVILLE CREEK NEAR CASCADIA, OR",44.54012357,-122.4359155
2024-09-05,0.8,14185900,"QUARTZVILLE CREEK NEAR CASCADIA, OR",44.54012357,-122.4359155
2024-09-06,1.0,14185900,"QUARTZVILLE CREEK NEAR CASCADIA, OR",44.54012357,-122.4359155
2024-09-07,0.4,14185900,"QUARTZVILLE CREEK NEAR CASCADIA, OR",44.54012357,-122.4359155
2024-09-08,0.7,14185900,"QUARTZVILLE CREEK NEAR CASCADIA, OR",44.54012357,-122.4359155
2024-09-09,0.9,14185900,"QUARTZVILLE CREEK NEAR CASCADIA, OR",44.54012357,-122.4359155
2024-09-10,0.7,14185900,"QUARTZVILLE CREEK NEAR CASCADIA, OR",44.54012357,-122.4359155
2024-09-11,2.0,14185900,"QUARTZVILLE CREEK NEAR CASCADIA, OR",44.54012357,-122.4359155
2024-09-12,1.7,14185900,"QUARTZVILLE CREEK NEAR CASCADIA, OR",44.54012357,-122.4359155
2024-09-13,1.7,14185900,"QUARTZVILLE CREEK NEAR CASCADIA, OR",44.54012357,-122.4359155
2024-09-14,0.8,14185900,"QUARTZVILLE CREEK NEAR CASCADIA, OR",44.54012357,-122.4359155
2024-09-15,1.4,14185900,"QUARTZVILLE CREEK NEAR CASCADIA, OR",44.54012357,-122.4359155
2024-09-16,0.3,14185900,"QUARTZVILLE CREEK NEAR CASCADIA, OR",44.54012357,-122.4359155
2024-09-17,1.2,14185900,"QUARTZVILLE CREEK NEAR CASCADIA, OR",44.54012357,-122.4359155
2024-09-18,1.8,14185900,"QUARTZVILLE CREEK NEAR CASCADIA, OR",44.54012357,-122.4359155
2024-09-19,0.4,14185900,"QUARTZVILLE CREEK NEAR CASCADIA, OR",44.54012357,-122.4359155
2024-09-20,1.7,14185900,"QUARTZVILLE CREEK NEAR CASCADIA, OR",44.54012357,-122.4359155
2024-09-21,1.7,14185900,"QUARTZVILLE CREEK NEAR CASCADIA, OR",44.54012357,-122.4359155
2024-09-22,1.7,14185900,"QUARTZVILLE CREEK NEAR CASCADIA, OR",44.54012357,-122.4359155
2024-09-23,0.8,14185900,"QUARTZVILLE CREEK NEAR CASCADIA, OR",44.54012357,-122.4359155
2024-09-24,1.7,14185900,"QUARTZVILLE CREEK NEAR CASCADIA, OR",44.54012357,-122.4359155
2024-09-25,6.5,14185900,"QUARTZVILLE CREEK NEAR CASCADIA, OR",44.54012357,-122.4359155
2024-09-26,0.4,14185900,"QUARTZVILLE CREEK NEAR CASCADIA, OR",44.54012357,-122.4359155
2024-09-27,1.1,14185900,"QUARTZVILLE CREEK NEAR CASCADIA, OR",44.54012357,-122.4359155
2024-09-28,1.0,14185900,"QUARTZVILLE CREEK NEAR CASCADIA, OR",44.54012357,-122.4359155
2024-09-29,0.5,14185900,"QUARTZVILLE CREEK NEAR CASCADIA, OR",44.54012357,-122.4359155
2024-09-30,0.3,14185900,"QUARTZVILLE CREEK NEAR CASCADIA, OR",44.54012357,-122.4359155
2024-01-01,51.0,14186200,"MIDDLE SANTIAM R BLW GREEN PETER DAM NR FOSTER, OR",44.44818005,-122.5503613
2024-01-02,56.7,14186200,"MIDDLE SANTIAM R BLW GREEN PETER DAM NR FOSTER, OR",44.44818005,-122.5503613
2024-01-03,60.5,14186200,"MIDDLE SANTIAM R BLW GREEN PETER DAM NR FOSTER, OR",44.44818005,-122.5503613
2024-01-04,53.0,14186200,"MIDDLE SANTIAM R BLW GREEN PETER DAM NR FOSTER, OR",44.44818005,-122.5503613
2024-01-05,55.0,14186200,"MIDDLE SANTIAM R BLW GREEN PETER DAM NR FOSTER, OR",44.44818005,-122.5503613
2024-01-06,44.8,14186200,"MIDDLE SANTIAM R BLW GREEN PETER DAM NR FOSTER, OR",44.44818005,-122.5503613
2024-01-07,44.7,14186200,"MIDDLE SANTIAM R BLW GREEN PETER DAM NR FOSTER, OR",44.44818005,-122.5503613
2024-01-08,45.7,14186200,"MIDDLE SANTIAM R BLW GREEN PETER DAM NR FOSTER, OR",44.44818005,-122.5503613
2024-01-09,47.0,14186200,"MIDDLE SANTIAM R BLW GREEN PETER DAM NR FOSTER, OR",44.44818005,-122.5503613
2024-01-10,31.5,14186200,"MIDDLE SANTIAM R BLW GREEN PETER DAM NR FOSTER, OR",44.44818005,-122.5503613
2024-01-11,34.8,14186200,"MIDDLE SANTIAM R BLW GREEN PETER DAM NR FOSTER, OR",44.44818005,-122.5503613
2024-01-12,35.7,14186200,"MIDDLE SANTIAM R BLW GREEN PETER DAM NR FOSTER, OR",44.44818005,-122.5503613
2024-01-13,34.8,14186200,"MIDDLE SANTIAM R BLW GREEN PETER DAM NR FOSTER, OR",44.44818005,-122.5503613
2024-01-14,34.1,14186200,"MIDDLE SANTIAM R BLW GREEN PETER DAM NR FOSTER, OR",44.44818005,-122.5503613
2024-01-15,37.4,14186200,"MIDDLE SANTIAM R BLW GREEN PETER DAM NR FOSTER, OR",44.44818005,-122.5503613
2024-01-16,32.6,14186200,"MIDDLE SANTIAM R BLW GREEN PETER DAM NR FOSTER, OR",44.44818005,-122.5503613
2024-01-17,33.6,14186200,"MIDDLE SANTIAM R BLW GREEN PETER DAM NR FOSTER, OR",44.44818005,-122.5503613
2024-01-18,31.0,14186200,"MIDDLE SANTIAM R BLW GREEN PETER DAM NR FOSTER, OR",44.44818005,-122.5503613
2024-01-19,27.1,14186200,"MIDDLE SANTIAM R BLW GREEN PETER DAM NR FOSTER, OR",44.44818005,-122.5503613
2024-01-20,23.7,14186200,"MIDDLE SANTIAM R BLW GREEN PETER DAM NR FOSTER, OR",44.44818005,-122.5503613
2024-01-21,23.2,14186200,"MIDDLE SANTIAM R BLW GREEN PETER DAM NR FOSTER, OR",44.44818005,-122.5503613
2024-01-22,24.3,14186200,"MIDDLE SANTIAM R BLW GREEN PETER DAM NR FOSTER, OR",44.44818005,-122.5503613
2024-01-23,24.6,14186200,"MIDDLE SANTIAM R BLW GREEN PETER DAM NR FOSTER, OR",44.44818005,-122.5503613
2024-01-24,25.7,14186200,"MIDDLE SANTIAM R BLW GREEN PETER DAM NR FOSTER, OR",44.44818005,-122.5503613
2024-01-25,26.3,14186200,"MIDDLE SANTIAM R BLW GREEN PETER DAM NR FOSTER, OR",44.44818005,-122.5503613
2024-01-26,25.0,14186200,"MIDDLE SANTIAM R BLW GREEN PETER DAM NR FOSTER, OR",44.44818005,-122.5503613
2024-01-27,29.4,14186200,"MIDDLE SANTIAM R BLW GREEN PETER DAM NR FOSTER, OR",44.44818005,-122.5503613
2024-01-28,37.0,14186200,"MIDDLE SANTIAM R BLW GREEN PETER DAM NR FOSTER, OR",44.44818005,-122.5503613
2024-01-29,41.4,14186200,"MIDDLE SANTIAM R BLW GREEN PETER DAM NR FOSTER, OR",44.44818005,-122.5503613
2024-01-30,43.3,14186200,"MIDDLE SANTIAM R BLW GREEN PETER DAM NR FOSTER, OR",44.44818005,-122.5503613
2024-01-31,28.6,14186200,"MIDDLE SANTIAM R BLW GREEN PETER DAM NR FOSTER, OR",44.44818005,-122.5503613
2024-02-01,27.7,14186200,"MIDDLE SANTIAM R BLW GREEN PETER DAM NR FOSTER, OR",44.44818005,-122.5503613
2024-02-02,27.1,14186200,"MIDDLE SANTIAM R BLW GREEN PETER DAM NR FOSTER, OR",44.44818005,-122.5503613
2024-02-03,24.9,14186200,"MIDDLE SANTIAM R BLW GREEN PETER DAM NR FOSTER, OR",44.44818005,-122.5503613
2024-02-04,22.9,14186200,"MIDDLE SANTIAM R BLW GREEN PETER DAM NR FOSTER, OR",44.44818005,-122.5503613
2024-02-05,20.5,14186200,"MIDDLE SANTIAM R BLW GREEN PETER DAM NR FOSTER, OR",44.44818005,-122.5503613
2024-02-06,19.7,14186200,"MIDDLE SANTIAM R BLW GREEN PETER DAM NR FOSTER, OR",44.44818005,-122.5503613
2024-02-07,13.4,14186200,"MIDDLE SANTIAM R BLW GREEN PETER DAM NR FOSTER, OR",44.44818005,-122.5503613
2024-02-08,13.8,14186200,"MIDDLE SANTIAM R BLW GREEN PETER DAM NR FOSTER, OR",44.44818005,-122.5503613
2024-02-09,14.2,14186200,"MIDDLE SANTIAM R BLW GREEN PETER DAM NR FOSTER, OR",44.44818005,-122.5503613
2024-02-10,14.6,14186200,"MIDDLE SANTIAM R BLW GREEN PETER DAM NR FOSTER, OR",44.44818005,-122.5503613
2024-02-11,15.2,14186200,"MIDDLE SANTIAM R BLW GREEN PETER DAM NR FOSTER, OR",44.44818005,-122.5503613
2024-02-12,13.9,14186200,"MIDDLE SANTIAM R BLW GREEN PETER DAM NR FOSTER, OR",44.44818005,-122.5503613
2024-02-13,12.6,14186200,"MIDDLE SANTIAM R BLW GREEN PETER DAM NR FOSTER, OR",44.44818005,-122.5503613
2024-02-14,11.9,14186200,"MIDDLE SANTIAM R BLW GREEN PETER DAM NR FOSTER, OR",44.44818005,-122.5503613
2024-02-15,11.0,14186200,"MIDDLE SANTIAM R BLW GREEN PETER DAM NR FOSTER, OR",44.44818005,-122.5503613
2024-02-16,10.2,14186200,"MIDDLE SANTIAM R BLW GREEN PETER DAM NR FOSTER, OR",44.44818005,-122.5503613
2024-02-17,10.6,14186200,"MIDDLE SANTIAM R BLW GREEN PETER DAM NR FOSTER, OR",44.44818005,-122.5503613
2024-02-18,9.4,14186200,"MIDDLE SANTIAM R BLW GREEN PETER DAM NR FOSTER, OR",44.44818005,-122.5503613
2024-02-19,8.5,14186200,"MIDDLE SANTIAM R BLW GREEN PETER DAM NR FOSTER, OR",44.44818005,-122.5503613
2024-02-20,9.3,14186200,"MIDDLE SANTIAM R BLW GREEN PETER DAM NR FOSTER, OR",44.44818005,-122.5503613
2024-02-21,9.0,14186200,"MIDDLE SANTIAM R BLW GREEN PETER DAM NR FOSTER, OR",44.44818005,-122.5503613
2024-02-22,8.7,14186200,"MIDDLE SANTIAM R BLW GREEN PETER DAM NR FOSTER, OR",44.44818005,-122.5503613
2024-02-23,9.6,14186200,"MIDDLE SANTIAM R BLW GREEN PETER DAM NR FOSTER, OR",44.44818005,-122.5503613
2024-02-24,9.3,14186200,"MIDDLE SANTIAM R BLW GREEN PETER DAM NR FOSTER, OR",44.44818005,-122.5503613
2024-02-25,9.4,14186200,"MIDDLE SANTIAM R BLW GREEN PETER DAM NR FOSTER, OR",44.44818005,-122.5503613
2024-02-26,9.3,14186200,"MIDDLE SANTIAM R BLW GREEN PETER DAM NR FOSTER, OR",44.44818005,-122.5503613
2024-02-27,9.3,14186200,"MIDDLE SANTIAM R BLW GREEN PETER DAM NR FOSTER, OR",44.44818005,-122.5503613
2024-02-28,10.1,14186200,"MIDDLE SANTIAM R BLW GREEN PETER DAM NR FOSTER, OR",44.44818005,-122.5503613
2024-02-29,9.4,14186200,"MIDDLE SANTIAM R BLW GREEN PETER DAM NR FOSTER, OR",44.44818005,-122.5503613
2024-03-01,6.9,14186200,"MIDDLE SANTIAM R BLW GREEN PETER DAM NR FOSTER, OR",44.44818005,-122.5503613
2024-03-02,6.7,14186200,"MIDDLE SANTIAM R BLW GREEN PETER DAM NR FOSTER, OR",44.44818005,-122.5503613
2024-03-03,4.9,14186200,"MIDDLE SANTIAM R BLW GREEN PETER DAM NR FOSTER, OR",44.44818005,-122.5503613
2024-03-04,5.2,14186200,"MIDDLE SANTIAM R BLW GREEN PETER DAM NR FOSTER, OR",44.44818005,-122.5503613
2024-03-05,3.9,14186200,"MIDDLE SANTIAM R BLW GREEN PETER DAM NR FOSTER, OR",44.44818005,-122.5503613
2024-03-06,1.5,14186200,"MIDDLE SANTIAM R BLW GREEN PETER DAM NR FOSTER, OR",44.44818005,-122.5503613
2024-03-07,0.9,14186200,"MIDDLE SANTIAM R BLW GREEN PETER DAM NR FOSTER, OR",44.44818005,-122.5503613
2024-03-08,1.0,14186200,"MIDDLE SANTIAM R BLW GREEN PETER DAM NR FOSTER, OR",44.44818005,-122.5503613
2024-03-09,0.8,14186200,"MIDDLE SANTIAM R BLW GREEN PETER DAM NR FOSTER, OR",44.44818005,-122.5503613
2024-03-10,0.7,14186200,"MIDDLE SANTIAM R BLW GREEN PETER DAM NR FOSTER, OR",44.44818005,-122.5503613
2024-03-11,0.5,14186200,"MIDDLE SANTIAM R BLW GREEN PETER DAM NR FOSTER, OR",44.44818005,-122.5503613
2024-03-12,0.5,14186200,"MIDDLE SANTIAM R BLW GREEN PETER DAM NR FOSTER, OR",44.44818005,-122.5503613
2024-03-13,3.5,14186200,"MIDDLE SANTIAM R BLW GREEN PETER DAM NR FOSTER, OR",44.44818005,-122.5503613
2024-03-14,3.0,14186200,"MIDDLE SANTIAM R BLW GREEN PETER DAM NR FOSTER, OR",44.44818005,-122.5503613
2024-03-15,3.7,14186200,"MIDDLE SANTIAM R BLW GREEN PETER DAM NR FOSTER, OR",44.44818005,-122.5503613
2024-03-16,3.7,14186200,"MIDDLE SANTIAM R BLW GREEN PETER DAM NR FOSTER, OR",44.44818005,-122.5503613
2024-03-17,5.5,14186200,"MIDDLE SANTIAM R BLW GREEN PETER DAM NR FOSTER, OR",44.44818005,-122.5503613
2024-03-18,3.1,14186200,"MIDDLE SANTIAM R BLW GREEN PETER DAM NR FOSTER, OR",44.44818005,-122.5503613
2024-03-19,1.7,14186200,"MIDDLE SANTIAM R BLW GREEN PETER DAM NR FOSTER, OR",44.44818005,-122.5503613
2024-03-20,2.3,14186200,"MIDDLE SANTIAM R BLW GREEN PETER DAM NR FOSTER, OR",44.44818005,-122.5503613
2024-03-21,2.8,14186200,"MIDDLE SANTIAM R BLW GREEN PETER DAM NR FOSTER, OR",44.44818005,-122.5503613
2024-03-22,3.4,14186200,"MIDDLE SANTIAM R BLW GREEN PETER DAM NR FOSTER, OR",44.44818005,-122.5503613
2024-03-23,2.9,14186200,"MIDDLE SANTIAM R BLW GREEN PETER DAM NR FOSTER, OR",44.44818005,-122.5503613
2024-03-24,4.8,14186200,"MIDDLE SANTIAM R BLW GREEN PETER DAM NR FOSTER, OR",44.44818005,-122.5503613
2024-03-25,3.3,14186200,"MIDDLE SANTIAM R BLW GREEN PETER DAM NR FOSTER, OR",44.44818005,-122.5503613
2024-03-26,3.2,14186200,"MIDDLE SANTIAM R BLW GREEN PETER DAM NR FOSTER, OR",44.44818005,-122.5503613
2024-03-27,5.7,14186200,"MIDDLE SANTIAM R BLW GREEN PETER DAM NR FOSTER, OR",44.44818005,-122.5503613
2024-03-28,3.8,14186200,"MIDDLE SANTIAM R BLW GREEN PETER DAM NR FOSTER, OR",44.44818005,-122.5503613
2024-03-29,2.7,14186200,"MIDDLE SANTIAM R BLW GREEN PETER DAM NR FOSTER, OR",44.44818005,-122.5503613
2024-03-30,3.2,14186200,"MIDDLE SANTIAM R BLW GREEN PETER DAM NR FOSTER, OR",44.44818005,-122.5503613
2024-03-31,3.2,14186200,"MIDDLE SANTIAM R BLW GREEN PETER DAM NR FOSTER, OR",44.44818005,-122.5503613
2024-04-01,1.8,14186200,"MIDDLE SANTIAM R BLW GREEN PETER DAM NR FOSTER, OR",44.44818005,-122.5503613
2024-04-02,3.3,14186200,"MIDDLE SANTIAM R BLW GREEN PETER DAM NR FOSTER, OR",44.44818005,-122.5503613
2024-04-03,2.7,14186200,"MIDDLE SANTIAM R BLW GREEN PETER DAM NR FOSTER, OR",44.44818005,-122.5503613
2024-04-04,2.7,14186200,"MIDDLE SANTIAM R BLW GREEN PETER DAM NR FOSTER, OR",44.44818005,-122.5503613
2024-04-05,3.4,14186200,"MIDDLE SANTIAM R BLW GREEN PETER DAM NR FOSTER, OR",44.44818005,-122.5503613
2024-04-06,3.7,14186200,"MIDDLE SANTIAM R BLW GREEN PETER DAM NR FOSTER, OR",44.44818005,-122.5503613
2024-04-07,8.3,14186200,"MIDDLE SANTIAM R BLW GREEN PETER DAM NR FOSTER, OR",44.44818005,-122.5503613
2024-04-08,10.4,14186200,"MIDDLE SANTIAM R BLW GREEN PETER DAM NR FOSTER, OR",44.44818005,-122.5503613
2024-04-09,12.6,14186200,"MIDDLE SANTIAM R BLW GREEN PETER DAM NR FOSTER, OR",44.44818005,-122.5503613
2024-04-10,6.3,14186200,"MIDDLE SANTIAM R BLW GREEN PETER DAM NR FOSTER, OR",44.44818005,-122.5503613
2024-04-11,6.4,14186200,"MIDDLE SANTIAM R BLW GREEN PETER DAM NR FOSTER, OR",44.44818005,-122.5503613
2024-04-12,4.3,14186200,"MIDDLE SANTIAM R BLW GREEN PETER DAM NR FOSTER, OR",44.44818005,-122.5503613
2024-04-13,8.1,14186200,"MIDDLE SANTIAM R BLW GREEN PETER DAM NR FOSTER, OR",44.44818005,-122.5503613
2024-04-14,6.9,14186200,"MIDDLE SANTIAM R BLW GREEN PETER DAM NR FOSTER, OR",44.44818005,-122.5503613
2024-04-15,13.9,14186200,"MIDDLE SANTIAM R BLW GREEN PETER DAM NR FOSTER, OR",44.44818005,-122.5503613
2024-04-16,8.7,14186200,"MIDDLE SANTIAM R BLW GREEN PETER DAM NR FOSTER, OR",44.44818005,-122.5503613
2024-04-17,5.9,14186200,"MIDDLE SANTIAM R BLW GREEN PETER DAM NR FOSTER, OR",44.44818005,-122.5503613
2024-04-18,3.3,14186200,"MIDDLE SANTIAM R BLW GREEN PETER DAM NR FOSTER, OR",44.44818005,-122.5503613
2024-04-19,2.7,14186200,"MIDDLE SANTIAM R BLW GREEN PETER DAM NR FOSTER, OR",44.44818005,-122.5503613
2024-04-20,2.6,14186200,"MIDDLE SANTIAM R BLW GREEN PETER DAM NR FOSTER, OR",44.44818005,-122.5503613
2024-04-21,1.9,14186200,"MIDDLE SANTIAM R BLW GREEN PETER DAM NR FOSTER, OR",44.44818005,-122.5503613
2024-04-22,3.7,14186200,"MIDDLE SANTIAM R BLW GREEN PETER DAM NR FOSTER, OR",44.44818005,-122.5503613
2024-04-23,1.2,14186200,"MIDDLE SANTIAM R BLW GREEN PETER DAM NR FOSTER, OR",44.44818005,-122.5503613
2024-04-24,4.6,14186200,"MIDDLE SANTIAM R BLW GREEN PETER DAM NR FOSTER, OR",44.44818005,-122.5503613
2024-04-25,8.4,14186200,"MIDDLE SANTIAM R BLW GREEN PETER DAM NR FOSTER, OR",44.44818005,-122.5503613
2024-04-26,4.0,14186200,"MIDDLE SANTIAM R BLW GREEN PETER DAM NR FOSTER, OR",44.44818005,-122.5503613
2024-04-27,1.3,14186200,"MIDDLE SANTIAM R BLW GREEN PETER DAM NR FOSTER, OR",44.44818005,-122.5503613
2024-04-28,4.4,14186200,"MIDDLE SANTIAM R BLW GREEN PETER DAM NR FOSTER, OR",44.44818005,-122.5503613
2024-04-29,2.2,14186200,"MIDDLE SANTIAM R BLW GREEN PETER DAM NR FOSTER, OR",44.44818005,-122.5503613
2024-04-30,2.3,14186200,"MIDDLE SANTIAM R BLW GREEN PETER DAM NR FOSTER, OR",44.44818005,-122.5503613
2024-05-01,1.5,14186200,"MIDDLE SANTIAM R BLW GREEN PETER DAM NR FOSTER, OR",44.44818005,-122.5503613
2024-05-02,2.5,14186200,"MIDDLE SANTIAM R BLW GREEN PETER DAM NR FOSTER, OR",44.44818005,-122.5503613
2024-05-03,2.7,14186200,"MIDDLE SANTIAM R BLW GREEN PETER DAM NR FOSTER, OR",44.44818005,-122.5503613
2024-05-04,1.5,14186200,"MIDDLE SANTIAM R BLW GREEN PETER DAM NR FOSTER, OR",44.44818005,-122.5503613
2024-05-05,2.7,14186200,"MIDDLE SANTIAM R BLW GREEN PETER DAM NR FOSTER, OR",44.44818005,-122.5503613
2024-05-06,2.0,14186200,"MIDDLE SANTIAM R BLW GREEN PETER DAM NR FOSTER, OR",44.44818005,-122.5503613
2024-05-07,2.7,14186200,"MIDDLE SANTIAM R BLW GREEN PETER DAM NR FOSTER, OR",44.44818005,-122.5503613
2024-05-08,2.4,14186200,"MIDDLE SANTIAM R BLW GREEN PETER DAM NR FOSTER, OR",44.44818005,-122.5503613
2024-05-09,2.4,14186200,"MIDDLE SANTIAM R BLW GREEN PETER DAM NR FOSTER, OR",44.44818005,-122.5503613
2024-05-10,1.4,14186200,"MIDDLE SANTIAM R BLW GREEN PETER DAM NR FOSTER, OR",44.44818005,-122.5503613
2024-05-11,2.0,14186200,"MIDDLE SANTIAM R BLW GREEN PETER DAM NR FOSTER, OR",44.44818005,-122.5503613
2024-05-12,2.0,14186200,"MIDDLE SANTIAM R BLW GREEN PETER DAM NR FOSTER, OR",44.44818005,-122.5503613
2024-05-13,0.5,14186200,"MIDDLE SANTIAM R BLW GREEN PETER DAM NR FOSTER, OR",44.44818005,-122.5503613
2024-05-14,0.3,14186200,"MIDDLE SANTIAM R BLW GREEN PETER DAM NR FOSTER, OR",44.44818005,-122.5503613
2024-05-15,0.8,14186200,"MIDDLE SANTIAM R BLW GREEN PETER DAM NR FOSTER, OR",44.44818005,-122.5503613
2024-05-16,0.2,14186200,"MIDDLE SANTIAM R BLW GREEN PETER DAM NR FOSTER, OR",44.44818005,-122.5503613
2024-05-17,1.8,14186200,"MIDDLE SANTIAM R BLW GREEN PETER DAM NR FOSTER, OR",44.44818005,-122.5503613
2024-05-18,0.2,14186200,"MIDDLE SANTIAM R BLW GREEN PETER DAM NR FOSTER, OR",44.44818005,-122.5503613
2024-05-19,0.2,14186200,"MIDDLE SANTIAM R BLW GREEN PETER DAM NR FOSTER, OR",44.44818005,-122.5503613
2024-05-20,0.2,14186200,"MIDDLE SANTIAM R BLW GREEN PETER DAM NR FOSTER, OR",44.44818005,-122.5503613
2024-05-21,0.2,14186200,"MIDDLE SANTIAM R BLW GREEN PETER DAM NR FOSTER, OR",44.44818005,-122.5503613
2024-05-22,0.2,14186200,"MIDDLE SANTIAM R BLW GREEN PETER DAM NR FOSTER, OR",44.44818005,-122.5503613
2024-05-23,0.3,14186200,"MIDDLE SANTIAM R BLW GREEN PETER DAM NR FOSTER, OR",44.44818005,-122.5503613
2024-05-24,0.1,14186200,"MIDDLE SANTIAM R BLW GREEN PETER DAM NR FOSTER, OR",44.44818005,-122.5503613
2024-05-25,0.2,14186200,"MIDDLE SANTIAM R BLW GREEN PETER DAM NR FOSTER, OR",44.44818005,-122.5503613
2024-05-26,0.7,14186200,"MIDDLE SANTIAM R BLW GREEN PETER DAM NR FOSTER, OR",44.44818005,-122.5503613
2024-05-27,0.2,14186200,"MIDDLE SANTIAM R BLW GREEN PETER DAM NR FOSTER, OR",44.44818005,-122.5503613
2024-05-28,0.2,14186200,"MIDDLE SANTIAM R BLW GREEN PETER DAM NR FOSTER, OR",44.44818005,-122.5503613
2024-05-29,0.2,14186200,"MIDDLE SANTIAM R BLW GREEN PETER DAM NR FOSTER, OR",44.44818005,-122.5503613
2024-05-30,0.3,14186200,"MIDDLE SANTIAM R BLW GREEN PETER DAM NR FOSTER, OR",44.44818005,-122.5503613
2024-05-31,0.2,14186200,"MIDDLE SANTIAM R BLW GREEN PETER DAM NR FOSTER, OR",44.44818005,-122.5503613
2024-06-01,0.3,14186200,"MIDDLE SANTIAM R BLW GREEN PETER DAM NR FOSTER, OR",44.44818005,-122.5503613
2024-06-02,0.2,14186200,"MIDDLE SANTIAM R BLW GREEN PETER DAM NR FOSTER, OR",44.44818005,-122.5503613
2024-06-03,0.2,14186200,"MIDDLE SANTIAM R BLW GREEN PETER DAM NR FOSTER, OR",44.44818005,-122.5503613
2024-06-04,0.3,14186200,"MIDDLE SANTIAM R BLW GREEN PETER DAM NR FOSTER, OR",44.44818005,-122.5503613
2024-06-05,0.2,14186200,"MIDDLE SANTIAM R BLW GREEN PETER DAM NR FOSTER, OR",44.44818005,-122.5503613
2024-06-06,0.2,14186200,"MIDDLE SANTIAM R BLW GREEN PETER DAM NR FOSTER, OR",44.44818005,-122.5503613
2024-06-07,3.2,14186200,"MIDDLE SANTIAM R BLW GREEN PETER DAM NR FOSTER, OR",44.44818005,-122.5503613
2024-06-08,2.5,14186200,"MIDDLE SANTIAM R BLW GREEN PETER DAM NR FOSTER, OR",44.44818005,-122.5503613
2024-06-09,3.1,14186200,"MIDDLE SANTIAM R BLW GREEN PETER DAM NR FOSTER, OR",44.44818005,-122.5503613
2024-06-10,1.1,14186200,"MIDDLE SANTIAM R BLW GREEN PETER DAM NR FOSTER, OR",44.44818005,-122.5503613
2024-06-11,3.2,14186200,"MIDDLE SANTIAM R BLW GREEN PETER DAM NR FOSTER, OR",44.44818005,-122.5503613
2024-06-12,0.2,14186200,"MIDDLE SANTIAM R BLW GREEN PETER DAM NR FOSTER, OR",44.44818005,-122.5503613
2024-06-13,0.4,14186200,"MIDDLE SANTIAM R BLW GREEN PETER DAM NR FOSTER, OR",44.44818005,-122.5503613
2024-06-14,0.2,14186200,"MIDDLE SANTIAM R BLW GREEN PETER DAM NR FOSTER, OR",44.44818005,-122.5503613
2024-06-15,0.2,14186200,"MIDDLE SANTIAM R BLW GREEN PETER DAM NR FOSTER, OR",44.44818005,-122.5503613
2024-06-16,0.3,14186200,"MIDDLE SANTIAM R BLW GREEN PETER DAM NR FOSTER, OR",44.44818005,-122.5503613
2024-06-17,0.2,14186200,"MIDDLE SANTIAM R BLW GREEN PETER DAM NR FOSTER, OR",44.44818005,-122.5503613
2024-06-18,0.2,14186200,"MIDDLE SANTIAM R BLW GREEN PETER DAM NR FOSTER, OR",44.44818005,-122.5503613
2024-06-19,0.2,14186200,"MIDDLE SANTIAM R BLW GREEN PETER DAM NR FOSTER, OR",44.44818005,-122.5503613
2024-06-20,0.2,14186200,"MIDDLE SANTIAM R BLW GREEN PETER DAM NR FOSTER, OR",44.44818005,-122.5503613
2024-06-21,2.6,14186200,"MIDDLE SANTIAM R BLW GREEN PETER DAM NR FOSTER, OR",44.44818005,-122.5503613
2024-06-22,0.2,14186200,"MIDDLE SANTIAM R BLW GREEN PETER DAM NR FOSTER, OR",44.44818005,-122.5503613
2024-06-23,1.3,14186200,"MIDDLE SANTIAM R BLW GREEN PETER DAM NR FOSTER, OR",44.44818005,-122.5503613
2024-06-24,0.3,14186200,"MIDDLE SANTIAM R BLW GREEN PETER DAM NR FOSTER, OR",44.44818005,-122.5503613
2024-06-25,1.0,14186200,"MIDDLE SANTIAM R BLW GREEN PETER DAM NR FOSTER, OR",44.44818005,-122.5503613
2024-06-26,2.5,14186200,"MIDDLE SANTIAM R BLW GREEN PETER DAM NR FOSTER, OR",44.44818005,-122.5503613
2024-06-27,1.1,14186200,"MIDDLE SANTIAM R BLW GREEN PETER DAM NR FOSTER, OR",44.44818005,-122.5503613
2024-06-28,3.2,14186200,"MIDDLE SANTIAM R BLW GREEN PETER DAM NR FOSTER, OR",44.44818005,-122.5503613
2024-06-29,3.3,14186200,"MIDDLE SANTIAM R BLW GREEN PETER DAM NR FOSTER, OR",44.44818005,-122.5503613
2024-06-30,3.2,14186200,"MIDDLE SANTIAM R BLW GREEN PETER DAM NR FOSTER, OR",44.44818005,-122.5503613
2024-07-01,0.5,14186200,"MIDDLE SANTIAM R BLW GREEN PETER DAM NR FOSTER, OR",44.44818005,-122.5503613
2024-07-02,1.4,14186200,"MIDDLE SANTIAM R BLW GREEN PETER DAM NR FOSTER, OR",44.44818005,-122.5503613
2024-07-03,1.3,14186200,"MIDDLE SANTIAM R BLW GREEN PETER DAM NR FOSTER, OR",44.44818005,-122.5503613
2024-07-04,1.9,14186200,"MIDDLE SANTIAM R BLW GREEN PETER DAM NR FOSTER, OR",44.44818005,-122.5503613
2024-07-05,0.7,14186200,"MIDDLE SANTIAM R BLW GREEN PETER DAM NR FOSTER, OR",44.44818005,-122.5503613
2024-07-06,3.3,14186200,"MIDDLE SANTIAM R BLW GREEN PETER DAM NR FOSTER, OR",44.44818005,-122.5503613
2024-07-07,1.3,14186200,"MIDDLE SANTIAM R BLW GREEN PETER DAM NR FOSTER, OR",44.44818005,-122.5503613
2024-07-08,1.8,14186200,"MIDDLE SANTIAM R BLW GREEN PETER DAM NR FOSTER, OR",44.44818005,-122.5503613
2024-07-09,0.9,14186200,"MIDDLE SANTIAM R BLW GREEN PETER DAM NR FOSTER, OR",44.44818005,-122.5503613
2024-07-10,0.3,14186200,"MIDDLE SANTIAM R BLW GREEN PETER DAM NR FOSTER, OR",44.44818005,-122.5503613
2024-07-11,0.2,14186200,"MIDDLE SANTIAM R BLW GREEN PETER DAM NR FOSTER, OR",44.44818005,-122.5503613
2024-07-12,0.3,14186200,"MIDDLE SANTIAM R BLW GREEN PETER DAM NR FOSTER, OR",44.44818005,-122.5503613
2024-07-13,0.3,14186200,"MIDDLE SANTIAM R BLW GREEN PETER DAM NR FOSTER, OR",44.44818005,-122.5503613
2024-07-14,0.2,14186200,"MIDDLE SANTIAM R BLW GREEN PETER DAM NR FOSTER, OR",44.44818005,-122.5503613
2024-07-15,0.2,14186200,"MIDDLE SANTIAM R BLW GREEN PETER DAM NR FOSTER, OR",44.44818005,-122.5503613
2024-07-16,1.0,14186200,"MIDDLE SANTIAM R BLW GREEN PETER DAM NR FOSTER, OR",44.44818005,-122.5503613
2024-07-17,0.5,14186200,"MIDDLE SANTIAM R BLW GREEN PETER DAM NR FOSTER, OR",44.44818005,-122.5503613
2024-07-18,0.3,14186200,"MIDDLE SANTIAM R BLW GREEN PETER DAM NR FOSTER, OR",44.44818005,-122.5503613
2024-07-19,0.2,14186200,"MIDDLE SANTIAM R BLW GREEN PETER DAM NR FOSTER, OR",44.44818005,-122.5503613
2024-07-20,0.2,14186200,"MIDDLE SANTIAM R BLW GREEN PETER DAM NR FOSTER, OR",44.44818005,-122.5503613
2024-07-21,0.2,14186200,"MIDDLE SANTIAM R BLW GREEN PETER DAM NR FOSTER, OR",44.44818005,-122.5503613
2024-07-22,0.2,14186200,"MIDDLE SANTIAM R BLW GREEN PETER DAM NR FOSTER, OR",44.44818005,-122.5503613
2024-07-23,0.2,14186200,"MIDDLE SANTIAM R BLW GREEN PETER DAM NR FOSTER, OR",44.44818005,-122.5503613
2024-07-24,0.1,14186200,"MIDDLE SANTIAM R BLW GREEN PETER DAM NR FOSTER, OR",44.44818005,-122.5503613
2024-07-25,0.2,14186200,"MIDDLE SANTIAM R BLW GREEN PETER DAM NR FOSTER, OR",44.44818005,-122.5503613
2024-07-26,1.0,14186200,"MIDDLE SANTIAM R BLW GREEN PETER DAM NR FOSTER, OR",44.44818005,-122.5503613
2024-07-27,0.4,14186200,"MIDDLE SANTIAM R BLW GREEN PETER DAM NR FOSTER, OR",44.44818005,-122.5503613
2024-07-28,0.2,14186200,"MIDDLE SANTIAM R BLW GREEN PETER DAM NR FOSTER, OR",44.44818005,-122.5503613
2024-07-29,0.2,14186200,"MIDDLE SANTIAM R BLW GREEN PETER DAM NR FOSTER, OR",44.44818005,-122.5503613
2024-07-30,0.2,14186200,"MIDDLE SANTIAM R BLW GREEN PETER DAM NR FOSTER, OR",44.44818005,-122.5503613
2024-07-31,0.2,14186200,"MIDDLE SANTIAM R BLW GREEN PETER DAM NR FOSTER, OR",44.44818005,-122.5503613
2024-08-01,0.2,14186200,"MIDDLE SANTIAM R BLW GREEN PETER DAM NR FOSTER, OR",44.44818005,-122.5503613
2024-08-02,0.3,14186200,"MIDDLE SANTIAM R BLW GREEN PETER DAM NR FOSTER, OR",44.44818005,-122.5503613
2024-08-03,0.2,14186200,"MIDDLE SANTIAM R BLW GREEN PETER DAM NR FOSTER, OR",44.44818005,-122.5503613
2024-08-04,0.2,14186200,"MIDDLE SANTIAM R BLW GREEN PETER DAM NR FOSTER, OR",44.44818005,-122.5503613
2024-08-05,0.2,14186200,"MIDDLE SANTIAM R BLW GREEN PETER DAM NR FOSTER, OR",44.44818005,-122.5503613
2024-08-06,0.2,14186200,"MIDDLE SANTIAM R BLW GREEN PETER DAM NR FOSTER, OR",44.44818005,-122.5503613
2024-08-07,0.6,14186200,"MIDDLE SANTIAM R BLW GREEN PETER DAM NR FOSTER, OR",44.44818005,-122.5503613
2024-08-08,0.2,14186200,"MIDDLE SANTIAM R BLW GREEN PETER DAM NR FOSTER, OR",44.44818005,-122.5503613
2024-08-09,0.2,14186200,"MIDDLE SANTIAM R BLW GREEN PETER DAM NR FOSTER, OR",44.44818005,-122.5503613
2024-08-10,0.2,14186200,"MIDDLE SANTIAM R BLW GREEN PETER DAM NR FOSTER, OR",44.44818005,-122.5503613
2024-08-11,0.2,14186200,"MIDDLE SANTIAM R BLW GREEN PETER DAM NR FOSTER, OR",44.44818005,-122.5503613
2024-08-12,2.0,14186200,"MIDDLE SANTIAM R BLW GREEN PETER DAM NR FOSTER, OR",44.44818005,-122.5503613
2024-08-13,0.9,14186200,"MIDDLE SANTIAM R BLW GREEN PETER DAM NR FOSTER, OR",44.44818005,-122.5503613
2024-08-14,3.2,14186200,"MIDDLE SANTIAM R BLW GREEN PETER DAM NR FOSTER, OR",44.44818005,-122.5503613
2024-08-15,1.4,14186200,"MIDDLE SANTIAM R BLW GREEN PETER DAM NR FOSTER, OR",44.44818005,-122.5503613
2024-08-16,1.2,14186200,"MIDDLE SANTIAM R BLW GREEN PETER DAM NR FOSTER, OR",44.44818005,-122.5503613
2024-08-17,1.0,14186200,"MIDDLE SANTIAM R BLW GREEN PETER DAM NR FOSTER, OR",44.44818005,-122.5503613
2024-08-18,0.9,14186200,"MIDDLE SANTIAM R BLW GREEN PETER DAM NR FOSTER, OR",44.44818005,-122.5503613
2024-08-19,1.3,14186200,"MIDDLE SANTIAM R BLW GREEN PETER DAM NR FOSTER, OR",44.44818005,-122.5503613
2024-08-20,1.5,14186200,"MIDDLE SANTIAM R BLW GREEN PETER DAM NR FOSTER, OR",44.44818005,-122.5503613
2024-08-21,1.3,14186200,"MIDDLE SANTIAM R BLW GREEN PETER DAM NR FOSTER, OR",44.44818005,-122.5503613
2024-08-22,0.3,14186200,"MIDDLE SANTIAM R BLW GREEN PETER DAM NR FOSTER, OR",44.44818005,-122.5503613
2024-08-23,0.3,14186200,"MIDDLE SANTIAM R BLW GREEN PETER DAM NR FOSTER, OR",44.44818005,-122.5503613
2024-08-24,0.3,14186200,"MIDDLE SANTIAM R BLW GREEN PETER DAM NR FOSTER, OR",44.44818005,-122.5503613
2024-08-25,0.2,14186200,"MIDDLE SANTIAM R BLW GREEN PETER DAM NR FOSTER, OR",44.44818005,-122.5503613
2024-08-26,0.6,14186200,"MIDDLE SANTIAM R BLW GREEN PETER DAM NR FOSTER, OR",44.44818005,-122.5503613
2024-08-27,0.2,14186200,"MIDDLE SANTIAM R BLW GREEN PETER DAM NR FOSTER, OR",44.44818005,-122.5503613
2024-08-28,0.2,14186200,"MIDDLE SANTIAM R BLW GREEN PETER DAM NR FOSTER, OR",44.44818005,-122.5503613
2024-08-29,0.3,14186200,"MIDDLE SANTIAM R BLW GREEN PETER DAM NR FOSTER, OR",44.44818005,-122.5503613
2024-08-30,0.7,14186200,"MIDDLE SANTIAM R BLW GREEN PETER DAM NR FOSTER, OR",44.44818005,-122.5503613
2024-08-31,0.9,14186200,"MIDDLE SANTIAM R BLW GREEN PETER DAM NR FOSTER, OR",44.44818005,-122.5503613
2024-09-01,0.5,14186200,"MIDDLE SANTIAM R BLW GREEN PETER DAM NR FOSTER, OR",44.44818005,-122.5503613
2024-09-02,0.5,14186200,"MIDDLE SANTIAM R BLW GREEN PETER DAM NR FOSTER, OR",44.44818005,-122.5503613
2024-09-03,1.8,14186200,"MIDDLE SANTIAM R BLW GREEN PETER DAM NR FOSTER, OR",44.44818005,-122.5503613
2024-09-04,0.3,14186200,"MIDDLE SANTIAM R BLW GREEN PETER DAM NR FOSTER, OR",44.44818005,-122.5503613
2024-09-05,0.6,14186200,"MIDDLE SANTIAM R BLW GREEN PETER DAM NR FOSTER, OR",44.44818005,-122.5503613
2024-09-06,0.3,14186200,"MIDDLE SANTIAM R BLW GREEN PETER DAM NR FOSTER, OR",44.44818005,-122.5503613
2024-09-07,0.4,14186200,"MIDDLE SANTIAM R BLW GREEN PETER DAM NR FOSTER, OR",44.44818005,-122.5503613
2024-09-08,0.5,14186200,"MIDDLE SANTIAM R BLW GREEN PETER DAM NR FOSTER, OR",44.44818005,-122.5503613
2024-09-09,0.4,14186200,"MIDDLE SANTIAM R BLW GREEN PETER DAM NR FOSTER, OR",44.44818005,-122.5503613
2024-09-10,0.3,14186200,"MIDDLE SANTIAM R BLW GREEN PETER DAM NR FOSTER, OR",44.44818005,-122.5503613
2024-09-11,0.5,14186200,"MIDDLE SANTIAM R BLW GREEN PETER DAM NR FOSTER, OR",44.44818005,-122.5503613
2024-09-12,1.3,14186200,"MIDDLE SANTIAM R BLW GREEN PETER DAM NR FOSTER, OR",44.44818005,-122.5503613
2024-09-13,0.3,14186200,"MIDDLE SANTIAM R BLW GREEN PETER DAM NR FOSTER, OR",44.44818005,-122.5503613
2024-09-14,0.3,14186200,"MIDDLE SANTIAM R BLW GREEN PETER DAM NR FOSTER, OR",44.44818005,-122.5503613
2024-09-15,0.7,14186200,"MIDDLE SANTIAM R BLW GREEN PETER DAM NR FOSTER, OR",44.44818005,-122.5503613
2024-09-16,0.6,14186200,"MIDDLE SANTIAM R BLW GREEN PETER DAM NR FOSTER, OR",44.44818005,-122.5503613
2024-09-17,0.4,14186200,"MIDDLE SANTIAM R BLW GREEN PETER DAM NR FOSTER, OR",44.44818005,-122.5503613
2024-09-18,0.6,14186200,"MIDDLE SANTIAM R BLW GREEN PETER DAM NR FOSTER, OR",44.44818005,-122.5503613
2024-09-19,0.3,14186200,"MIDDLE SANTIAM R BLW GREEN PETER DAM NR FOSTER, OR",44.44818005,-122.5503613
2024-09-20,0.4,14186200,"MIDDLE SANTIAM R BLW GREEN PETER DAM NR FOSTER, OR",44.44818005,-122.5503613
2024-09-21,0.4,14186200,"MIDDLE SANTIAM R BLW GREEN PETER DAM NR FOSTER, OR",44.44818005,-122.5503613
2024-09-22,0.3,14186200,"MIDDLE SANTIAM R BLW GREEN PETER DAM NR FOSTER, OR",44.44818005,-122.5503613
2024-09-23,0.4,14186200,"MIDDLE SANTIAM R BLW GREEN PETER DAM NR FOSTER, OR",44.44818005,-122.5503613
2024-09-24,0.4,14186200,"MIDDLE SANTIAM R BLW GREEN PETER DAM NR FOSTER, OR",44.44818005,-122.5503613
2024-09-25,0.5,14186200,"MIDDLE SANTIAM R BLW GREEN PETER DAM NR FOSTER, OR",44.44818005,-122.5503613
2024-09-26,0.9,14186200,"MIDDLE SANTIAM R BLW GREEN PETER DAM NR FOSTER, OR",44.44818005,-122.5503613
2024-09-27,0.6,14186200,"MIDDLE SANTIAM R BLW GREEN PETER DAM NR FOSTER, OR",44.44818005,-122.5503613
2024-09-28,0.6,14186200,"MIDDLE SANTIAM R BLW GREEN PETER DAM NR FOSTER, OR",44.44818005,-122.5503613
2024-09-29,1.3,14186200,"MIDDLE SANTIAM R BLW GREEN PETER DAM NR FOSTER, OR",44.44818005,-122.5503613
2024-09-30,0.6,14186200,"MIDDLE SANTIAM R BLW GREEN PETER DAM NR FOSTER, OR",44.44818005,-122.5503613
2024-01-01,44.6,14187200,"SOUTH SANTIAM RIVER NEAR FOSTER, OR",44.4123468,-122.6886956
2024-01-02,44.6,14187200,"SOUTH SANTIAM RIVER NEAR FOSTER, OR",44.4123468,-122.6886956
2024-01-03,41.3,14187200,"SOUTH SANTIAM RIVER NEAR FOSTER, OR",44.4123468,-122.6886956
2024-01-04,35.2,14187200,"SOUTH SANTIAM RIVER NEAR FOSTER, OR",44.4123468,-122.6886956
2024-01-05,29.6,14187200,"SOUTH SANTIAM RIVER NEAR FOSTER, OR",44.4123468,-122.6886956
2024-01-06,27.3,14187200,"SOUTH SANTIAM RIVER NEAR FOSTER, OR",44.4123468,-122.6886956
2024-01-07,30.1,14187200,"SOUTH SANTIAM RIVER NEAR FOSTER, OR",44.4123468,-122.6886956
2024-01-08,26.9,14187200,"SOUTH SANTIAM RIVER NEAR FOSTER, OR",44.4123468,-122.6886956
2024-01-09,68.6,14187200,"SOUTH SANTIAM RIVER NEAR FOSTER, OR",44.4123468,-122.6886956
2024-01-10,24.3,14187200,"SOUTH SANTIAM RIVER NEAR FOSTER, OR",44.4123468,-122.6886956
2024-01-11,21.6,14187200,"SOUTH SANTIAM RIVER NEAR FOSTER, OR",44.4123468,-122.6886956
2024-01-12,22.5,14187200,"SOUTH SANTIAM RIVER NEAR FOSTER, OR",44.4123468,-122.6886956
2024-01-13,35.5,14187200,"SOUTH SANTIAM RIVER NEAR FOSTER, OR",44.4123468,-122.6886956
2024-01-14,33.4,14187200,"SOUTH SANTIAM RIVER NEAR FOSTER, OR",44.4123468,-122.6886956
2024-01-15,24.5,14187200,"SOUTH SANTIAM RIVER NEAR FOSTER, OR",44.4123468,-122.6886956
2024-01-16,18.2,14187200,"SOUTH SANTIAM RIVER NEAR FOSTER, OR",44.4123468,-122.6886956
2024-01-17,203.0,14187200,"SOUTH SANTIAM RIVER NEAR FOSTER, OR",44.4123468,-122.6886956
2024-01-18,178.0,14187200,"SOUTH SANTIAM RIVER NEAR FOSTER, OR",44.4123468,-122.6886956
2024-01-19,50.1,14187200,"SOUTH SANTIAM RIVER NEAR FOSTER, OR",44.4123468,-122.6886956
2024-01-20,30.5,14187200,"SOUTH SANTIAM RIVER NEAR FOSTER, OR",44.4123468,-122.6886956
2024-01-21,22.9,14187200,"SOUTH SANTIAM RIVER NEAR FOSTER, OR",44.4123468,-122.6886956
2024-01-22,17.9,14187200,"SOUTH SANTIAM RIVER NEAR FOSTER, OR",44.4123468,-122.6886956
2024-01-23,15.8,14187200,"SOUTH SANTIAM RIVER NEAR FOSTER, OR",44.4123468,-122.6886956
2024-01-24,15.7,14187200,"SOUTH SANTIAM RIVER NEAR FOSTER, OR",44.4123468,-122.6886956
2024-01-25,15.6,14187200,"SOUTH SANTIAM RIVER NEAR FOSTER, OR",44.4123468,-122.6886956
2024-01-26,16.0,14187200,"SOUTH SANTIAM RIVER NEAR FOSTER, OR",44.4123468,-122.6886956
2024-01-27,24.2,14187200,"SOUTH SANTIAM RIVER NEAR FOSTER, OR",44.4123468,-122.6886956
2024-01-28,13.2,14187200,"SOUTH SANTIAM RIVER NEAR FOSTER, OR",44.4123468,-122.6886956
2024-01-29,15.3,14187200,"SOUTH SANTIAM RIVER NEAR FOSTER, OR",44.4123468,-122.6886956
2024-01-30,12.2,14187200,"SOUTH SANTIAM RIVER NEAR FOSTER, OR",44.4123468,-122.6886956
2024-01-31,12.1,14187200,"SOUTH SANTIAM RIVER NEAR FOSTER, OR",44.4123468,-122.6886956
2024-02-01,16.6,14187200,"SOUTH SANTIAM RIVER NEAR FOSTER, OR",44.4123468,-122.6886956
2024-02-02,17.2,14187200,"SOUTH SANTIAM RIVER NEAR FOSTER, OR",44.4123468,-122.6886956
2024-02-03,17.2,14187200,"SOUTH SANTIAM RIVER NEAR FOSTER, OR",44.4123468,-122.6886956
2024-02-04,18.0,14187200,"SOUTH SANTIAM RIVER NEAR FOSTER, OR",44.4123468,-122.6886956
2024-02-05,16.2,14187200,"SOUTH SANTIAM RIVER NEAR FOSTER, OR",44.4123468,-122.6886956
2024-02-06,15.6,14187200,"SOUTH SANTIAM RIVER NEAR FOSTER, OR",44.4123468,-122.6886956
2024-02-07,15.6,14187200,"SOUTH SANTIAM RIVER NEAR FOSTER, OR",44.4123468,-122.6886956
2024-02-08,14.3,14187200,"SOUTH SANTIAM RIVER NEAR FOSTER, OR",44.4123468,-122.6886956
2024-02-09,14.1,14187200,"SOUTH SANTIAM RIVER NEAR FOSTER, OR",44.4123468,-122.6886956
2024-02-10,14.3,14187200,"SOUTH SANTIAM RIVER NEAR FOSTER, OR",44.4123468,-122.6886956
2024-02-11,12.9,14187200,"SOUTH SANTIAM RIVER NEAR FOSTER, OR",44.4123468,-122.6886956
2024-02-12,13.8,14187200,"SOUTH SANTIAM RIVER NEAR FOSTER, OR",44.4123468,-122.6886956
2024-02-13,11.4,14187200,"SOUTH SANTIAM RIVER NEAR FOSTER, OR",44.4123468,-122.6886956
2024-02-14,10.9,14187200,"SOUTH SANTIAM RIVER NEAR FOSTER, OR",44.4123468,-122.6886956
2024-02-15,20.3,14187200,"SOUTH SANTIAM RIVER NEAR FOSTER, OR",44.4123468,-122.6886956
2024-02-16,25.3,14187200,"SOUTH SANTIAM RIVER NEAR FOSTER, OR",44.4123468,-122.6886956
2024-02-17,9.1,14187200,"SOUTH SANTIAM RIVER NEAR FOSTER, OR",44.4123468,-122.6886956
2024-02-18,7.5,14187200,"SOUTH SANTIAM RIVER NEAR FOSTER, OR",44.4123468,-122.6886956
2024-02-19,7.7,14187200,"SOUTH SANTIAM RIVER NEAR FOSTER, OR",44.4123468,-122.6886956
2024-02-20,6.3,14187200,"SOUTH SANTIAM RIVER NEAR FOSTER, OR",44.4123468,-122.6886956
2024-02-21,5.4,14187200,"SOUTH SANTIAM RIVER NEAR FOSTER, OR",44.4123468,-122.6886956
2024-02-22,5.1,14187200,"SOUTH SANTIAM RIVER NEAR FOSTER, OR",44.4123468,-122.6886956
2024-02-23,4.7,14187200,"SOUTH SANTIAM RIVER NEAR FOSTER, OR",44.4123468,-122.6886956
2024-02-24,6.1,14187200,"SOUTH SANTIAM RIVER NEAR FOSTER, OR",44.4123468,-122.6886956
2024-02-25,5.6,14187200,"SOUTH SANTIAM RIVER NEAR FOSTER, OR",44.4123468,-122.6886956
2024-02-26,9.9,14187200,"SOUTH SANTIAM RIVER NEAR FOSTER, OR",44.4123468,-122.6886956
2024-02-27,12.1,14187200,"SOUTH SANTIAM RIVER NEAR FOSTER, OR",44.4123468,-122.6886956
2024-02-28,6.9,14187200,"SOUTH SANTIAM RIVER NEAR FOSTER, OR",44.4123468,-122.6886956
2024-02-29,37.1,14187200,"SOUTH SANTIAM RIVER NEAR FOSTER, OR",44.4123468,-122.6886956
2024-03-01,10.5,14187200,"SOUTH SANTIAM RIVER NEAR FOSTER, OR",44.4123468,-122.6886956
2024-03-02,7.8,14187200,"SOUTH SANTIAM RIVER NEAR FOSTER, OR",44.4123468,-122.6886956
2024-03-03,7.0,14187200,"SOUTH SANTIAM RIVER NEAR FOSTER, OR",44.4123468,-122.6886956
2024-03-04,5.7,14187200,"SOUTH SANTIAM RIVER NEAR FOSTER, OR",44.4123468,-122.6886956
2024-03-05,6.8,14187200,"SOUTH SANTIAM RIVER NEAR FOSTER, OR",44.4123468,-122.6886956
2024-03-06,4.4,14187200,"SOUTH SANTIAM RIVER NEAR FOSTER, OR",44.4123468,-122.6886956
2024-03-07,5.7,14187200,"SOUTH SANTIAM RIVER NEAR FOSTER, OR",44.4123468,-122.6886956
2024-03-08,3.5,14187200,"SOUTH SANTIAM RIVER NEAR FOSTER, OR",44.4123468,-122.6886956
2024-03-09,3.5,14187200,"SOUTH SANTIAM RIVER NEAR FOSTER, OR",44.4123468,-122.6886956
2024-03-10,3.8,14187200,"SOUTH SANTIAM RIVER NEAR FOSTER, OR",44.4123468,-122.6886956
2024-03-11,5.5,14187200,"SOUTH SANTIAM RIVER NEAR FOSTER, OR",44.4123468,-122.6886956
2024-03-12,7.6,14187200,"SOUTH SANTIAM RIVER NEAR FOSTER, OR",44.4123468,-122.6886956
2024-03-13,5.7,14187200,"SOUTH SANTIAM RIVER NEAR FOSTER, OR",44.4123468,-122.6886956
2024-03-14,4.5,14187200,"SOUTH SANTIAM RIVER NEAR FOSTER, OR",44.4123468,-122.6886956
2024-03-15,2.8,14187200,"SOUTH SANTIAM RIVER NEAR FOSTER, OR",44.4123468,-122.6886956
2024-03-16,3.8,14187200,"SOUTH SANTIAM RIVER NEAR FOSTER, OR",44.4123468,-122.6886956
2024-03-17,4.5,14187200,"SOUTH SANTIAM RIVER NEAR FOSTER, OR",44.4123468,-122.6886956
2024-03-18,2.2,14187200,"SOUTH SANTIAM RIVER NEAR FOSTER, OR",44.4123468,-122.6886956
2024-03-19,4.4,14187200,"SOUTH SANTIAM RIVER NEAR FOSTER, OR",44.4123468,-122.6886956
2024-03-20,2.6,14187200,"SOUTH SANTIAM RIVER NEAR FOSTER, OR",44.4123468,-122.6886956
2024-03-21,3.3,14187200,"SOUTH SANTIAM RIVER NEAR FOSTER, OR",44.4123468,-122.6886956
2024-03-22,2.5,14187200,"SOUTH SANTIAM RIVER NEAR FOSTER, OR",44.4123468,-122.6886956
2024-03-23,4.0,14187200,"SOUTH SANTIAM RIVER NEAR FOSTER, OR",44.4123468,-122.6886956
2024-03-24,2.6,14187200,"SOUTH SANTIAM RIVER NEAR FOSTER, OR",44.4123468,-122.6886956
2024-03-25,8.9,14187200,"SOUTH SANTIAM RIVER NEAR FOSTER, OR",44.4123468,-122.6886956
2024-03-26,3.0,14187200,"SOUTH SANTIAM RIVER NEAR FOSTER, OR",44.4123468,-122.6886956
2024-03-27,8.8,14187200,"SOUTH SANTIAM RIVER NEAR FOSTER, OR",44.4123468,-122.6886956
2024-03-28,6.2,14187200,"SOUTH SANTIAM RIVER NEAR FOSTER, OR",44.4123468,-122.6886956
2024-03-29,5.3,14187200,"SOUTH SANTIAM RIVER NEAR FOSTER, OR",44.4123468,-122.6886956
2024-03-30,3.3,14187200,"SOUTH SANTIAM RIVER NEAR FOSTER, OR",44.4123468,-122.6886956
2024-03-31,13.1,14187200,"SOUTH SANTIAM RIVER NEAR FOSTER, OR",44.4123468,-122.6886956
2024-04-01,3.6,14187200,"SOUTH SANTIAM RIVER NEAR FOSTER, OR",44.4123468,-122.6886956
2024-04-02,6.5,14187200,"SOUTH SANTIAM RIVER NEAR FOSTER, OR",44.4123468,-122.6886956
2024-04-03,6.5,14187200,"SOUTH SANTIAM RIVER NEAR FOSTER, OR",44.4123468,-122.6886956
2024-04-04,3.0,14187200,"SOUTH SANTIAM RIVER NEAR FOSTER, OR",44.4123468,-122.6886956
2024-04-05,3.6,14187200,"SOUTH SANTIAM RIVER NEAR FOSTER, OR",44.4123468,-122.6886956
2024-04-06,2.2,14187200,"SOUTH SANTIAM RIVER NEAR FOSTER, OR",44.4123468,-122.6886956
2024-04-07,3.7,14187200,"SOUTH SANTIAM RIVER NEAR FOSTER, OR",44.4123468,-122.6886956
2024-04-08,2.4,14187200,"SOUTH SANTIAM RIVER NEAR FOSTER, OR",44.4123468,-122.6886956
2024-04-09,2.2,14187200,"SOUTH SANTIAM RIVER NEAR FOSTER, OR",44.4123468,-122.6886956
2024-04-10,1.7,14187200,"SOUTH SANTIAM RIVER NEAR FOSTER, OR",44.4123468,-122.6886956
2024-04-11,2.3,14187200,"SOUTH SANTIAM RIVER NEAR FOSTER, OR",44.4123468,-122.6886956
2024-04-12,2.1,14187200,"SOUTH SANTIAM RIVER NEAR FOSTER, OR",44.4123468,-122.6886956
2024-04-13,1.8,14187200,"SOUTH SANTIAM RIVER NEAR FOSTER, OR",44.4123468,-122.6886956
2024-04-14,5.7,14187200,"SOUTH SANTIAM RIVER NEAR FOSTER, OR",44.4123468,-122.6886956
2024-04-15,5.7,14187200,"SOUTH SANTIAM RIVER NEAR FOSTER, OR",44.4123468,-122.6886956
2024-04-16,3.5,14187200,"SOUTH SANTIAM RIVER NEAR FOSTER, OR",44.4123468,-122.6886956
2024-04-17,2.5,14187200,"SOUTH SANTIAM RIVER NEAR FOSTER, OR",44.4123468,-122.6886956
2024-04-18,2.9,14187200,"SOUTH SANTIAM RIVER NEAR FOSTER, OR",44.4123468,-122.6886956
2024-04-19,5.3,14187200,"SOUTH SANTIAM RIVER NEAR FOSTER, OR",44.4123468,-122.6886956
2024-04-20,3.2,14187200,"SOUTH SANTIAM RIVER NEAR FOSTER, OR",44.4123468,-122.6886956
2024-04-21,3.9,14187200,"SOUTH SANTIAM RIVER NEAR FOSTER, OR",44.4123468,-122.6886956
2024-04-22,2.8,14187200,"SOUTH SANTIAM RIVER NEAR FOSTER, OR",44.4123468,-122.6886956
2024-04-23,2.7,14187200,"SOUTH SANTIAM RIVER NEAR FOSTER, OR",44.4123468,-122.6886956
2024-04-24,3.6,14187200,"SOUTH SANTIAM RIVER NEAR FOSTER, OR",44.4123468,-122.6886956
2024-04-25,10.8,14187200,"SOUTH SANTIAM RIVER NEAR FOSTER, OR",44.4123468,-122.6886956
2024-04-26,5.0,14187200,"SOUTH SANTIAM RIVER NEAR FOSTER, OR",44.4123468,-122.6886956
2024-04-27,13.4,14187200,"SOUTH SANTIAM RIVER NEAR FOSTER, OR",44.4123468,-122.6886956
2024-04-28,4.9,14187200,"SOUTH SANTIAM RIVER NEAR FOSTER, OR",44.4123468,-122.6886956
2024-04-29,5.1,14187200,"SOUTH SANTIAM RIVER NEAR FOSTER, OR",44.4123468,-122.6886956
2024-04-30,8.1,14187200,"SOUTH SANTIAM RIVER NEAR FOSTER, OR",44.4123468,-122.6886956
2024-05-01,17.4,14187200,"SOUTH SANTIAM RIVER NEAR FOSTER, OR",44.4123468,-122.6886956
2024-05-02,9.1,14187200,"SOUTH SANTIAM RIVER NEAR FOSTER, OR",44.4123468,-122.6886956
2024-05-03,7.1,14187200,"SOUTH SANTIAM RIVER NEAR FOSTER, OR",44.4123468,-122.6886956
2024-05-04,33.2,14187200,"SOUTH SANTIAM RIVER NEAR FOSTER, OR",44.4123468,-122.6886956
2024-05-05,57.3,14187200,"SOUTH SANTIAM RIVER NEAR FOSTER, OR",44.4123468,-122.6886956
2024-05-06,11.5,14187200,"SOUTH SANTIAM RIVER NEAR FOSTER, OR",44.4123468,-122.6886956
2024-05-07,9.0,14187200,"SOUTH SANTIAM RIVER NEAR FOSTER, OR",44.4123468,-122.6886956
2024-05-08,7.0,14187200,"SOUTH SANTIAM RIVER NEAR FOSTER, OR",44.4123468,-122.6886956
2024-05-09,13.9,14187200,"SOUTH SANTIAM RIVER NEAR FOSTER, OR",44.4123468,-122.6886956
2024-05-10,4.5,14187200,"SOUTH SANTIAM RIVER NEAR FOSTER, OR",44.4123468,-122.6886956
2024-05-11,6.1,14187200,"SOUTH SANTIAM RIVER NEAR FOSTER, OR",44.4123468,-122.6886956
2024-05-12,7.3,14187200,"SOUTH SANTIAM RIVER NEAR FOSTER, OR",44.4123468,-122.6886956
2024-05-13,3.9,14187200,"SOUTH SANTIAM RIVER NEAR FOSTER, OR",44.4123468,-122.6886956
2024-05-14,3.4,14187200,"SOUTH SANTIAM RIVER NEAR FOSTER, OR",44.4123468,-122.6886956
2024-05-15,2.4,14187200,"SOUTH SANTIAM RIVER NEAR FOSTER, OR",44.4123468,-122.6886956
2024-05-16,4.9,14187200,"SOUTH SANTIAM RIVER NEAR FOSTER, OR",44.4123468,-122.6886956
2024-05-17,2.6,14187200,"SOUTH SANTIAM RIVER NEAR FOSTER, OR",44.4123468,-122.6886956
2024-05-18,2.6,14187200,"SOUTH SANTIAM RIVER NEAR FOSTER, OR",44.4123468,-122.6886956
2024-05-19,5.2,14187200,"SOUTH SANTIAM RIVER NEAR FOSTER, OR",44.4123468,-122.6886956
2024-05-20,2.2,14187200,"SOUTH SANTIAM RIVER NEAR FOSTER, OR",44.4123468,-122.6886956
2024-05-21,4.3,14187200,"SOUTH SANTIAM RIVER NEAR FOSTER, OR",44.4123468,-122.6886956
2024-05-22,3.2,14187200,"SOUTH SANTIAM RIVER NEAR FOSTER, OR",44.4123468,-122.6886956
2024-05-23,5.2,14187200,"SOUTH SANTIAM RIVER NEAR FOSTER, OR",44.4123468,-122.6886956
2024-05-24,3.6,14187200,"SOUTH SANTIAM RIVER NEAR FOSTER, OR",44.4123468,-122.6886956
2024-05-25,4.2,14187200,"SOUTH SANTIAM RIVER NEAR FOSTER, OR",44.4123468,-122.6886956
2024-05-26,7.1,14187200,"SOUTH SANTIAM RIVER NEAR FOSTER, OR",44.4123468,-122.6886956
2024-05-27,12.1,14187200,"SOUTH SANTIAM RIVER NEAR FOSTER, OR",44.4123468,-122.6886956
2024-05-28,2.4,14187200,"SOUTH SANTIAM RIVER NEAR FOSTER, OR",44.4123468,-122.6886956
2024-05-29,6.1,14187200,"SOUTH SANTIAM RIVER NEAR FOSTER, OR",44.4123468,-122.6886956
2024-05-30,3.1,14187200,"SOUTH SANTIAM RIVER NEAR FOSTER, OR",44.4123468,-122.6886956
2024-05-31,5.1,14187200,"SOUTH SANTIAM RIVER NEAR FOSTER, OR",44.4123468,-122.6886956
2024-06-01,5.0,14187200,"SOUTH SANTIAM RIVER NEAR FOSTER, OR",44.4123468,-122.6886956
2024-06-02,3.0,14187200,"SOUTH SANTIAM RIVER NEAR FOSTER, OR",44.4123468,-122.6886956
2024-06-03,4.7,14187200,"SOUTH SANTIAM RIVER NEAR FOSTER, OR",44.4123468,-122.6886956
2024-06-04,4.6,14187200,"SOUTH SANTIAM RIVER NEAR FOSTER, OR",44.4123468,-122.6886956
2024-06-05,6.3,14187200,"SOUTH SANTIAM RIVER NEAR FOSTER, OR",44.4123468,-122.6886956
2024-06-06,5.8,14187200,"SOUTH SANTIAM RIVER NEAR FOSTER, OR",44.4123468,-122.6886956
2024-06-07,5.0,14187200,"SOUTH SANTIAM RIVER NEAR FOSTER, OR",44.4123468,-122.6886956
2024-06-08,3.9,14187200,"SOUTH SANTIAM RIVER NEAR FOSTER, OR",44.4123468,-122.6886956
2024-06-09,4.8,14187200,"SOUTH SANTIAM RIVER NEAR FOSTER, OR",44.4123468,-122.6886956
2024-06-10,3.6,14187200,"SOUTH SANTIAM RIVER NEAR FOSTER, OR",44.4123468,-122.6886956
2024-06-11,3.9,14187200,"SOUTH SANTIAM RIVER NEAR FOSTER, OR",44.4123468,-122.6886956
2024-06-12,8.6,14187200,"SOUTH SANTIAM RIVER NEAR FOSTER, OR",44.4123468,-122.6886956
2024-06-13,11.0,14187200,"SOUTH SANTIAM RIVER NEAR FOSTER, OR",44.4123468,-122.6886956
2024-06-14,6.8,14187200,"SOUTH SANTIAM RIVER NEAR FOSTER, OR",44.4123468,-122.6886956
2024-06-15,6.1,14187200,"SOUTH SANTIAM RIVER NEAR FOSTER, OR",44.4123468,-122.6886956
2024-06-16,6.0,14187200,"SOUTH SANTIAM RIVER NEAR FOSTER, OR",44.4123468,-122.6886956
2024-06-17,5.3,14187200,"SOUTH SANTIAM RIVER NEAR FOSTER, OR",44.4123468,-122.6886956
2024-06-18,5.4,14187200,"SOUTH SANTIAM RIVER NEAR FOSTER, OR",44.4123468,-122.6886956
2024-06-19,8.3,14187200,"SOUTH SANTIAM RIVER NEAR FOSTER, OR",44.4123468,-122.6886956
2024-06-20,5.3,14187200,"SOUTH SANTIAM RIVER NEAR FOSTER, OR",44.4123468,-122.6886956
2024-06-21,8.5,14187200,"SOUTH SANTIAM RIVER NEAR FOSTER, OR",44.4123468,-122.6886956
2024-06-22,7.3,14187200,"SOUTH SANTIAM RIVER NEAR FOSTER, OR",44.4123468,-122.6886956
2024-06-23,6.9,14187200,"SOUTH SANTIAM RIVER NEAR FOSTER, OR",44.4123468,-122.6886956
2024-06-24,6.4,14187200,"SOUTH SANTIAM RIVER NEAR FOSTER, OR",44.4123468,-122.6886956
2024-06-25,6.8,14187200,"SOUTH SANTIAM RIVER NEAR FOSTER, OR",44.4123468,-122.6886956
2024-06-26,10.1,14187200,"SOUTH SANTIAM RIVER NEAR FOSTER, OR",44.4123468,-122.6886956
2024-06-27,12.5,14187200,"SOUTH SANTIAM RIVER NEAR FOSTER, OR",44.4123468,-122.6886956
2024-06-28,8.7,14187200,"SOUTH SANTIAM RIVER NEAR FOSTER, OR",44.4123468,-122.6886956
2024-06-29,5.4,14187200,"SOUTH SANTIAM RIVER NEAR FOSTER, OR",44.4123468,-122.6886956
2024-06-30,6.0,14187200,"SOUTH SANTIAM RIVER NEAR FOSTER, OR",44.4123468,-122.6886956
2024-07-01,9.7,14187200,"SOUTH SANTIAM RIVER NEAR FOSTER, OR",44.4123468,-122.6886956
2024-07-02,5.3,14187200,"SOUTH SANTIAM RIVER NEAR FOSTER, OR",44.4123468,-122.6886956
2024-07-03,10.3,14187200,"SOUTH SANTIAM RIVER NEAR FOSTER, OR",44.4123468,-122.6886956
2024-07-04,9.0,14187200,"SOUTH SANTIAM RIVER NEAR FOSTER, OR",44.4123468,-122.6886956
2024-07-05,6.3,14187200,"SOUTH SANTIAM RIVER NEAR FOSTER, OR",44.4123468,-122.6886956
2024-07-06,3.3,14187200,"SOUTH SANTIAM RIVER NEAR FOSTER, OR",44.4123468,-122.6886956
2024-07-07,9.4,14187200,"SOUTH SANTIAM RIVER NEAR FOSTER, OR",44.4123468,-122.6886956
2024-07-08,4.1,14187200,"SOUTH SANTIAM RIVER NEAR FOSTER, OR",44.4123468,-122.6886956
2024-07-09,11.3,14187200,"SOUTH SANTIAM RIVER NEAR FOSTER, OR",44.4123468,-122.6886956
2024-07-10,4.3,14187200,"SOUTH SANTIAM RIVER NEAR FOSTER, OR",44.4123468,-122.6886956
2024-07-11,8.8,14187200,"SOUTH SANTIAM RIVER NEAR FOSTER, OR",44.4123468,-122.6886956
2024-07-12,8.0,14187200,"SOUTH SANTIAM RIVER NEAR FOSTER, OR",44.4123468,-122.6886956
2024-07-13,8.8,14187200,"SOUTH SANTIAM RIVER NEAR FOSTER, OR",44.4123468,-122.6886956
2024-07-14,7.0,14187200,"SOUTH SANTIAM RIVER NEAR FOSTER, OR",44.4123468,-122.6886956
2024-07-15,4.8,14187200,"SOUTH SANTIAM RIVER NEAR FOSTER, OR",44.4123468,-122.6886956
2024-07-16,4.6,14187200,"SOUTH SANTIAM RIVER NEAR FOSTER, OR",44.4123468,-122.6886956
2024-07-17,7.7,14187200,"SOUTH SANTIAM RIVER NEAR FOSTER, OR",44.4123468,-122.6886956
2024-07-18,1.6,14187200,"SOUTH SANTIAM RIVER NEAR FOSTER, OR",44.4123468,-122.6886956
2024-07-19,1.7,14187200,"SOUTH SANTIAM RIVER NEAR FOSTER, OR",44.4123468,-122.6886956
2024-07-20,2.9,14187200,"SOUTH SANTIAM RIVER NEAR FOSTER, OR",44.4123468,-122.6886956
2024-07-21,2.9,14187200,"SOUTH SANTIAM RIVER NEAR FOSTER, OR",44.4123468,-122.6886956
2024-07-22,0.8,14187200,"SOUTH SANTIAM RIVER NEAR FOSTER, OR",44.4123468,-122.6886956
2024-07-23,0.8,14187200,"SOUTH SANTIAM RIVER NEAR FOSTER, OR",44.4123468,-122.6886956
2024-07-24,1.8,14187200,"SOUTH SANTIAM RIVER NEAR FOSTER, OR",44.4123468,-122.6886956
2024-07-25,1.0,14187200,"SOUTH SANTIAM RIVER NEAR FOSTER, OR",44.4123468,-122.6886956
2024-07-26,2.5,14187200,"SOUTH SANTIAM RIVER NEAR FOSTER, OR",44.4123468,-122.6886956
2024-07-27,1.8,14187200,"SOUTH SANTIAM RIVER NEAR FOSTER, OR",44.4123468,-122.6886956
2024-07-28,1.3,14187200,"SOUTH SANTIAM RIVER NEAR FOSTER, OR",44.4123468,-122.6886956
2024-07-29,3.0,14187200,"SOUTH SANTIAM RIVER NEAR FOSTER, OR",44.4123468,-122.6886956
2024-07-30,1.0,14187200,"SOUTH SANTIAM RIVER NEAR FOSTER, OR",44.4123468,-122.6886956
2024-07-31,1.0,14187200,"SOUTH SANTIAM RIVER NEAR FOSTER, OR",44.4123468,-122.6886956
2024-08-01,1.5,14187200,"SOUTH SANTIAM RIVER NEAR FOSTER, OR",44.4123468,-122.6886956
2024-08-02,1.1,14187200,"SOUTH SANTIAM RIVER NEAR FOSTER, OR",44.4123468,-122.6886956
2024-08-03,2.3,14187200,"SOUTH SANTIAM RIVER NEAR FOSTER, OR",44.4123468,-122.6886956
2024-08-04,1.5,14187200,"SOUTH SANTIAM RIVER NEAR FOSTER, OR",44.4123468,-122.6886956
2024-08-05,1.9,14187200,"SOUTH SANTIAM RIVER NEAR FOSTER, OR",44.4123468,-122.6886956
2024-08-06,1.1,14187200,"SOUTH SANTIAM RIVER NEAR FOSTER, OR",44.4123468,-122.6886956
2024-08-07,2.4,14187200,"SOUTH SANTIAM RIVER NEAR FOSTER, OR",44.4123468,-122.6886956
2024-08-08,2.0,14187200,"SOUTH SANTIAM RIVER NEAR FOSTER, OR",44.4123468,-122.6886956
2024-08-09,1.8,14187200,"SOUTH SANTIAM RIVER NEAR FOSTER, OR",44.4123468,-122.6886956
2024-08-10,1.3,14187200,"SOUTH SANTIAM RIVER NEAR FOSTER, OR",44.4123468,-122.6886956
2024-08-11,1.4,14187200,"SOUTH SANTIAM RIVER NEAR FOSTER, OR",44.4123468,-122.6886956
2024-08-12,2.1,14187200,"SOUTH SANTIAM RIVER NEAR FOSTER, OR",44.4123468,-122.6886956
2024-08-13,1.8,14187200,"SOUTH SANTIAM RIVER NEAR FOSTER, OR",44.4123468,-122.6886956
2024-08-14,1.1,14187200,"SOUTH SANTIAM RIVER NEAR FOSTER, OR",44.4123468,-122.6886956
2024-08-15,2.0,14187200,"SOUTH SANTIAM RIVER NEAR FOSTER, OR",44.4123468,-122.6886956
2024-08-16,1.6,14187200,"SOUTH SANTIAM RIVER NEAR FOSTER, OR",44.4123468,-122.6886956
2024-08-17,2.5,14187200,"SOUTH SANTIAM RIVER NEAR FOSTER, OR",44.4123468,-122.6886956
2024-08-18,3.0,14187200,"SOUTH SANTIAM RIVER NEAR FOSTER, OR",44.4123468,-122.6886956
2024-08-19,0.9,14187200,"SOUTH SANTIAM RIVER NEAR FOSTER, OR",44.4123468,-122.6886956
2024-08-20,0.9,14187200,"SOUTH SANTIAM RIVER NEAR FOSTER, OR",44.4123468,-122.6886956
2024-08-21,2.2,14187200,"SOUTH SANTIAM RIVER NEAR FOSTER, OR",44.4123468,-122.6886956
2024-08-22,1.6,14187200,"SOUTH SANTIAM RIVER NEAR FOSTER, OR",44.4123468,-122.6886956
2024-08-23,1.4,14187200,"SOUTH SANTIAM RIVER NEAR FOSTER, OR",44.4123468,-122.6886956
2024-08-24,2.1,14187200,"SOUTH SANTIAM RIVER NEAR FOSTER, OR",44.4123468,-122.6886956
2024-08-25,2.7,14187200,"SOUTH SANTIAM RIVER NEAR FOSTER, OR",44.4123468,-122.6886956
2024-08-26,2.7,14187200,"SOUTH SANTIAM RIVER NEAR FOSTER, OR",44.4123468,-122.6886956
2024-08-27,1.2,14187200,"SOUTH SANTIAM RIVER NEAR FOSTER, OR",44.4123468,-122.6886956
2024-08-28,1.3,14187200,"SOUTH SANTIAM RIVER NEAR FOSTER, OR",44.4123468,-122.6886956
2024-08-29,1.0,14187200,"SOUTH SANTIAM RIVER NEAR FOSTER, OR",44.4123468,-122.6886956
2024-08-30,2.3,14187200,"SOUTH SANTIAM RIVER NEAR FOSTER, OR",44.4123468,-122.6886956
2024-08-31,1.4,14187200,"SOUTH SANTIAM RIVER NEAR FOSTER, OR",44.4123468,-122.6886956
2024-09-01,1.2,14187200,"SOUTH SANTIAM RIVER NEAR FOSTER, OR",44.4123468,-122.6886956
2024-09-02,3.0,14187200,"SOUTH SANTIAM RIVER NEAR FOSTER, OR",44.4123468,-122.6886956
2024-09-03,2.8,14187200,"SOUTH SANTIAM RIVER NEAR FOSTER, OR",44.4123468,-122.6886956
2024-09-04,1.8,14187200,"SOUTH SANTIAM RIVER NEAR FOSTER, OR",44.4123468,-122.6886956
2024-09-05,1.5,14187200,"SOUTH SANTIAM RIVER NEAR FOSTER, OR",44.4123468,-122.6886956
2024-09-06,2.9,14187200,"SOUTH SANTIAM RIVER NEAR FOSTER, OR",44.4123468,-122.6886956
2024-09-07,1.1,14187200,"SOUTH SANTIAM RIVER NEAR FOSTER, OR",44.4123468,-122.6886956
2024-09-08,2.4,14187200,"SOUTH SANTIAM RIVER NEAR FOSTER, OR",44.4123468,-122.6886956
2024-09-09,1.9,14187200,"SOUTH SANTIAM RIVER NEAR FOSTER, OR",44.4123468,-122.6886956
2024-09-10,10.4,14187200,"SOUTH SANTIAM RIVER NEAR FOSTER, OR",44.4123468,-122.6886956
2024-09-11,15.6,14187200,"SOUTH SANTIAM RIVER NEAR FOSTER, OR",44.4123468,-122.6886956
2024-09-12,2.0,14187200,"SOUTH SANTIAM RIVER NEAR FOSTER, OR",44.4123468,-122.6886956
2024-09-13,2.6,14187200,"SOUTH SANTIAM RIVER NEAR FOSTER, OR",44.4123468,-122.6886956
2024-09-14,3.7,14187200,"SOUTH SANTIAM RIVER NEAR FOSTER, OR",44.4123468,-122.6886956
2024-09-15,2.0,14187200,"SOUTH SANTIAM RIVER NEAR FOSTER, OR",44.4123468,-122.6886956
2024-09-16,1.9,14187200,"SOUTH SANTIAM RIVER NEAR FOSTER, OR",44.4123468,-122.6886956
2024-09-17,2.2,14187200,"SOUTH SANTIAM RIVER NEAR FOSTER, OR",44.4123468,-122.6886956
2024-09-18,2.7,14187200,"SOUTH SANTIAM RIVER NEAR FOSTER, OR",44.4123468,-122.6886956
2024-09-19,1.7,14187200,"SOUTH SANTIAM RIVER NEAR FOSTER, OR",44.4123468,-122.6886956
2024-09-20,1.6,14187200,"SOUTH SANTIAM RIVER NEAR FOSTER, OR",44.4123468,-122.6886956
2024-09-21,1.9,14187200,"SOUTH SANTIAM RIVER NEAR FOSTER, OR",44.4123468,-122.6886956
2024-09-22,1.9,14187200,"SOUTH SANTIAM RIVER NEAR FOSTER, OR",44.4123468,-122.6886956
2024-09-23,2.5,14187200,"SOUTH SANTIAM RIVER NEAR FOSTER, OR",44.4123468,-122.6886956
2024-09-24,2.0,14187200,"SOUTH SANTIAM RIVER NEAR FOSTER, OR",44.4123468,-122.6886956
2024-09-25,1.8,14187200,"SOUTH SANTIAM RIVER NEAR FOSTER, OR",44.4123468,-122.6886956
2024-09-26,2.0,14187200,"SOUTH SANTIAM RIVER NEAR FOSTER, OR",44.4123468,-122.6886956
2024-09-27,1.7,14187200,"SOUTH SANTIAM RIVER NEAR FOSTER, OR",44.4123468,-122.6886956
2024-09-28,1.9,14187200,"SOUTH SANTIAM RIVER NEAR FOSTER, OR",44.4123468,-122.6886956
2024-09-29,2.8,14187200,"SOUTH SANTIAM RIVER NEAR FOSTER, OR",44.4123468,-122.6886956
2024-09-30,3.2,14187200,"SOUTH SANTIAM RIVER NEAR FOSTER, OR",44.4123468,-122.6886956
2024-01-01,44.2,14187500,"SOUTH SANTIAM RIVER AT WATERLOO, OR",44.4984564,-122.8234214
2024-01-02,46.6,14187500,"SOUTH SANTIAM RIVER AT WATERLOO, OR",44.4984564,-122.8234214
2024-01-03,44.5,14187500,"SOUTH SANTIAM RIVER AT WATERLOO, OR",44.4984564,-122.8234214
2024-01-04,41.4,14187500,"SOUTH SANTIAM RIVER AT WATERLOO, OR",44.4984564,-122.8234214
2024-01-05,37.8,14187500,"SOUTH SANTIAM RIVER AT WATERLOO, OR",44.4984564,-122.8234214
2024-01-06,39.7,14187500,"SOUTH SANTIAM RIVER AT WATERLOO, OR",44.4984564,-122.8234214
2024-01-07,41.3,14187500,"SOUTH SANTIAM RIVER AT WATERLOO, OR",44.4984564,-122.8234214
2024-01-08,42.0,14187500,"SOUTH SANTIAM RIVER AT WATERLOO, OR",44.4984564,-122.8234214
2024-01-09,46.2,14187500,"SOUTH SANTIAM RIVER AT WATERLOO, OR",44.4984564,-122.8234214
2024-01-10,34.8,14187500,"SOUTH SANTIAM RIVER AT WATERLOO, OR",44.4984564,-122.8234214
2024-01-11,29.7,14187500,"SOUTH SANTIAM RIVER AT WATERLOO, OR",44.4984564,-122.8234214
2024-01-12,25.0,14187500,"SOUTH SANTIAM RIVER AT WATERLOO, OR",44.4984564,-122.8234214
2024-01-13,27.3,14187500,"SOUTH SANTIAM RIVER AT WATERLOO, OR",44.4984564,-122.8234214
2024-01-14,32.1,14187500,"SOUTH SANTIAM RIVER AT WATERLOO, OR",44.4984564,-122.8234214
2024-01-15,28.1,14187500,"SOUTH SANTIAM RIVER AT WATERLOO, OR",44.4984564,-122.8234214
2024-01-16,26.8,14187500,"SOUTH SANTIAM RIVER AT WATERLOO, OR",44.4984564,-122.8234214
2024-01-17,170.0,14187500,"SOUTH SANTIAM RIVER AT WATERLOO, OR",44.4984564,-122.8234214
2024-01-18,105.0,14187500,"SOUTH SANTIAM RIVER AT WATERLOO, OR",44.4984564,-122.8234214
2024-01-19,67.2,14187500,"SOUTH SANTIAM RIVER AT WATERLOO, OR",44.4984564,-122.8234214
2024-01-20,52.5,14187500,"SOUTH SANTIAM RIVER AT WATERLOO, OR",44.4984564,-122.8234214
2024-01-21,38.5,14187500,"SOUTH SANTIAM RIVER AT WATERLOO, OR",44.4984564,-122.8234214
2024-01-22,30.2,14187500,"SOUTH SANTIAM RIVER AT WATERLOO, OR",44.4984564,-122.8234214
2024-01-23,51.8,14187500,"SOUTH SANTIAM RIVER AT WATERLOO, OR",44.4984564,-122.8234214
2024-01-24,51.0,14187500,"SOUTH SANTIAM RIVER AT WATERLOO, OR",44.4984564,-122.8234214
2024-01-25,24.7,14187500,"SOUTH SANTIAM RIVER AT WATERLOO, OR",44.4984564,-122.8234214
2024-01-26,36.2,14187500,"SOUTH SANTIAM RIVER AT WATERLOO, OR",44.4984564,-122.8234214
2024-01-27,32.6,14187500,"SOUTH SANTIAM RIVER AT WATERLOO, OR",44.4984564,-122.8234214
2024-01-28,34.9,14187500,"SOUTH SANTIAM RIVER AT WATERLOO, OR",44.4984564,-122.8234214
2024-01-29,24.3,14187500,"SOUTH SANTIAM RIVER AT WATERLOO, OR",44.4984564,-122.8234214
2024-01-30,19.1,14187500,"SOUTH SANTIAM RIVER AT WATERLOO, OR",44.4984564,-122.8234214
2024-01-31,23.5,14187500,"SOUTH SANTIAM RIVER AT WATERLOO, OR",44.4984564,-122.8234214
2024-02-01,19.3,14187500,"SOUTH SANTIAM RIVER AT WATERLOO, OR",44.4984564,-122.8234214
2024-02-02,30.2,14187500,"SOUTH SANTIAM RIVER AT WATERLOO, OR",44.4984564,-122.8234214
2024-02-03,22.1,14187500,"SOUTH SANTIAM RIVER AT WATERLOO, OR",44.4984564,-122.8234214
2024-02-04,23.4,14187500,"SOUTH SANTIAM RIVER AT WATERLOO, OR",44.4984564,-122.8234214
2024-02-05,25.9,14187500,"SOUTH SANTIAM RIVER AT WATERLOO, OR",44.4984564,-122.8234214
2024-02-06,28.1,14187500,"SOUTH SANTIAM RIVER AT WATERLOO, OR",44.4984564,-122.8234214
2024-02-07,30.4,14187500,"SOUTH SANTIAM RIVER AT WATERLOO, OR",44.4984564,-122.8234214
2024-02-08,18.6,14187500,"SOUTH SANTIAM RIVER AT WATERLOO, OR",44.4984564,-122.8234214
2024-02-09,20.1,14187500,"SOUTH SANTIAM RIVER AT WATERLOO, OR",44.4984564,-122.8234214
2024-02-10,18.0,14187500,"SOUTH SANTIAM RIVER AT WATERLOO, OR",44.4984564,-122.8234214
2024-02-11,23.7,14187500,"SOUTH SANTIAM RIVER AT WATERLOO, OR",44.4984564,-122.8234214
2024-02-12,17.4,14187500,"SOUTH SANTIAM RIVER AT WATERLOO, OR",44.4984564,-122.8234214
2024-02-13,14.4,14187500,"SOUTH SANTIAM RIVER AT WATERLOO, OR",44.4984564,-122.8234214
2024-02-14,16.2,14187500,"SOUTH SANTIAM RIVER AT WATERLOO, OR",44.4984564,-122.8234214
2024-02-15,16.1,14187500,"SOUTH SANTIAM RIVER AT WATERLOO, OR",44.4984564,-122.8234214
2024-02-16,28.5,14187500,"SOUTH SANTIAM RIVER AT WATERLOO, OR",44.4984564,-122.8234214
2024-02-17,16.6,14187500,"SOUTH SANTIAM RIVER AT WATERLOO, OR",44.4984564,-122.8234214
2024-02-18,12.5,14187500,"SOUTH SANTIAM RIVER AT WATERLOO, OR",44.4984564,-122.8234214
2024-02-19,14.5,14187500,"SOUTH SANTIAM RIVER AT WATERLOO, OR",44.4984564,-122.8234214
2024-02-20,8.8,14187500,"SOUTH SANTIAM RIVER AT WATERLOO, OR",44.4984564,-122.8234214
2024-02-21,9.7,14187500,"SOUTH SANTIAM RIVER AT WATERLOO, OR",44.4984564,-122.8234214
2024-02-22,8.1,14187500,"SOUTH SANTIAM RIVER AT WATERLOO, OR",44.4984564,-122.8234214
2024-02-23,7.4,14187500,"SOUTH SANTIAM RIVER AT WATERLOO, OR",44.4984564,-122.8234214
2024-02-24,9.3,14187500,"SOUTH SANTIAM RIVER AT WATERLOO, OR",44.4984564,-122.8234214
2024-02-25,6.4,14187500,"SOUTH SANTIAM RIVER AT WATERLOO, OR",44.4984564,-122.8234214
2024-02-26,12.7,14187500,"SOUTH SANTIAM RIVER AT WATERLOO, OR",44.4984564,-122.8234214
2024-02-27,7.5,14187500,"SOUTH SANTIAM RIVER AT WATERLOO, OR",44.4984564,-122.8234214
2024-02-28,10.5,14187500,"SOUTH SANTIAM RIVER AT WATERLOO, OR",44.4984564,-122.8234214
2024-02-29,26.3,14187500,"SOUTH SANTIAM RIVER AT WATERLOO, OR",44.4984564,-122.8234214
2024-03-01,16.5,14187500,"SOUTH SANTIAM RIVER AT WATERLOO, OR",44.4984564,-122.8234214
2024-03-02,12.6,14187500,"SOUTH SANTIAM RIVER AT WATERLOO, OR",44.4984564,-122.8234214
2024-03-03,10.9,14187500,"SOUTH SANTIAM RIVER AT WATERLOO, OR",44.4984564,-122.8234214
2024-03-04,9.3,14187500,"SOUTH SANTIAM RIVER AT WATERLOO, OR",44.4984564,-122.8234214
2024-03-05,8.7,14187500,"SOUTH SANTIAM RIVER AT WATERLOO, OR",44.4984564,-122.8234214
2024-03-06,15.1,14187500,"SOUTH SANTIAM RIVER AT WATERLOO, OR",44.4984564,-122.8234214
2024-03-07,14.3,14187500,"SOUTH SANTIAM RIVER AT WATERLOO, OR",44.4984564,-122.8234214
2024-03-08,7.1,14187500,"SOUTH SANTIAM RIVER AT WATERLOO, OR",44.4984564,-122.8234214
2024-03-09,6.7,14187500,"SOUTH SANTIAM RIVER AT WATERLOO, OR",44.4984564,-122.8234214
2024-03-10,4.4,14187500,"SOUTH SANTIAM RIVER AT WATERLOO, OR",44.4984564,-122.8234214
2024-03-11,13.6,14187500,"SOUTH SANTIAM RIVER AT WATERLOO, OR",44.4984564,-122.8234214
2024-03-12,13.9,14187500,"SOUTH SANTIAM RIVER AT WATERLOO, OR",44.4984564,-122.8234214
2024-03-13,8.4,14187500,"SOUTH SANTIAM RIVER AT WATERLOO, OR",44.4984564,-122.8234214
2024-03-14,6.8,14187500,"SOUTH SANTIAM RIVER AT WATERLOO, OR",44.4984564,-122.8234214
2024-03-15,6.0,14187500,"SOUTH SANTIAM RIVER AT WATERLOO, OR",44.4984564,-122.8234214
2024-03-16,6.0,14187500,"SOUTH SANTIAM RIVER AT WATERLOO, OR",44.4984564,-122.8234214
2024-03-17,5.1,14187500,"SOUTH SANTIAM RIVER AT WATERLOO, OR",44.4984564,-122.8234214
2024-03-18,2.7,14187500,"SOUTH SANTIAM RIVER AT WATERLOO, OR",44.4984564,-122.8234214
2024-03-19,9.3,14187500,"SOUTH SANTIAM RIVER AT WATERLOO, OR",44.4984564,-122.8234214
2024-03-20,4.0,14187500,"SOUTH SANTIAM RIVER AT WATERLOO, OR",44.4984564,-122.8234214
2024-03-21,5.0,14187500,"SOUTH SANTIAM RIVER AT WATERLOO, OR",44.4984564,-122.8234214
2024-03-22,3.6,14187500,"SOUTH SANTIAM RIVER AT WATERLOO, OR",44.4984564,-122.8234214
2024-03-23,4.2,14187500,"SOUTH SANTIAM RIVER AT WATERLOO, OR",44.4984564,-122.8234214
2024-03-24,6.5,14187500,"SOUTH SANTIAM RIVER AT WATERLOO, OR",44.4984564,-122.8234214
2024-03-25,4.2,14187500,"SOUTH SANTIAM RIVER AT WATERLOO, OR",44.4984564,-122.8234214
2024-03-26,4.2,14187500,"SOUTH SANTIAM RIVER AT WATERLOO, OR",44.4984564,-122.8234214
2024-03-27,5.5,14187500,"SOUTH SANTIAM RIVER AT WATERLOO, OR",44.4984564,-122.8234214
2024-03-28,6.3,14187500,"SOUTH SANTIAM RIVER AT WATERLOO, OR",44.4984564,-122.8234214
2024-03-29,5.0,14187500,"SOUTH SANTIAM RIVER AT WATERLOO, OR",44.4984564,-122.8234214
2024-03-30,4.2,14187500,"SOUTH SANTIAM RIVER AT WATERLOO, OR",44.4984564,-122.8234214
2024-03-31,10.3,14187500,"SOUTH SANTIAM RIVER AT WATERLOO, OR",44.4984564,-122.8234214
2024-04-01,3.5,14187500,"SOUTH SANTIAM RIVER AT WATERLOO, OR",44.4984564,-122.8234214
2024-04-02,6.0,14187500,"SOUTH SANTIAM RIVER AT WATERLOO, OR",44.4984564,-122.8234214
2024-04-03,3.0,14187500,"SOUTH SANTIAM RIVER AT WATERLOO, OR",44.4984564,-122.8234214
2024-04-04,4.8,14187500,"SOUTH SANTIAM RIVER AT WATERLOO, OR",44.4984564,-122.8234214
2024-04-05,4.8,14187500,"SOUTH SANTIAM RIVER AT WATERLOO, OR",44.4984564,-122.8234214
2024-04-06,5.7,14187500,"SOUTH SANTIAM RIVER AT WATERLOO, OR",44.4984564,-122.8234214
2024-04-07,4.5,14187500,"SOUTH SANTIAM RIVER AT WATERLOO, OR",44.4984564,-122.8234214
2024-04-08,6.6,14187500,"SOUTH SANTIAM RIVER AT WATERLOO, OR",44.4984564,-122.8234214
2024-04-09,9.4,14187500,"SOUTH SANTIAM RIVER AT WATERLOO, OR",44.4984564,-122.8234214
2024-04-10,8.6,14187500,"SOUTH SANTIAM RIVER AT WATERLOO, OR",44.4984564,-122.8234214
2024-04-11,8.1,14187500,"SOUTH SANTIAM RIVER AT WATERLOO, OR",44.4984564,-122.8234214
2024-04-12,5.7,14187500,"SOUTH SANTIAM RIVER AT WATERLOO, OR",44.4984564,-122.8234214
2024-04-13,6.9,14187500,"SOUTH SANTIAM RIVER AT WATERLOO, OR",44.4984564,-122.8234214
2024-04-14,6.0,14187500,"SOUTH SANTIAM RIVER AT WATERLOO, OR",44.4984564,-122.8234214
2024-04-15,11.7,14187500,"SOUTH SANTIAM RIVER AT WATERLOO, OR",44.4984564,-122.8234214
2024-04-16,4.7,14187500,"SOUTH SANTIAM RIVER AT WATERLOO, OR",44.4984564,-122.8234214
2024-04-17,4.5,14187500,"SOUTH SANTIAM RIVER AT WATERLOO, OR",44.4984564,-122.8234214
2024-04-18,4.5,14187500,"SOUTH SANTIAM RIVER AT WATERLOO, OR",44.4984564,-122.8234214
2024-04-19,4.2,14187500,"SOUTH SANTIAM RIVER AT WATERLOO, OR",44.4984564,-122.8234214
2024-04-20,6.0,14187500,"SOUTH SANTIAM RIVER AT WATERLOO, OR",44.4984564,-122.8234214
2024-04-21,6.0,14187500,"SOUTH SANTIAM RIVER AT WATERLOO, OR",44.4984564,-122.8234214
2024-04-22,9.7,14187500,"SOUTH SANTIAM RIVER AT WATERLOO, OR",44.4984564,-122.8234214
2024-04-23,9.7,14187500,"SOUTH SANTIAM RIVER AT WATERLOO, OR",44.4984564,-122.8234214
2024-04-24,14.1,14187500,"SOUTH SANTIAM RIVER AT WATERLOO, OR",44.4984564,-122.8234214
2024-04-25,12.1,14187500,"SOUTH SANTIAM RIVER AT WATERLOO, OR",44.4984564,-122.8234214
2024-04-26,15.7,14187500,"SOUTH SANTIAM RIVER AT WATERLOO, OR",44.4984564,-122.8234214
2024-04-27,15.2,14187500,"SOUTH SANTIAM RIVER AT WATERLOO, OR",44.4984564,-122.8234214
2024-04-28,13.7,14187500,"SOUTH SANTIAM RIVER AT WATERLOO, OR",44.4984564,-122.8234214
2024-04-29,12.3,14187500,"SOUTH SANTIAM RIVER AT WATERLOO, OR",44.4984564,-122.8234214
2024-04-30,9.1,14187500,"SOUTH SANTIAM RIVER AT WATERLOO, OR",44.4984564,-122.8234214
2024-05-01,4.4,14187500,"SOUTH SANTIAM RIVER AT WATERLOO, OR",44.4984564,-122.8234214
2024-05-02,6.4,14187500,"SOUTH SANTIAM RIVER AT WATERLOO, OR",44.4984564,-122.8234214
2024-05-03,5.7,14187500,"SOUTH SANTIAM RIVER AT WATERLOO, OR",44.4984564,-122.8234214
2024-05-04,17.9,14187500,"SOUTH SANTIAM RIVER AT WATERLOO, OR",44.4984564,-122.8234214
2024-05-05,20.2,14187500,"SOUTH SANTIAM RIVER AT WATERLOO, OR",44.4984564,-122.8234214
2024-05-06,9.6,14187500,"SOUTH SANTIAM RIVER AT WATERLOO, OR",44.4984564,-122.8234214
2024-05-07,12.3,14187500,"SOUTH SANTIAM RIVER AT WATERLOO, OR",44.4984564,-122.8234214
2024-05-08,5.7,14187500,"SOUTH SANTIAM RIVER AT WATERLOO, OR",44.4984564,-122.8234214
2024-05-09,4.8,14187500,"SOUTH SANTIAM RIVER AT WATERLOO, OR",44.4984564,-122.8234214
2024-05-10,3.6,14187500,"SOUTH SANTIAM RIVER AT WATERLOO, OR",44.4984564,-122.8234214
2024-05-11,3.7,14187500,"SOUTH SANTIAM RIVER AT WATERLOO, OR",44.4984564,-122.8234214
2024-05-12,2.3,14187500,"SOUTH SANTIAM RIVER AT WATERLOO, OR",44.4984564,-122.8234214
2024-05-13,2.9,14187500,"SOUTH SANTIAM RIVER AT WATERLOO, OR",44.4984564,-122.8234214
2024-05-14,1.9,14187500,"SOUTH SANTIAM RIVER AT WATERLOO, OR",44.4984564,-122.8234214
2024-05-15,4.1,14187500,"SOUTH SANTIAM RIVER AT WATERLOO, OR",44.4984564,-122.8234214
2024-05-16,2.3,14187500,"SOUTH SANTIAM RIVER AT WATERLOO, OR",44.4984564,-122.8234214
2024-05-17,4.3,14187500,"SOUTH SANTIAM RIVER AT WATERLOO, OR",44.4984564,-122.8234214
2024-05-18,3.1,14187500,"SOUTH SANTIAM RIVER AT WATERLOO, OR",44.4984564,-122.8234214
2024-05-19,3.7,14187500,"SOUTH SANTIAM RIVER AT WATERLOO, OR",44.4984564,-122.8234214
2024-05-20,4.1,14187500,"SOUTH SANTIAM RIVER AT WATERLOO, OR",44.4984564,-122.8234214
2024-05-21,4.2,14187500,"SOUTH SANTIAM RIVER AT WATERLOO, OR",44.4984564,-122.8234214
2024-05-22,4.3,14187500,"SOUTH SANTIAM RIVER AT WATERLOO, OR",44.4984564,-122.8234214
2024-05-23,7.5,14187500,"SOUTH SANTIAM RIVER AT WATERLOO, OR",44.4984564,-122.8234214
2024-05-24,5.3,14187500,"SOUTH SANTIAM RIVER AT WATERLOO, OR",44.4984564,-122.8234214
2024-05-25,4.2,14187500,"SOUTH SANTIAM RIVER AT WATERLOO, OR",44.4984564,-122.8234214
2024-05-26,6.5,14187500,"SOUTH SANTIAM RIVER AT WATERLOO, OR",44.4984564,-122.8234214
2024-05-27,6.8,14187500,"SOUTH SANTIAM RIVER AT WATERLOO, OR",44.4984564,-122.8234214
2024-05-28,4.6,14187500,"SOUTH SANTIAM RIVER AT WATERLOO, OR",44.4984564,-122.8234214
2024-05-29,4.9,14187500,"SOUTH SANTIAM RIVER AT WATERLOO, OR",44.4984564,-122.8234214
2024-05-30,4.2,14187500,"SOUTH SANTIAM RIVER AT WATERLOO, OR",44.4984564,-122.8234214
2024-05-31,6.7,14187500,"SOUTH SANTIAM RIVER AT WATERLOO, OR",44.4984564,-122.8234214
2024-06-01,6.1,14187500,"SOUTH SANTIAM RIVER AT WATERLOO, OR",44.4984564,-122.8234214
2024-06-02,7.7,14187500,"SOUTH SANTIAM RIVER AT WATERLOO, OR",44.4984564,-122.8234214
2024-06-03,7.5,14187500,"SOUTH SANTIAM RIVER AT WATERLOO, OR",44.4984564,-122.8234214
2024-06-04,7.8,14187500,"SOUTH SANTIAM RIVER AT WATERLOO, OR",44.4984564,-122.8234214
2024-06-05,5.2,14187500,"SOUTH SANTIAM RIVER AT WATERLOO, OR",44.4984564,-122.8234214
2024-06-06,6.7,14187500,"SOUTH SANTIAM RIVER AT WATERLOO, OR",44.4984564,-122.8234214
2024-06-07,7.9,14187500,"SOUTH SANTIAM RIVER AT WATERLOO, OR",44.4984564,-122.8234214
2024-06-08,7.4,14187500,"SOUTH SANTIAM RIVER AT WATERLOO, OR",44.4984564,-122.8234214
2024-06-09,7.2,14187500,"SOUTH SANTIAM RIVER AT WATERLOO, OR",44.4984564,-122.8234214
2024-06-10,4.4,14187500,"SOUTH SANTIAM RIVER AT WATERLOO, OR",44.4984564,-122.8234214
2024-06-11,3.3,14187500,"SOUTH SANTIAM RIVER AT WATERLOO, OR",44.4984564,-122.8234214
2024-06-12,6.6,14187500,"SOUTH SANTIAM RIVER AT WATERLOO, OR",44.4984564,-122.8234214
2024-06-13,6.1,14187500,"SOUTH SANTIAM RIVER AT WATERLOO, OR",44.4984564,-122.8234214
2024-06-14,4.7,14187500,"SOUTH SANTIAM RIVER AT WATERLOO, OR",44.4984564,-122.8234214
2024-06-15,4.5,14187500,"SOUTH SANTIAM RIVER AT WATERLOO, OR",44.4984564,-122.8234214
2024-06-16,3.6,14187500,"SOUTH SANTIAM RIVER AT WATERLOO, OR",44.4984564,-122.8234214
2024-06-17,3.4,14187500,"SOUTH SANTIAM RIVER AT WATERLOO, OR",44.4984564,-122.8234214
2024-06-18,4.8,14187500,"SOUTH SANTIAM RIVER AT WATERLOO, OR",44.4984564,-122.8234214
2024-06-19,5.4,14187500,"SOUTH SANTIAM RIVER AT WATERLOO, OR",44.4984564,-122.8234214
2024-06-20,4.6,14187500,"SOUTH SANTIAM RIVER AT WATERLOO, OR",44.4984564,-122.8234214
2024-06-21,5.2,14187500,"SOUTH SANTIAM RIVER AT WATERLOO, OR",44.4984564,-122.8234214
2024-06-22,6.3,14187500,"SOUTH SANTIAM RIVER AT WATERLOO, OR",44.4984564,-122.8234214
2024-06-23,5.8,14187500,"SOUTH SANTIAM RIVER AT WATERLOO, OR",44.4984564,-122.8234214
2024-06-24,7.4,14187500,"SOUTH SANTIAM RIVER AT WATERLOO, OR",44.4984564,-122.8234214
2024-06-25,3.0,14187500,"SOUTH SANTIAM RIVER AT WATERLOO, OR",44.4984564,-122.8234214
2024-06-26,3.5,14187500,"SOUTH SANTIAM RIVER AT WATERLOO, OR",44.4984564,-122.8234214
2024-06-27,4.5,14187500,"SOUTH SANTIAM RIVER AT WATERLOO, OR",44.4984564,-122.8234214
2024-06-28,4.4,14187500,"SOUTH SANTIAM RIVER AT WATERLOO, OR",44.4984564,-122.8234214
2024-06-29,7.0,14187500,"SOUTH SANTIAM RIVER AT WATERLOO, OR",44.4984564,-122.8234214
2024-06-30,7.2,14187500,"SOUTH SANTIAM RIVER AT WATERLOO, OR",44.4984564,-122.8234214
2024-07-01,6.7,14187500,"SOUTH SANTIAM RIVER AT WATERLOO, OR",44.4984564,-122.8234214
2024-07-02,2.1,14187500,"SOUTH SANTIAM RIVER AT WATERLOO, OR",44.4984564,-122.8234214
2024-07-03,3.8,14187500,"SOUTH SANTIAM RIVER AT WATERLOO, OR",44.4984564,-122.8234214
2024-07-04,4.6,14187500,"SOUTH SANTIAM RIVER AT WATERLOO, OR",44.4984564,-122.8234214
2024-07-05,1.7,14187500,"SOUTH SANTIAM RIVER AT WATERLOO, OR",44.4984564,-122.8234214
2024-07-06,4.6,14187500,"SOUTH SANTIAM RIVER AT WATERLOO, OR",44.4984564,-122.8234214
2024-07-07,5.3,14187500,"SOUTH SANTIAM RIVER AT WATERLOO, OR",44.4984564,-122.8234214
2024-07-08,3.3,14187500,"SOUTH SANTIAM RIVER AT WATERLOO, OR",44.4984564,-122.8234214
2024-07-09,3.6,14187500,"SOUTH SANTIAM RIVER AT WATERLOO, OR",44.4984564,-122.8234214
2024-07-10,4.8,14187500,"SOUTH SANTIAM RIVER AT WATERLOO, OR",44.4984564,-122.8234214
2024-07-11,2.8,14187500,"SOUTH SANTIAM RIVER AT WATERLOO, OR",44.4984564,-122.8234214
2024-07-12,6.8,14187500,"SOUTH SANTIAM RIVER AT WATERLOO, OR",44.4984564,-122.8234214
2024-07-13,4.7,14187500,"SOUTH SANTIAM RIVER AT WATERLOO, OR",44.4984564,-122.8234214
2024-07-14,2.3,14187500,"SOUTH SANTIAM RIVER AT WATERLOO, OR",44.4984564,-122.8234214
2024-07-15,7.3,14187500,"SOUTH SANTIAM RIVER AT WATERLOO, OR",44.4984564,-122.8234214
2024-07-16,2.8,14187500,"SOUTH SANTIAM RIVER AT WATERLOO, OR",44.4984564,-122.8234214
2024-07-17,3.7,14187500,"SOUTH SANTIAM RIVER AT WATERLOO, OR",44.4984564,-122.8234214
2024-07-18,2.9,14187500,"SOUTH SANTIAM RIVER AT WATERLOO, OR",44.4984564,-122.8234214
2024-07-19,3.6,14187500,"SOUTH SANTIAM RIVER AT WATERLOO, OR",44.4984564,-122.8234214
2024-07-20,5.5,14187500,"SOUTH SANTIAM RIVER AT WATERLOO, OR",44.4984564,-122.8234214
2024-07-21,4.7,14187500,"SOUTH SANTIAM RIVER AT WATERLOO, OR",44.4984564,-122.8234214
2024-07-22,2.9,14187500,"SOUTH SANTIAM RIVER AT WATERLOO, OR",44.4984564,-122.8234214
2024-07-23,3.7,14187500,"SOUTH SANTIAM RIVER AT WATERLOO, OR",44.4984564,-122.8234214
2024-07-24,2.8,14187500,"SOUTH SANTIAM RIVER AT WATERLOO, OR",44.4984564,-122.8234214
2024-07-25,4.3,14187500,"SOUTH SANTIAM RIVER AT WATERLOO, OR",44.4984564,-122.8234214
2024-07-26,3.0,14187500,"SOUTH SANTIAM RIVER AT WATERLOO, OR",44.4984564,-122.8234214
2024-07-27,7.3,14187500,"SOUTH SANTIAM RIVER AT WATERLOO, OR",44.4984564,-122.8234214
2024-07-28,8.1,14187500,"SOUTH SANTIAM RIVER AT WATERLOO, OR",44.4984564,-122.8234214
2024-07-29,3.8,14187500,"SOUTH SANTIAM RIVER AT WATERLOO, OR",44.4984564,-122.8234214
2024-07-30,3.7,14187500,"SOUTH SANTIAM RIVER AT WATERLOO, OR",44.4984564,-122.8234214
2024-07-31,4.8,14187500,"SOUTH SANTIAM RIVER AT WATERLOO, OR",44.4984564,-122.8234214
2024-08-01,2.5,14187500,"SOUTH SANTIAM RIVER AT WATERLOO, OR",44.4984564,-122.8234214
2024-08-02,6.6,14187500,"SOUTH SANTIAM RIVER AT WATERLOO, OR",44.4984564,-122.8234214
2024-08-03,4.2,14187500,"SOUTH SANTIAM RIVER AT WATERLOO, OR",44.4984564,-122.8234214
2024-08-04,6.5,14187500,"SOUTH SANTIAM RIVER AT WATERLOO, OR",44.4984564,-122.8234214
2024-08-05,4.6,14187500,"SOUTH SANTIAM RIVER AT WATERLOO, OR",44.4984564,-122.8234214
2024-08-06,2.9,14187500,"SOUTH SANTIAM RIVER AT WATERLOO, OR",44.4984564,-122.8234214
2024-08-07,5.0,14187500,"SOUTH SANTIAM RIVER AT WATERLOO, OR",44.4984564,-122.8234214
2024-08-08,5.7,14187500,"SOUTH SANTIAM RIVER AT WATERLOO, OR",44.4984564,-122.8234214
2024-08-09,5.0,14187500,"SOUTH SANTIAM RIVER AT WATERLOO, OR",44.4984564,-122.8234214
2024-08-10,5.3,14187500,"SOUTH SANTIAM RIVER AT WATERLOO, OR",44.4984564,-122.8234214
2024-08-11,5.9,14187500,"SOUTH SANTIAM RIVER AT WATERLOO, OR",44.4984564,-122.8234214
2024-08-12,5.7,14187500,"SOUTH SANTIAM RIVER AT WATERLOO, OR",44.4984564,-122.8234214
2024-08-13,2.6,14187500,"SOUTH SANTIAM RIVER AT WATERLOO, OR",44.4984564,-122.8234214
2024-08-14,2.9,14187500,"SOUTH SANTIAM RIVER AT WATERLOO, OR",44.4984564,-122.8234214
2024-08-15,3.1,14187500,"SOUTH SANTIAM RIVER AT WATERLOO, OR",44.4984564,-122.8234214
2024-08-16,6.2,14187500,"SOUTH SANTIAM RIVER AT WATERLOO, OR",44.4984564,-122.8234214
2024-08-17,5.3,14187500,"SOUTH SANTIAM RIVER AT WATERLOO, OR",44.4984564,-122.8234214
2024-08-18,5.4,14187500,"SOUTH SANTIAM RIVER AT WATERLOO, OR",44.4984564,-122.8234214
2024-08-19,4.8,14187500,"SOUTH SANTIAM RIVER AT WATERLOO, OR",44.4984564,-122.8234214
2024-08-20,5.3,14187500,"SOUTH SANTIAM RIVER AT WATERLOO, OR",44.4984564,-122.8234214
2024-08-21,5.8,14187500,"SOUTH SANTIAM RIVER AT WATERLOO, OR",44.4984564,-122.8234214
2024-08-22,3.8,14187500,"SOUTH SANTIAM RIVER AT WATERLOO, OR",44.4984564,-122.8234214
2024-08-23,4.5,14187500,"SOUTH SANTIAM RIVER AT WATERLOO, OR",44.4984564,-122.8234214
2024-08-24,3.8,14187500,"SOUTH SANTIAM RIVER AT WATERLOO, OR",44.4984564,-122.8234214
2024-08-25,3.1,14187500,"SOUTH SANTIAM RIVER AT WATERLOO, OR",44.4984564,-122.8234214
2024-08-26,3.7,14187500,"SOUTH SANTIAM RIVER AT WATERLOO, OR",44.4984564,-122.8234214
2024-08-27,5.1,14187500,"SOUTH SANTIAM RIVER AT WATERLOO, OR",44.4984564,-122.8234214
2024-08-28,3.7,14187500,"SOUTH SANTIAM RIVER AT WATERLOO, OR",44.4984564,-122.8234214
2024-08-29,1.4,14187500,"SOUTH SANTIAM RIVER AT WATERLOO, OR",44.4984564,-122.8234214
2024-08-30,2.4,14187500,"SOUTH SANTIAM RIVER AT WATERLOO, OR",44.4984564,-122.8234214
2024-08-31,3.4,14187500,"SOUTH SANTIAM RIVER AT WATERLOO, OR",44.4984564,-122.8234214
2024-09-01,3.3,14187500,"SOUTH SANTIAM RIVER AT WATERLOO, OR",44.4984564,-122.8234214
2024-09-02,3.5,14187500,"SOUTH SANTIAM RIVER AT WATERLOO, OR",44.4984564,-122.8234214
2024-09-03,3.0,14187500,"SOUTH SANTIAM RIVER AT WATERLOO, OR",44.4984564,-122.8234214
2024-09-04,2.7,14187500,"SOUTH SANTIAM RIVER AT WATERLOO, OR",44.4984564,-122.8234214
2024-09-05,4.6,14187500,"SOUTH SANTIAM RIVER AT WATERLOO, OR",44.4984564,-122.8234214
2024-09-06,3.5,14187500,"SOUTH SANTIAM RIVER AT WATERLOO, OR",44.4984564,-122.8234214
2024-09-07,4.3,14187500,"SOUTH SANTIAM RIVER AT WATERLOO, OR",44.4984564,-122.8234214
2024-09-08,3.4,14187500,"SOUTH SANTIAM RIVER AT WATERLOO, OR",44.4984564,-122.8234214
2024-09-09,8.1,14187500,"SOUTH SANTIAM RIVER AT WATERLOO, OR",44.4984564,-122.8234214
2024-09-10,3.4,14187500,"SOUTH SANTIAM RIVER AT WATERLOO, OR",44.4984564,-122.8234214
2024-09-11,3.1,14187500,"SOUTH SANTIAM RIVER AT WATERLOO, OR",44.4984564,-122.8234214
2024-09-12,4.3,14187500,"SOUTH SANTIAM RIVER AT WATERLOO, OR",44.4984564,-122.8234214
2024-09-13,3.7,14187500,"SOUTH SANTIAM RIVER AT WATERLOO, OR",44.4984564,-122.8234214
2024-09-14,4.2,14187500,"SOUTH SANTIAM RIVER AT WATERLOO, OR",44.4984564,-122.8234214
2024-09-15,3.0,14187500,"SOUTH SANTIAM RIVER AT WATERLOO, OR",44.4984564,-122.8234214
2024-09-16,2.7,14187500,"SOUTH SANTIAM RIVER AT WATERLOO, OR",44.4984564,-122.8234214
2024-09-17,3.1,14187500,"SOUTH SANTIAM RIVER AT WATERLOO, OR",44.4984564,-122.8234214
2024-09-18,4.3,14187500,"SOUTH SANTIAM RIVER AT WATERLOO, OR",44.4984564,-122.8234214
2024-09-19,3.8,14187500,"SOUTH SANTIAM RIVER AT WATERLOO, OR",44.4984564,-122.8234214
2024-09-20,2.6,14187500,"SOUTH SANTIAM RIVER AT WATERLOO, OR",44.4984564,-122.8234214
2024-09-21,4.2,14187500,"SOUTH SANTIAM RIVER AT WATERLOO, OR",44.4984564,-122.8234214
2024-09-22,3.0,14187500,"SOUTH SANTIAM RIVER AT WATERLOO, OR",44.4984564,-122.8234214
2024-09-23,7.4,14187500,"SOUTH SANTIAM RIVER AT WATERLOO, OR",44.4984564,-122.8234214
2024-09-24,3.2,14187500,"SOUTH SANTIAM RIVER AT WATERLOO, OR",44.4984564,-122.8234214
2024-09-25,3.0,14187500,"SOUTH SANTIAM RIVER AT WATERLOO, OR",44.4984564,-122.8234214
2024-09-26,2.0,14187500,"SOUTH SANTIAM RIVER AT WATERLOO, OR",44.4984564,-122.8234214
2024-09-27,3.6,14187500,"SOUTH SANTIAM RIVER AT WATERLOO, OR",44.4984564,-122.8234214
2024-09-28,3.6,14187500,"SOUTH SANTIAM RIVER AT WATERLOO, OR",44.4984564,-122.8234214
2024-09-29,3.9,14187500,"SOUTH SANTIAM RIVER AT WATERLOO, OR",44.4984564,-122.8234214
2024-09-30,5.1,14187500,"SOUTH SANTIAM RIVER AT WATERLOO, OR",44.4984564,-122.8234214
2024-01-01,29.1,14202650,"WAPATO CREEK AT SW GASTON ROAD, AT GASTON, OR",45.44064167,-123.125
2024-01-02,26.0,14202650,"WAPATO CREEK AT SW GASTON ROAD, AT GASTON, OR",45.44064167,-123.125
2024-01-03,26.1,14202650,"WAPATO CREEK AT SW GASTON ROAD, AT GASTON, OR",45.44064167,-123.125
2024-01-04,26.7,14202650,"WAPATO CREEK AT SW GASTON ROAD, AT GASTON, OR",45.44064167,-123.125
2024-01-05,24.2,14202650,"WAPATO CREEK AT SW GASTON ROAD, AT GASTON, OR",45.44064167,-123.125
2024-01-06,161.0,14202650,"WAPATO CREEK AT SW GASTON ROAD, AT GASTON, OR",45.44064167,-123.125
2024-01-07,65.9,14202650,"WAPATO CREEK AT SW GASTON ROAD, AT GASTON, OR",45.44064167,-123.125
2024-01-08,30.8,14202650,"WAPATO CREEK AT SW GASTON ROAD, AT GASTON, OR",45.44064167,-123.125
2024-01-09,88.1,14202650,"WAPATO CREEK AT SW GASTON ROAD, AT GASTON, OR",45.44064167,-123.125
2024-01-10,62.6,14202650,"WAPATO CREEK AT SW GASTON ROAD, AT GASTON, OR",45.44064167,-123.125
2024-01-11,47.1,14202650,"WAPATO CREEK AT SW GASTON ROAD, AT GASTON, OR",45.44064167,-123.125
2024-01-12,30.1,14202650,"WAPATO CREEK AT SW GASTON ROAD, AT GASTON, OR",45.44064167,-123.125
2024-01-13,29.7,14202650,"WAPATO CREEK AT SW GASTON ROAD, AT GASTON, OR",45.44064167,-123.125
2024-01-14,27.3,14202650,"WAPATO CREEK AT SW GASTON ROAD, AT GASTON, OR",45.44064167,-123.125
2024-01-15,26.5,14202650,"WAPATO CREEK AT SW GASTON ROAD, AT GASTON, OR",45.44064167,-123.125
2024-01-16,25.0,14202650,"WAPATO CREEK AT SW GASTON ROAD, AT GASTON, OR",45.44064167,-123.125
2024-01-17,24.0,14202650,"WAPATO CREEK AT SW GASTON ROAD, AT GASTON, OR",45.44064167,-123.125
2024-01-18,40.2,14202650,"WAPATO CREEK AT SW GASTON ROAD, AT GASTON, OR",45.44064167,-123.125
2024-01-19,41.3,14202650,"WAPATO CREEK AT SW GASTON ROAD, AT GASTON, OR",45.44064167,-123.125
2024-01-20,39.2,14202650,"WAPATO CREEK AT SW GASTON ROAD, AT GASTON, OR",45.44064167,-123.125
2024-01-21,69.2,14202650,"WAPATO CREEK AT SW GASTON ROAD, AT GASTON, OR",45.44064167,-123.125
2024-01-22,69.2,14202650,"WAPATO CREEK AT SW GASTON ROAD, AT GASTON, OR",45.44064167,-123.125
2024-01-23,54.7,14202650,"WAPATO CREEK AT SW GASTON ROAD, AT GASTON, OR",45.44064167,-123.125
2024-01-24,73.5,14202650,"WAPATO CREEK AT SW GASTON ROAD, AT GASTON, OR",45.44064167,-123.125
2024-01-25,65.2,14202650,"WAPATO CREEK AT SW GASTON ROAD, AT GASTON, OR",45.44064167,-123.125
2024-01-26,40.0,14202650,"WAPATO CREEK AT SW GASTON ROAD, AT GASTON, OR",45.44064167,-123.125
2024-01-27,74.9,14202650,"WAPATO CREEK AT SW GASTON ROAD, AT GASTON, OR",45.44064167,-123.125
2024-01-28,74.0,14202650,"WAPATO CREEK AT SW GASTON ROAD, AT GASTON, OR",45.44064167,-123.125
2024-01-29,46.8,14202650,"WAPATO CREEK AT SW GASTON ROAD, AT GASTON, OR",45.44064167,-123.125
2024-01-30,35.1,14202650,"WAPATO CREEK AT SW GASTON ROAD, AT GASTON, OR",45.44064167,-123.125
2024-01-31,35.0,14202650,"WAPATO CREEK AT SW GASTON ROAD, AT GASTON, OR",45.44064167,-123.125
2024-02-01,36.2,14202650,"WAPATO CREEK AT SW GASTON ROAD, AT GASTON, OR",45.44064167,-123.125
2024-02-02,37.6,14202650,"WAPATO CREEK AT SW GASTON ROAD, AT GASTON, OR",45.44064167,-123.125
2024-02-03,37.1,14202650,"WAPATO CREEK AT SW GASTON ROAD, AT GASTON, OR",45.44064167,-123.125
2024-02-04,33.2,14202650,"WAPATO CREEK AT SW GASTON ROAD, AT GASTON, OR",45.44064167,-123.125
2024-02-05,26.8,14202650,"WAPATO CREEK AT SW GASTON ROAD, AT GASTON, OR",45.44064167,-123.125
2024-02-06,25.8,14202650,"WAPATO CREEK AT SW GASTON ROAD, AT GASTON, OR",45.44064167,-123.125
2024-02-07,26.7,14202650,"WAPATO CREEK AT SW GASTON ROAD, AT GASTON, OR",45.44064167,-123.125
2024-02-08,28.7,14202650,"WAPATO CREEK AT SW GASTON ROAD, AT GASTON, OR",45.44064167,-123.125
2024-02-09,30.6,14202650,"WAPATO CREEK AT SW GASTON ROAD, AT GASTON, OR",45.44064167,-123.125
2024-02-10,31.6,14202650,"WAPATO CREEK AT SW GASTON ROAD, AT GASTON, OR",45.44064167,-123.125
2024-02-11,31.6,14202650,"WAPATO CREEK AT SW GASTON ROAD, AT GASTON, OR",45.44064167,-123.125
2024-02-12,29.5,14202650,"WAPATO CREEK AT SW GASTON ROAD, AT GASTON, OR",45.44064167,-123.125
2024-02-13,27.3,14202650,"WAPATO CREEK AT SW GASTON ROAD, AT GASTON, OR",45.44064167,-123.125
2024-02-14,97.3,14202650,"WAPATO CREEK AT SW GASTON ROAD, AT GASTON, OR",45.44064167,-123.125
2024-02-15,131.0,14202650,"WAPATO CREEK AT SW GASTON ROAD, AT GASTON, OR",45.44064167,-123.125
2024-02-16,53.4,14202650,"WAPATO CREEK AT SW GASTON ROAD, AT GASTON, OR",45.44064167,-123.125
2024-02-17,30.9,14202650,"WAPATO CREEK AT SW GASTON ROAD, AT GASTON, OR",45.44064167,-123.125
2024-02-18,31.1,14202650,"WAPATO CREEK AT SW GASTON ROAD, AT GASTON, OR",45.44064167,-123.125
2024-02-19,33.0,14202650,"WAPATO CREEK AT SW GASTON ROAD, AT GASTON, OR",45.44064167,-123.125
2024-02-20,30.6,14202650,"WAPATO CREEK AT SW GASTON ROAD, AT GASTON, OR",45.44064167,-123.125
2024-02-21,39.8,14202650,"WAPATO CREEK AT SW GASTON ROAD, AT GASTON, OR",45.44064167,-123.125
2024-02-22,33.1,14202650,"WAPATO CREEK AT SW GASTON ROAD, AT GASTON, OR",45.44064167,-123.125
2024-02-23,33.8,14202650,"WAPATO CREEK AT SW GASTON ROAD, AT GASTON, OR",45.44064167,-123.125
2024-02-24,30.0,14202650,"WAPATO CREEK AT SW GASTON ROAD, AT GASTON, OR",45.44064167,-123.125
2024-02-25,28.6,14202650,"WAPATO CREEK AT SW GASTON ROAD, AT GASTON, OR",45.44064167,-123.125
2024-02-26,33.2,14202650,"WAPATO CREEK AT SW GASTON ROAD, AT GASTON, OR",45.44064167,-123.125
2024-02-27,33.8,14202650,"WAPATO CREEK AT SW GASTON ROAD, AT GASTON, OR",45.44064167,-123.125
2024-02-28,37.3,14202650,"WAPATO CREEK AT SW GASTON ROAD, AT GASTON, OR",45.44064167,-123.125
2024-02-29,137.0,14202650,"WAPATO CREEK AT SW GASTON ROAD, AT GASTON, OR",45.44064167,-123.125
2024-03-01,77.4,14202650,"WAPATO CREEK AT SW GASTON ROAD, AT GASTON, OR",45.44064167,-123.125
2024-03-02,49.0,14202650,"WAPATO CREEK AT SW GASTON ROAD, AT GASTON, OR",45.44064167,-123.125
2024-03-03,32.2,14202650,"WAPATO CREEK AT SW GASTON ROAD, AT GASTON, OR",45.44064167,-123.125
2024-03-04,32.0,14202650,"WAPATO CREEK AT SW GASTON ROAD, AT GASTON, OR",45.44064167,-123.125
2024-03-05,27.1,14202650,"WAPATO CREEK AT SW GASTON ROAD, AT GASTON, OR",45.44064167,-123.125
2024-03-06,24.8,14202650,"WAPATO CREEK AT SW GASTON ROAD, AT GASTON, OR",45.44064167,-123.125
2024-03-07,23.5,14202650,"WAPATO CREEK AT SW GASTON ROAD, AT GASTON, OR",45.44064167,-123.125
2024-03-08,19.8,14202650,"WAPATO CREEK AT SW GASTON ROAD, AT GASTON, OR",45.44064167,-123.125
2024-03-09,19.3,14202650,"WAPATO CREEK AT SW GASTON ROAD, AT GASTON, OR",45.44064167,-123.125
2024-03-10,44.4,14202650,"WAPATO CREEK AT SW GASTON ROAD, AT GASTON, OR",45.44064167,-123.125
2024-03-11,52.0,14202650,"WAPATO CREEK AT SW GASTON ROAD, AT GASTON, OR",45.44064167,-123.125
2024-03-12,82.2,14202650,"WAPATO CREEK AT SW GASTON ROAD, AT GASTON, OR",45.44064167,-123.125
2024-03-13,45.2,14202650,"WAPATO CREEK AT SW GASTON ROAD, AT GASTON, OR",45.44064167,-123.125
2024-03-14,25.1,14202650,"WAPATO CREEK AT SW GASTON ROAD, AT GASTON, OR",45.44064167,-123.125
2024-03-15,28.9,14202650,"WAPATO CREEK AT SW GASTON ROAD, AT GASTON, OR",45.44064167,-123.125
2024-03-16,29.8,14202650,"WAPATO CREEK AT SW GASTON ROAD, AT GASTON, OR",45.44064167,-123.125
2024-03-17,29.4,14202650,"WAPATO CREEK AT SW GASTON ROAD, AT GASTON, OR",45.44064167,-123.125
2024-03-18,34.4,14202650,"WAPATO CREEK AT SW GASTON ROAD, AT GASTON, OR",45.44064167,-123.125
2024-03-19,23.5,14202650,"WAPATO CREEK AT SW GASTON ROAD, AT GASTON, OR",45.44064167,-123.125
2024-03-20,23.6,14202650,"WAPATO CREEK AT SW GASTON ROAD, AT GASTON, OR",45.44064167,-123.125
2024-03-21,23.4,14202650,"WAPATO CREEK AT SW GASTON ROAD, AT GASTON, OR",45.44064167,-123.125
2024-03-22,23.1,14202650,"WAPATO CREEK AT SW GASTON ROAD, AT GASTON, OR",45.44064167,-123.125
2024-03-23,22.8,14202650,"WAPATO CREEK AT SW GASTON ROAD, AT GASTON, OR",45.44064167,-123.125
2024-03-24,19.9,14202650,"WAPATO CREEK AT SW GASTON ROAD, AT GASTON, OR",45.44064167,-123.125
2024-03-25,20.0,14202650,"WAPATO CREEK AT SW GASTON ROAD, AT GASTON, OR",45.44064167,-123.125
2024-03-26,22.5,14202650,"WAPATO CREEK AT SW GASTON ROAD, AT GASTON, OR",45.44064167,-123.125
2024-03-27,37.8,14202650,"WAPATO CREEK AT SW GASTON ROAD, AT GASTON, OR",45.44064167,-123.125
2024-03-28,53.8,14202650,"WAPATO CREEK AT SW GASTON ROAD, AT GASTON, OR",45.44064167,-123.125
2024-03-29,32.9,14202650,"WAPATO CREEK AT SW GASTON ROAD, AT GASTON, OR",45.44064167,-123.125
2024-03-30,21.6,14202650,"WAPATO CREEK AT SW GASTON ROAD, AT GASTON, OR",45.44064167,-123.125
2024-03-31,18.5,14202650,"WAPATO CREEK AT SW GASTON ROAD, AT GASTON, OR",45.44064167,-123.125
2024-04-01,18.4,14202650,"WAPATO CREEK AT SW GASTON ROAD, AT GASTON, OR",45.44064167,-123.125
2024-04-02,17.5,14202650,"WAPATO CREEK AT SW GASTON ROAD, AT GASTON, OR",45.44064167,-123.125
2024-04-03,15.6,14202650,"WAPATO CREEK AT SW GASTON ROAD, AT GASTON, OR",45.44064167,-123.125
2024-04-04,15.7,14202650,"WAPATO CREEK AT SW GASTON ROAD, AT GASTON, OR",45.44064167,-123.125
2024-04-05,10.5,14202650,"WAPATO CREEK AT SW GASTON ROAD, AT GASTON, OR",45.44064167,-123.125
2024-04-06,11.2,14202650,"WAPATO CREEK AT SW GASTON ROAD, AT GASTON, OR",45.44064167,-123.125
2024-04-07,8.8,14202650,"WAPATO CREEK AT SW GASTON ROAD, AT GASTON, OR",45.44064167,-123.125
2024-04-08,8.5,14202650,"WAPATO CREEK AT SW GASTON ROAD, AT GASTON, OR",45.44064167,-123.125
2024-04-09,8.9,14202650,"WAPATO CREEK AT SW GASTON ROAD, AT GASTON, OR",45.44064167,-123.125
2024-04-10,10.4,14202650,"WAPATO CREEK AT SW GASTON ROAD, AT GASTON, OR",45.44064167,-123.125
2024-04-11,11.4,14202650,"WAPATO CREEK AT SW GASTON ROAD, AT GASTON, OR",45.44064167,-123.125
2024-04-12,12.2,14202650,"WAPATO CREEK AT SW GASTON ROAD, AT GASTON, OR",45.44064167,-123.125
2024-04-13,12.5,14202650,"WAPATO CREEK AT SW GASTON ROAD, AT GASTON, OR",45.44064167,-123.125
2024-04-14,20.5,14202650,"WAPATO CREEK AT SW GASTON ROAD, AT GASTON, OR",45.44064167,-123.125
2024-04-15,11.5,14202650,"WAPATO CREEK AT SW GASTON ROAD, AT GASTON, OR",45.44064167,-123.125
2024-04-16,16.1,14202650,"WAPATO CREEK AT SW GASTON ROAD, AT GASTON, OR",45.44064167,-123.125
2024-04-17,23.0,14202650,"WAPATO CREEK AT SW GASTON ROAD, AT GASTON, OR",45.44064167,-123.125
2024-04-18,25.9,14202650,"WAPATO CREEK AT SW GASTON ROAD, AT GASTON, OR",45.44064167,-123.125
2024-04-19,33.0,14202650,"WAPATO CREEK AT SW GASTON ROAD, AT GASTON, OR",45.44064167,-123.125
2024-04-20,50.5,14202650,"WAPATO CREEK AT SW GASTON ROAD, AT GASTON, OR",45.44064167,-123.125
2024-04-21,50.5,14202650,"WAPATO CREEK AT SW GASTON ROAD, AT GASTON, OR",45.44064167,-123.125
2024-04-22,47.4,14202650,"WAPATO CREEK AT SW GASTON ROAD, AT GASTON, OR",45.44064167,-123.125
2024-04-23,59.3,14202650,"WAPATO CREEK AT SW GASTON ROAD, AT GASTON, OR",45.44064167,-123.125
2024-04-24,65.2,14202650,"WAPATO CREEK AT SW GASTON ROAD, AT GASTON, OR",45.44064167,-123.125
2024-04-25,67.4,14202650,"WAPATO CREEK AT SW GASTON ROAD, AT GASTON, OR",45.44064167,-123.125
2024-04-26,60.3,14202650,"WAPATO CREEK AT SW GASTON ROAD, AT GASTON, OR",45.44064167,-123.125
2024-04-27,65.0,14202650,"WAPATO CREEK AT SW GASTON ROAD, AT GASTON, OR",45.44064167,-123.125
2024-04-28,63.8,14202650,"WAPATO CREEK AT SW GASTON ROAD, AT GASTON, OR",45.44064167,-123.125
2024-04-29,66.0,14202650,"WAPATO CREEK AT SW GASTON ROAD, AT GASTON, OR",45.44064167,-123.125
2024-04-30,81.2,14202650,"WAPATO CREEK AT SW GASTON ROAD, AT GASTON, OR",45.44064167,-123.125
2024-05-01,58.3,14202650,"WAPATO CREEK AT SW GASTON ROAD, AT GASTON, OR",45.44064167,-123.125
2024-05-02,60.6,14202650,"WAPATO CREEK AT SW GASTON ROAD, AT GASTON, OR",45.44064167,-123.125
2024-05-03,43.3,14202650,"WAPATO CREEK AT SW GASTON ROAD, AT GASTON, OR",45.44064167,-123.125
2024-05-04,69.7,14202650,"WAPATO CREEK AT SW GASTON ROAD, AT GASTON, OR",45.44064167,-123.125
2024-05-05,53.1,14202650,"WAPATO CREEK AT SW GASTON ROAD, AT GASTON, OR",45.44064167,-123.125
2024-05-06,42.5,14202650,"WAPATO CREEK AT SW GASTON ROAD, AT GASTON, OR",45.44064167,-123.125
2024-05-07,33.3,14202650,"WAPATO CREEK AT SW GASTON ROAD, AT GASTON, OR",45.44064167,-123.125
2024-05-08,28.7,14202650,"WAPATO CREEK AT SW GASTON ROAD, AT GASTON, OR",45.44064167,-123.125
2024-05-09,27.4,14202650,"WAPATO CREEK AT SW GASTON ROAD, AT GASTON, OR",45.44064167,-123.125
2024-05-10,25.9,14202650,"WAPATO CREEK AT SW GASTON ROAD, AT GASTON, OR",45.44064167,-123.125
2024-05-11,29.2,14202650,"WAPATO CREEK AT SW GASTON ROAD, AT GASTON, OR",45.44064167,-123.125
2024-05-12,45.6,14202650,"WAPATO CREEK AT SW GASTON ROAD, AT GASTON, OR",45.44064167,-123.125
2024-05-13,52.4,14202650,"WAPATO CREEK AT SW GASTON ROAD, AT GASTON, OR",45.44064167,-123.125
2024-05-14,54.6,14202650,"WAPATO CREEK AT SW GASTON ROAD, AT GASTON, OR",45.44064167,-123.125
2024-05-15,56.6,14202650,"WAPATO CREEK AT SW GASTON ROAD, AT GASTON, OR",45.44064167,-123.125
2024-05-16,53.4,14202650,"WAPATO CREEK AT SW GASTON ROAD, AT GASTON, OR",45.44064167,-123.125
2024-05-17,58.1,14202650,"WAPATO CREEK AT SW GASTON ROAD, AT GASTON, OR",45.44064167,-123.125
2024-05-18,62.1,14202650,"WAPATO CREEK AT SW GASTON ROAD, AT GASTON, OR",45.44064167,-123.125
2024-05-19,52.5,14202650,"WAPATO CREEK AT SW GASTON ROAD, AT GASTON, OR",45.44064167,-123.125
2024-05-20,49.2,14202650,"WAPATO CREEK AT SW GASTON ROAD, AT GASTON, OR",45.44064167,-123.125
2024-05-21,67.0,14202650,"WAPATO CREEK AT SW GASTON ROAD, AT GASTON, OR",45.44064167,-123.125
2024-05-22,59.9,14202650,"WAPATO CREEK AT SW GASTON ROAD, AT GASTON, OR",45.44064167,-123.125
2024-05-23,52.4,14202650,"WAPATO CREEK AT SW GASTON ROAD, AT GASTON, OR",45.44064167,-123.125
2024-05-24,54.8,14202650,"WAPATO CREEK AT SW GASTON ROAD, AT GASTON, OR",45.44064167,-123.125
2024-05-25,56.4,14202650,"WAPATO CREEK AT SW GASTON ROAD, AT GASTON, OR",45.44064167,-123.125
2024-05-26,44.3,14202650,"WAPATO CREEK AT SW GASTON ROAD, AT GASTON, OR",45.44064167,-123.125
2024-05-27,52.2,14202650,"WAPATO CREEK AT SW GASTON ROAD, AT GASTON, OR",45.44064167,-123.125
2024-05-28,50.0,14202650,"WAPATO CREEK AT SW GASTON ROAD, AT GASTON, OR",45.44064167,-123.125
2024-05-29,57.9,14202650,"WAPATO CREEK AT SW GASTON ROAD, AT GASTON, OR",45.44064167,-123.125
2024-05-30,54.7,14202650,"WAPATO CREEK AT SW GASTON ROAD, AT GASTON, OR",45.44064167,-123.125
2024-05-31,46.3,14202650,"WAPATO CREEK AT SW GASTON ROAD, AT GASTON, OR",45.44064167,-123.125
2024-06-01,35.2,14202650,"WAPATO CREEK AT SW GASTON ROAD, AT GASTON, OR",45.44064167,-123.125
2024-06-02,33.7,14202650,"WAPATO CREEK AT SW GASTON ROAD, AT GASTON, OR",45.44064167,-123.125
2024-06-03,43.6,14202650,"WAPATO CREEK AT SW GASTON ROAD, AT GASTON, OR",45.44064167,-123.125
2024-06-04,36.4,14202650,"WAPATO CREEK AT SW GASTON ROAD, AT GASTON, OR",45.44064167,-123.125
2024-06-05,28.6,14202650,"WAPATO CREEK AT SW GASTON ROAD, AT GASTON, OR",45.44064167,-123.125
2024-06-06,22.9,14202650,"WAPATO CREEK AT SW GASTON ROAD, AT GASTON, OR",45.44064167,-123.125
2024-06-07,24.9,14202650,"WAPATO CREEK AT SW GASTON ROAD, AT GASTON, OR",45.44064167,-123.125
2024-06-08,17.3,14202650,"WAPATO CREEK AT SW GASTON ROAD, AT GASTON, OR",45.44064167,-123.125
2024-06-09,26.1,14202650,"WAPATO CREEK AT SW GASTON ROAD, AT GASTON, OR",45.44064167,-123.125
2024-06-10,36.7,14202650,"WAPATO CREEK AT SW GASTON ROAD, AT GASTON, OR",45.44064167,-123.125
2024-06-11,51.4,14202650,"WAPATO CREEK AT SW GASTON ROAD, AT GASTON, OR",45.44064167,-123.125
2024-06-12,65.0,14202650,"WAPATO CREEK AT SW GASTON ROAD, AT GASTON, OR",45.44064167,-123.125
2024-06-13,73.3,14202650,"WAPATO CREEK AT SW GASTON ROAD, AT GASTON, OR",45.44064167,-123.125
2024-06-14,70.7,14202650,"WAPATO CREEK AT SW GASTON ROAD, AT GASTON, OR",45.44064167,-123.125
2024-06-15,57.8,14202650,"WAPATO CREEK AT SW GASTON ROAD, AT GASTON, OR",45.44064167,-123.125
2024-06-16,38.3,14202650,"WAPATO CREEK AT SW GASTON ROAD, AT GASTON, OR",45.44064167,-123.125
2024-06-17,21.2,14202650,"WAPATO CREEK AT SW GASTON ROAD, AT GASTON, OR",45.44064167,-123.125
2024-06-18,19.7,14202650,"WAPATO CREEK AT SW GASTON ROAD, AT GASTON, OR",45.44064167,-123.125
2024-06-19,27.4,14202650,"WAPATO CREEK AT SW GASTON ROAD, AT GASTON, OR",45.44064167,-123.125
2024-06-20,36.1,14202650,"WAPATO CREEK AT SW GASTON ROAD, AT GASTON, OR",45.44064167,-123.125
2024-06-21,45.2,14202650,"WAPATO CREEK AT SW GASTON ROAD, AT GASTON, OR",45.44064167,-123.125
2024-06-22,52.9,14202650,"WAPATO CREEK AT SW GASTON ROAD, AT GASTON, OR",45.44064167,-123.125
2024-06-23,48.3,14202650,"WAPATO CREEK AT SW GASTON ROAD, AT GASTON, OR",45.44064167,-123.125
2024-06-24,35.6,14202650,"WAPATO CREEK AT SW GASTON ROAD, AT GASTON, OR",45.44064167,-123.125
2024-06-25,40.7,14202650,"WAPATO CREEK AT SW GASTON ROAD, AT GASTON, OR",45.44064167,-123.125
2024-06-26,28.0,14202650,"WAPATO CREEK AT SW GASTON ROAD, AT GASTON, OR",45.44064167,-123.125
2024-06-27,55.7,14202650,"WAPATO CREEK AT SW GASTON ROAD, AT GASTON, OR",45.44064167,-123.125
2024-06-28,44.8,14202650,"WAPATO CREEK AT SW GASTON ROAD, AT GASTON, OR",45.44064167,-123.125
2024-06-29,33.6,14202650,"WAPATO CREEK AT SW GASTON ROAD, AT GASTON, OR",45.44064167,-123.125
2024-06-30,37.0,14202650,"WAPATO CREEK AT SW GASTON ROAD, AT GASTON, OR",45.44064167,-123.125
2024-07-01,31.8,14202650,"WAPATO CREEK AT SW GASTON ROAD, AT GASTON, OR",45.44064167,-123.125
2024-07-02,41.4,14202650,"WAPATO CREEK AT SW GASTON ROAD, AT GASTON, OR",45.44064167,-123.125
2024-07-03,49.3,14202650,"WAPATO CREEK AT SW GASTON ROAD, AT GASTON, OR",45.44064167,-123.125
2024-07-04,49.7,14202650,"WAPATO CREEK AT SW GASTON ROAD, AT GASTON, OR",45.44064167,-123.125
2024-07-05,52.5,14202650,"WAPATO CREEK AT SW GASTON ROAD, AT GASTON, OR",45.44064167,-123.125
2024-07-06,52.8,14202650,"WAPATO CREEK AT SW GASTON ROAD, AT GASTON, OR",45.44064167,-123.125
2024-07-07,47.7,14202650,"WAPATO CREEK AT SW GASTON ROAD, AT GASTON, OR",45.44064167,-123.125
2024-07-08,43.5,14202650,"WAPATO CREEK AT SW GASTON ROAD, AT GASTON, OR",45.44064167,-123.125
2024-07-09,54.3,14202650,"WAPATO CREEK AT SW GASTON ROAD, AT GASTON, OR",45.44064167,-123.125
2024-07-10,53.8,14202650,"WAPATO CREEK AT SW GASTON ROAD, AT GASTON, OR",45.44064167,-123.125
2024-07-11,37.9,14202650,"WAPATO CREEK AT SW GASTON ROAD, AT GASTON, OR",45.44064167,-123.125
2024-07-12,33.6,14202650,"WAPATO CREEK AT SW GASTON ROAD, AT GASTON, OR",45.44064167,-123.125
2024-07-13,39.3,14202650,"WAPATO CREEK AT SW GASTON ROAD, AT GASTON, OR",45.44064167,-123.125
2024-07-14,35.2,14202650,"WAPATO CREEK AT SW GASTON ROAD, AT GASTON, OR",45.44064167,-123.125
2024-07-15,39.3,14202650,"WAPATO CREEK AT SW GASTON ROAD, AT GASTON, OR",45.44064167,-123.125
2024-07-16,39.0,14202650,"WAPATO CREEK AT SW GASTON ROAD, AT GASTON, OR",45.44064167,-123.125
2024-07-17,35.5,14202650,"WAPATO CREEK AT SW GASTON ROAD, AT GASTON, OR",45.44064167,-123.125
2024-07-18,48.8,14202650,"WAPATO CREEK AT SW GASTON ROAD, AT GASTON, OR",45.44064167,-123.125
2024-07-19,46.6,14202650,"WAPATO CREEK AT SW GASTON ROAD, AT GASTON, OR",45.44064167,-123.125
2024-07-20,33.4,14202650,"WAPATO CREEK AT SW GASTON ROAD, AT GASTON, OR",45.44064167,-123.125
2024-07-21,59.3,14202650,"WAPATO CREEK AT SW GASTON ROAD, AT GASTON, OR",45.44064167,-123.125
2024-07-22,27.5,14202650,"WAPATO CREEK AT SW GASTON ROAD, AT GASTON, OR",45.44064167,-123.125
2024-07-23,32.2,14202650,"WAPATO CREEK AT SW GASTON ROAD, AT GASTON, OR",45.44064167,-123.125
2024-07-24,26.3,14202650,"WAPATO CREEK AT SW GASTON ROAD, AT GASTON, OR",45.44064167,-123.125
2024-07-25,34.6,14202650,"WAPATO CREEK AT SW GASTON ROAD, AT GASTON, OR",45.44064167,-123.125
2024-07-26,22.6,14202650,"WAPATO CREEK AT SW GASTON ROAD, AT GASTON, OR",45.44064167,-123.125
2024-07-27,28.2,14202650,"WAPATO CREEK AT SW GASTON ROAD, AT GASTON, OR",45.44064167,-123.125
2024-07-28,37.9,14202650,"WAPATO CREEK AT SW GASTON ROAD, AT GASTON, OR",45.44064167,-123.125
2024-07-29,26.6,14202650,"WAPATO CREEK AT SW GASTON ROAD, AT GASTON, OR",45.44064167,-123.125
2024-07-30,34.5,14202650,"WAPATO CREEK AT SW GASTON ROAD, AT GASTON, OR",45.44064167,-123.125
2024-07-31,31.1,14202650,"WAPATO CREEK AT SW GASTON ROAD, AT GASTON, OR",45.44064167,-123.125
2024-08-01,19.7,14202650,"WAPATO CREEK AT SW GASTON ROAD, AT GASTON, OR",45.44064167,-123.125
2024-08-02,23.9,14202650,"WAPATO CREEK AT SW GASTON ROAD, AT GASTON, OR",45.44064167,-123.125
2024-08-03,21.0,14202650,"WAPATO CREEK AT SW GASTON ROAD, AT GASTON, OR",45.44064167,-123.125
2024-08-04,26.3,14202650,"WAPATO CREEK AT SW GASTON ROAD, AT GASTON, OR",45.44064167,-123.125
2024-08-05,28.6,14202650,"WAPATO CREEK AT SW GASTON ROAD, AT GASTON, OR",45.44064167,-123.125
2024-08-06,26.4,14202650,"WAPATO CREEK AT SW GASTON ROAD, AT GASTON, OR",45.44064167,-123.125
2024-08-07,22.2,14202650,"WAPATO CREEK AT SW GASTON ROAD, AT GASTON, OR",45.44064167,-123.125
2024-08-08,19.9,14202650,"WAPATO CREEK AT SW GASTON ROAD, AT GASTON, OR",45.44064167,-123.125
2024-08-09,20.5,14202650,"WAPATO CREEK AT SW GASTON ROAD, AT GASTON, OR",45.44064167,-123.125
2024-08-10,22.9,14202650,"WAPATO CREEK AT SW GASTON ROAD, AT GASTON, OR",45.44064167,-123.125
2024-08-11,22.3,14202650,"WAPATO CREEK AT SW GASTON ROAD, AT GASTON, OR",45.44064167,-123.125
2024-08-12,32.5,14202650,"WAPATO CREEK AT SW GASTON ROAD, AT GASTON, OR",45.44064167,-123.125
2024-08-13,28.6,14202650,"WAPATO CREEK AT SW GASTON ROAD, AT GASTON, OR",45.44064167,-123.125
2024-08-14,24.0,14202650,"WAPATO CREEK AT SW GASTON ROAD, AT GASTON, OR",45.44064167,-123.125
2024-08-15,28.7,14202650,"WAPATO CREEK AT SW GASTON ROAD, AT GASTON, OR",45.44064167,-123.125
2024-08-16,22.3,14202650,"WAPATO CREEK AT SW GASTON ROAD, AT GASTON, OR",45.44064167,-123.125
2024-08-17,21.8,14202650,"WAPATO CREEK AT SW GASTON ROAD, AT GASTON, OR",45.44064167,-123.125
2024-08-18,23.3,14202650,"WAPATO CREEK AT SW GASTON ROAD, AT GASTON, OR",45.44064167,-123.125
2024-08-19,17.7,14202650,"WAPATO CREEK AT SW GASTON ROAD, AT GASTON, OR",45.44064167,-123.125
2024-08-20,19.6,14202650,"WAPATO CREEK AT SW GASTON ROAD, AT GASTON, OR",45.44064167,-123.125
2024-08-21,28.8,14202650,"WAPATO CREEK AT SW GASTON ROAD, AT GASTON, OR",45.44064167,-123.125
2024-08-22,20.2,14202650,"WAPATO CREEK AT SW GASTON ROAD, AT GASTON, OR",45.44064167,-123.125
2024-08-23,20.9,14202650,"WAPATO CREEK AT SW GASTON ROAD, AT GASTON, OR",45.44064167,-123.125
2024-08-24,21.8,14202650,"WAPATO CREEK AT SW GASTON ROAD, AT GASTON, OR",45.44064167,-123.125
2024-08-25,17.2,14202650,"WAPATO CREEK AT SW GASTON ROAD, AT GASTON, OR",45.44064167,-123.125
2024-08-26,29.9,14202650,"WAPATO CREEK AT SW GASTON ROAD, AT GASTON, OR",45.44064167,-123.125
2024-08-27,17.2,14202650,"WAPATO CREEK AT SW GASTON ROAD, AT GASTON, OR",45.44064167,-123.125
2024-08-28,27.2,14202650,"WAPATO CREEK AT SW GASTON ROAD, AT GASTON, OR",45.44064167,-123.125
2024-08-29,26.2,14202650,"WAPATO CREEK AT SW GASTON ROAD, AT GASTON, OR",45.44064167,-123.125
2024-08-30,30.5,14202650,"WAPATO CREEK AT SW GASTON ROAD, AT GASTON, OR",45.44064167,-123.125
2024-08-31,15.7,14202650,"WAPATO CREEK AT SW GASTON ROAD, AT GASTON, OR",45.44064167,-123.125
2024-09-01,16.2,14202650,"WAPATO CREEK AT SW GASTON ROAD, AT GASTON, OR",45.44064167,-123.125
2024-09-02,29.3,14202650,"WAPATO CREEK AT SW GASTON ROAD, AT GASTON, OR",45.44064167,-123.125
2024-09-03,24.5,14202650,"WAPATO CREEK AT SW GASTON ROAD, AT GASTON, OR",45.44064167,-123.125
2024-09-04,29.0,14202650,"WAPATO CREEK AT SW GASTON ROAD, AT GASTON, OR",45.44064167,-123.125
2024-09-05,28.0,14202650,"WAPATO CREEK AT SW GASTON ROAD, AT GASTON, OR",45.44064167,-123.125
2024-09-06,35.4,14202650,"WAPATO CREEK AT SW GASTON ROAD, AT GASTON, OR",45.44064167,-123.125
2024-09-07,16.9,14202650,"WAPATO CREEK AT SW GASTON ROAD, AT GASTON, OR",45.44064167,-123.125
2024-09-08,25.9,14202650,"WAPATO CREEK AT SW GASTON ROAD, AT GASTON, OR",45.44064167,-123.125
2024-09-09,20.4,14202650,"WAPATO CREEK AT SW GASTON ROAD, AT GASTON, OR",45.44064167,-123.125
2024-09-10,24.6,14202650,"WAPATO CREEK AT SW GASTON ROAD, AT GASTON, OR",45.44064167,-123.125
2024-09-11,25.4,14202650,"WAPATO CREEK AT SW GASTON ROAD, AT GASTON, OR",45.44064167,-123.125
2024-09-12,29.2,14202650,"WAPATO CREEK AT SW GASTON ROAD, AT GASTON, OR",45.44064167,-123.125
2024-09-13,23.5,14202650,"WAPATO CREEK AT SW GASTON ROAD, AT GASTON, OR",45.44064167,-123.125
2024-09-14,25.9,14202650,"WAPATO CREEK AT SW GASTON ROAD, AT GASTON, OR",45.44064167,-123.125
2024-09-15,22.9,14202650,"WAPATO CREEK AT SW GASTON ROAD, AT GASTON, OR",45.44064167,-123.125
2024-09-16,23.5,14202650,"WAPATO CREEK AT SW GASTON ROAD, AT GASTON, OR",45.44064167,-123.125
2024-09-17,26.9,14202650,"WAPATO CREEK AT SW GASTON ROAD, AT GASTON, OR",45.44064167,-123.125
2024-09-18,25.1,14202650,"WAPATO CREEK AT SW GASTON ROAD, AT GASTON, OR",45.44064167,-123.125
2024-09-19,23.0,14202650,"WAPATO CREEK AT SW GASTON ROAD, AT GASTON, OR",45.44064167,-123.125
2024-09-20,24.8,14202650,"WAPATO CREEK AT SW GASTON ROAD, AT GASTON, OR",45.44064167,-123.125
2024-09-21,28.2,14202650,"WAPATO CREEK AT SW GASTON ROAD, AT GASTON, OR",45.44064167,-123.125
2024-09-22,27.6,14202650,"WAPATO CREEK AT SW GASTON ROAD, AT GASTON, OR",45.44064167,-123.125
2024-09-23,28.6,14202650,"WAPATO CREEK AT SW GASTON ROAD, AT GASTON, OR",45.44064167,-123.125
2024-09-24,31.1,14202650,"WAPATO CREEK AT SW GASTON ROAD, AT GASTON, OR",45.44064167,-123.125
2024-09-25,24.8,14202650,"WAPATO CREEK AT SW GASTON ROAD, AT GASTON, OR",45.44064167,-123.125
2024-09-26,40.9,14202650,"WAPATO CREEK AT SW GASTON ROAD, AT GASTON, OR",45.44064167,-123.125
2024-09-27,22.0,14202650,"WAPATO CREEK AT SW GASTON ROAD, AT GASTON, OR",45.44064167,-123.125
2024-09-28,59.8,14202650,"WAPATO CREEK AT SW GASTON ROAD, AT GASTON, OR",45.44064167,-123.125
2024-09-29,23.4,14202650,"WAPATO CREEK AT SW GASTON ROAD, AT GASTON, OR",45.44064167,-123.125
2024-09-30,26.2,14202650,"WAPATO CREEK AT SW GASTON ROAD, AT GASTON, OR",45.44064167,-123.125
2024-01-01,13.5,14203500,"TUALATIN RIVER NEAR DILLEY, OR",45.4748365,-123.124274
2024-01-02,12.6,14203500,"TUALATIN RIVER NEAR DILLEY, OR",45.4748365,-123.124274
2024-01-03,9.8,14203500,"TUALATIN RIVER NEAR DILLEY, OR",45.4748365,-123.124274
2024-01-04,10.0,14203500,"TUALATIN RIVER NEAR DILLEY, OR",45.4748365,-123.124274
2024-01-05,9.7,14203500,"TUALATIN RIVER NEAR DILLEY, OR",45.4748365,-123.124274
2024-01-06,49.7,14203500,"TUALATIN RIVER NEAR DILLEY, OR",45.4748365,-123.124274
2024-01-07,23.0,14203500,"TUALATIN RIVER NEAR DILLEY, OR",45.4748365,-123.124274
2024-01-10,31.9,14203500,"TUALATIN RIVER NEAR DILLEY, OR",45.4748365,-123.124274
2024-01-11,28.1,14203500,"TUALATIN RIVER NEAR DILLEY, OR",45.4748365,-123.124274
2024-01-12,25.9,14203500,"TUALATIN RIVER NEAR DILLEY, OR",45.4748365,-123.124274
2024-01-13,20.8,14203500,"TUALATIN RIVER NEAR DILLEY, OR",45.4748365,-123.124274
2024-01-14,26.8,14203500,"TUALATIN RIVER NEAR DILLEY, OR",45.4748365,-123.124274
2024-01-15,22.4,14203500,"TUALATIN RIVER NEAR DILLEY, OR",45.4748365,-123.124274
2024-01-16,14.9,14203500,"TUALATIN RIVER NEAR DILLEY, OR",45.4748365,-123.124274
2024-01-17,12.0,14203500,"TUALATIN RIVER NEAR DILLEY, OR",45.4748365,-123.124274
2024-01-18,26.5,14203500,"TUALATIN RIVER NEAR DILLEY, OR",45.4748365,-123.124274
2024-01-19,28.1,14203500,"TUALATIN RIVER NEAR DILLEY, OR",45.4748365,-123.124274
2024-01-20,18.4,14203500,"TUALATIN RIVER NEAR DILLEY, OR",45.4748365,-123.124274
2024-01-21,23.1,14203500,"TUALATIN RIVER NEAR DILLEY, OR",45.4748365,-123.124274
2024-01-22,37.5,14203500,"TUALATIN RIVER NEAR DILLEY, OR",45.4748365,-123.124274
2024-01-23,35.8,14203500,"TUALATIN RIVER NEAR DILLEY, OR",45.4748365,-123.124274
2024-01-24,32.9,14203500,"TUALATIN RIVER NEAR DILLEY, OR",45.4748365,-123.124274
2024-01-25,30.9,14203500,"TUALATIN RIVER NEAR DILLEY, OR",45.4748365,-123.124274
2024-01-26,24.3,14203500,"TUALATIN RIVER NEAR DILLEY, OR",45.4748365,-123.124274
2024-01-27,45.6,14203500,"TUALATIN RIVER NEAR DILLEY, OR",45.4748365,-123.124274
2024-01-28,41.5,14203500,"TUALATIN RIVER NEAR DILLEY, OR",45.4748365,-123.124274
2024-01-29,27.7,14203500,"TUALATIN RIVER NEAR DILLEY, OR",45.4748365,-123.124274
2024-01-30,22.3,14203500,"TUALATIN RIVER NEAR DILLEY, OR",45.4748365,-123.124274
2024-01-31,17.9,14203500,"TUALATIN RIVER NEAR DILLEY, OR",45.4748365,-123.124274
2024-02-01,14.7,14203500,"TUALATIN RIVER NEAR DILLEY, OR",45.4748365,-123.124274
2024-02-02,15.4,14203500,"TUALATIN RIVER NEAR DILLEY, OR",45.4748365,-123.124274
2024-02-03,13.6,14203500,"TUALATIN RIVER NEAR DILLEY, OR",45.4748365,-123.124274
2024-02-04,15.3,14203500,"TUALATIN RIVER NEAR DILLEY, OR",45.4748365,-123.124274
2024-02-05,14.7,14203500,"TUALATIN RIVER NEAR DILLEY, OR",45.4748365,-123.124274
2024-02-06,15.0,14203500,"TUALATIN RIVER NEAR DILLEY, OR",45.4748365,-123.124274
2024-02-07,16.5,14203500,"TUALATIN RIVER NEAR DILLEY, OR",45.4748365,-123.124274
2024-02-09,14.6,14203500,"TUALATIN RIVER NEAR DILLEY, OR",45.4748365,-123.124274
2024-02-10,21.3,14203500,"TUALATIN RIVER NEAR DILLEY, OR",45.4748365,-123.124274
2024-02-11,14.0,14203500,"TUALATIN RIVER NEAR DILLEY, OR",45.4748365,-123.124274
2024-02-12,11.6,14203500,"TUALATIN RIVER NEAR DILLEY, OR",45.4748365,-123.124274
2024-02-13,11.2,14203500,"TUALATIN RIVER NEAR DILLEY, OR",45.4748365,-123.124274
2024-02-14,18.2,14203500,"TUALATIN RIVER NEAR DILLEY, OR",45.4748365,-123.124274
2024-02-15,40.6,14203500,"TUALATIN RIVER NEAR DILLEY, OR",45.4748365,-123.124274
2024-02-16,23.5,14203500,"TUALATIN RIVER NEAR DILLEY, OR",45.4748365,-123.124274
2024-02-17,19.5,14203500,"TUALATIN RIVER NEAR DILLEY, OR",45.4748365,-123.124274
2024-02-18,17.2,14203500,"TUALATIN RIVER NEAR DILLEY, OR",45.4748365,-123.124274
2024-02-19,15.9,14203500,"TUALATIN RIVER NEAR DILLEY, OR",45.4748365,-123.124274
2024-02-20,15.8,14203500,"TUALATIN RIVER NEAR DILLEY, OR",45.4748365,-123.124274
2024-02-21,17.7,14203500,"TUALATIN RIVER NEAR DILLEY, OR",45.4748365,-123.124274
2024-02-22,18.4,14203500,"TUALATIN RIVER NEAR DILLEY, OR",45.4748365,-123.124274
2024-02-23,17.5,14203500,"TUALATIN RIVER NEAR DILLEY, OR",45.4748365,-123.124274
2024-02-24,12.0,14203500,"TUALATIN RIVER NEAR DILLEY, OR",45.4748365,-123.124274
2024-02-25,10.3,14203500,"TUALATIN RIVER NEAR DILLEY, OR",45.4748365,-123.124274
2024-02-26,11.5,14203500,"TUALATIN RIVER NEAR DILLEY, OR",45.4748365,-123.124274
2024-02-27,11.5,14203500,"TUALATIN RIVER NEAR DILLEY, OR",45.4748365,-123.124274
2024-02-28,30.8,14203500,"TUALATIN RIVER NEAR DILLEY, OR",45.4748365,-123.124274
2024-02-29,57.7,14203500,"TUALATIN RIVER NEAR DILLEY, OR",45.4748365,-123.124274
2024-03-01,31.8,14203500,"TUALATIN RIVER NEAR DILLEY, OR",45.4748365,-123.124274
2024-03-02,29.9,14203500,"TUALATIN RIVER NEAR DILLEY, OR",45.4748365,-123.124274
2024-03-03,23.8,14203500,"TUALATIN RIVER NEAR DILLEY, OR",45.4748365,-123.124274
2024-03-04,24.1,14203500,"TUALATIN RIVER NEAR DILLEY, OR",45.4748365,-123.124274
2024-03-05,21.2,14203500,"TUALATIN RIVER NEAR DILLEY, OR",45.4748365,-123.124274
2024-03-06,16.0,14203500,"TUALATIN RIVER NEAR DILLEY, OR",45.4748365,-123.124274
2024-03-07,15.9,14203500,"TUALATIN RIVER NEAR DILLEY, OR",45.4748365,-123.124274
2024-03-08,12.8,14203500,"TUALATIN RIVER NEAR DILLEY, OR",45.4748365,-123.124274
2024-03-09,12.4,14203500,"TUALATIN RIVER NEAR DILLEY, OR",45.4748365,-123.124274
2024-03-10,16.0,14203500,"TUALATIN RIVER NEAR DILLEY, OR",45.4748365,-123.124274
2024-03-11,16.9,14203500,"TUALATIN RIVER NEAR DILLEY, OR",45.4748365,-123.124274
2024-03-12,27.0,14203500,"TUALATIN RIVER NEAR DILLEY, OR",45.4748365,-123.124274
2024-03-13,20.4,14203500,"TUALATIN RIVER NEAR DILLEY, OR",45.4748365,-123.124274
2024-03-14,17.1,14203500,"TUALATIN RIVER NEAR DILLEY, OR",45.4748365,-123.124274
2024-03-15,13.7,14203500,"TUALATIN RIVER NEAR DILLEY, OR",45.4748365,-123.124274
2024-03-16,13.5,14203500,"TUALATIN RIVER NEAR DILLEY, OR",45.4748365,-123.124274
2024-03-17,12.0,14203500,"TUALATIN RIVER NEAR DILLEY, OR",45.4748365,-123.124274
2024-03-18,13.1,14203500,"TUALATIN RIVER NEAR DILLEY, OR",45.4748365,-123.124274
2024-03-19,11.8,14203500,"TUALATIN RIVER NEAR DILLEY, OR",45.4748365,-123.124274
2024-03-20,16.6,14203500,"TUALATIN RIVER NEAR DILLEY, OR",45.4748365,-123.124274
2024-03-21,10.0,14203500,"TUALATIN RIVER NEAR DILLEY, OR",45.4748365,-123.124274
2024-03-22,9.9,14203500,"TUALATIN RIVER NEAR DILLEY, OR",45.4748365,-123.124274
2024-03-23,10.0,14203500,"TUALATIN RIVER NEAR DILLEY, OR",45.4748365,-123.124274
2024-03-24,13.6,14203500,"TUALATIN RIVER NEAR DILLEY, OR",45.4748365,-123.124274
2024-03-25,11.4,14203500,"TUALATIN RIVER NEAR DILLEY, OR",45.4748365,-123.124274
2024-03-26,11.5,14203500,"TUALATIN RIVER NEAR DILLEY, OR",45.4748365,-123.124274
2024-03-27,19.6,14203500,"TUALATIN RIVER NEAR DILLEY, OR",45.4748365,-123.124274
2024-03-28,19.5,14203500,"TUALATIN RIVER NEAR DILLEY, OR",45.4748365,-123.124274
2024-03-29,33.0,14203500,"TUALATIN RIVER NEAR DILLEY, OR",45.4748365,-123.124274
2024-03-30,14.7,14203500,"TUALATIN RIVER NEAR DILLEY, OR",45.4748365,-123.124274
2024-03-31,14.3,14203500,"TUALATIN RIVER NEAR DILLEY, OR",45.4748365,-123.124274
2024-04-01,13.3,14203500,"TUALATIN RIVER NEAR DILLEY, OR",45.4748365,-123.124274
2024-04-02,12.0,14203500,"TUALATIN RIVER NEAR DILLEY, OR",45.4748365,-123.124274
2024-04-03,12.7,14203500,"TUALATIN RIVER NEAR DILLEY, OR",45.4748365,-123.124274
2024-04-04,11.8,14203500,"TUALATIN RIVER NEAR DILLEY, OR",45.4748365,-123.124274
2024-04-05,10.6,14203500,"TUALATIN RIVER NEAR DILLEY, OR",45.4748365,-123.124274
2024-04-06,8.2,14203500,"TUALATIN RIVER NEAR DILLEY, OR",45.4748365,-123.124274
2024-04-07,8.7,14203500,"TUALATIN RIVER NEAR DILLEY, OR",45.4748365,-123.124274
2024-04-08,9.9,14203500,"TUALATIN RIVER NEAR DILLEY, OR",45.4748365,-123.124274
2024-04-09,11.8,14203500,"TUALATIN RIVER NEAR DILLEY, OR",45.4748365,-123.124274
2024-04-10,9.9,14203500,"TUALATIN RIVER NEAR DILLEY, OR",45.4748365,-123.124274
2024-04-11,9.2,14203500,"TUALATIN RIVER NEAR DILLEY, OR",45.4748365,-123.124274
2024-04-12,9.6,14203500,"TUALATIN RIVER NEAR DILLEY, OR",45.4748365,-123.124274
2024-04-13,10.4,14203500,"TUALATIN RIVER NEAR DILLEY, OR",45.4748365,-123.124274
2024-04-14,10.5,14203500,"TUALATIN RIVER NEAR DILLEY, OR",45.4748365,-123.124274
2024-04-15,11.1,14203500,"TUALATIN RIVER NEAR DILLEY, OR",45.4748365,-123.124274
2024-04-16,10.4,14203500,"TUALATIN RIVER NEAR DILLEY, OR",45.4748365,-123.124274
2024-04-17,10.4,14203500,"TUALATIN RIVER NEAR DILLEY, OR",45.4748365,-123.124274
2024-04-18,10.8,14203500,"TUALATIN RIVER NEAR DILLEY, OR",45.4748365,-123.124274
2024-04-19,8.8,14203500,"TUALATIN RIVER NEAR DILLEY, OR",45.4748365,-123.124274
2024-04-20,9.9,14203500,"TUALATIN RIVER NEAR DILLEY, OR",45.4748365,-123.124274
2024-04-21,9.5,14203500,"TUALATIN RIVER NEAR DILLEY, OR",45.4748365,-123.124274
2024-04-22,9.9,14203500,"TUALATIN RIVER NEAR DILLEY, OR",45.4748365,-123.124274
2024-04-23,8.8,14203500,"TUALATIN RIVER NEAR DILLEY, OR",45.4748365,-123.124274
2024-04-24,13.3,14203500,"TUALATIN RIVER NEAR DILLEY, OR",45.4748365,-123.124274
2024-04-25,8.8,14203500,"TUALATIN RIVER NEAR DILLEY, OR",45.4748365,-123.124274
2024-04-26,9.4,14203500,"TUALATIN RIVER NEAR DILLEY, OR",45.4748365,-123.124274
2024-04-27,8.8,14203500,"TUALATIN RIVER NEAR DILLEY, OR",45.4748365,-123.124274
2024-04-28,8.8,14203500,"TUALATIN RIVER NEAR DILLEY, OR",45.4748365,-123.124274
2024-04-29,9.3,14203500,"TUALATIN RIVER NEAR DILLEY, OR",45.4748365,-123.124274
2024-04-30,20.8,14203500,"TUALATIN RIVER NEAR DILLEY, OR",45.4748365,-123.124274
2024-05-01,15.5,14203500,"TUALATIN RIVER NEAR DILLEY, OR",45.4748365,-123.124274
2024-05-02,14.5,14203500,"TUALATIN RIVER NEAR DILLEY, OR",45.4748365,-123.124274
2024-05-03,14.5,14203500,"TUALATIN RIVER NEAR DILLEY, OR",45.4748365,-123.124274
2024-05-04,17.8,14203500,"TUALATIN RIVER NEAR DILLEY, OR",45.4748365,-123.124274
2024-05-05,13.9,14203500,"TUALATIN RIVER NEAR DILLEY, OR",45.4748365,-123.124274
2024-05-06,13.3,14203500,"TUALATIN RIVER NEAR DILLEY, OR",45.4748365,-123.124274
2024-05-07,13.9,14203500,"TUALATIN RIVER NEAR DILLEY, OR",45.4748365,-123.124274
2024-05-08,12.2,14203500,"TUALATIN RIVER NEAR DILLEY, OR",45.4748365,-123.124274
2024-05-09,15.0,14203500,"TUALATIN RIVER NEAR DILLEY, OR",45.4748365,-123.124274
2024-05-10,13.1,14203500,"TUALATIN RIVER NEAR DILLEY, OR",45.4748365,-123.124274
2024-05-11,11.6,14203500,"TUALATIN RIVER NEAR DILLEY, OR",45.4748365,-123.124274
2024-05-12,12.7,14203500,"TUALATIN RIVER NEAR DILLEY, OR",45.4748365,-123.124274
2024-05-13,10.4,14203500,"TUALATIN RIVER NEAR DILLEY, OR",45.4748365,-123.124274
2024-05-14,8.8,14203500,"TUALATIN RIVER NEAR DILLEY, OR",45.4748365,-123.124274
2024-05-15,9.9,14203500,"TUALATIN RIVER NEAR DILLEY, OR",45.4748365,-123.124274
2024-05-16,8.8,14203500,"TUALATIN RIVER NEAR DILLEY, OR",45.4748365,-123.124274
2024-05-17,7.9,14203500,"TUALATIN RIVER NEAR DILLEY, OR",45.4748365,-123.124274
2024-05-18,7.9,14203500,"TUALATIN RIVER NEAR DILLEY, OR",45.4748365,-123.124274
2024-05-19,7.8,14203500,"TUALATIN RIVER NEAR DILLEY, OR",45.4748365,-123.124274
2024-05-20,7.1,14203500,"TUALATIN RIVER NEAR DILLEY, OR",45.4748365,-123.124274
2024-05-21,7.7,14203500,"TUALATIN RIVER NEAR DILLEY, OR",45.4748365,-123.124274
2024-05-22,8.1,14203500,"TUALATIN RIVER NEAR DILLEY, OR",45.4748365,-123.124274
2024-05-23,7.8,14203500,"TUALATIN RIVER NEAR DILLEY, OR",45.4748365,-123.124274
2024-05-24,7.2,14203500,"TUALATIN RIVER NEAR DILLEY, OR",45.4748365,-123.124274
2024-05-25,7.0,14203500,"TUALATIN RIVER NEAR DILLEY, OR",45.4748365,-123.124274
2024-05-26,6.5,14203500,"TUALATIN RIVER NEAR DILLEY, OR",45.4748365,-123.124274
2024-05-27,8.5,14203500,"TUALATIN RIVER NEAR DILLEY, OR",45.4748365,-123.124274
2024-05-28,5.9,14203500,"TUALATIN RIVER NEAR DILLEY, OR",45.4748365,-123.124274
2024-05-29,5.9,14203500,"TUALATIN RIVER NEAR DILLEY, OR",45.4748365,-123.124274
2024-05-30,9.9,14203500,"TUALATIN RIVER NEAR DILLEY, OR",45.4748365,-123.124274
2024-05-31,5.4,14203500,"TUALATIN RIVER NEAR DILLEY, OR",45.4748365,-123.124274
2024-06-01,5.7,14203500,"TUALATIN RIVER NEAR DILLEY, OR",45.4748365,-123.124274
2024-06-02,5.2,14203500,"TUALATIN RIVER NEAR DILLEY, OR",45.4748365,-123.124274
2024-06-03,19.9,14203500,"TUALATIN RIVER NEAR DILLEY, OR",45.4748365,-123.124274
2024-06-04,8.1,14203500,"TUALATIN RIVER NEAR DILLEY, OR",45.4748365,-123.124274
2024-06-05,6.1,14203500,"TUALATIN RIVER NEAR DILLEY, OR",45.4748365,-123.124274
2024-06-06,6.3,14203500,"TUALATIN RIVER NEAR DILLEY, OR",45.4748365,-123.124274
2024-06-07,6.2,14203500,"TUALATIN RIVER NEAR DILLEY, OR",45.4748365,-123.124274
2024-06-08,10.1,14203500,"TUALATIN RIVER NEAR DILLEY, OR",45.4748365,-123.124274
2024-06-09,9.5,14203500,"TUALATIN RIVER NEAR DILLEY, OR",45.4748365,-123.124274
2024-06-10,11.7,14203500,"TUALATIN RIVER NEAR DILLEY, OR",45.4748365,-123.124274
2024-06-11,11.5,14203500,"TUALATIN RIVER NEAR DILLEY, OR",45.4748365,-123.124274
2024-06-12,9.4,14203500,"TUALATIN RIVER NEAR DILLEY, OR",45.4748365,-123.124274
2024-06-13,9.2,14203500,"TUALATIN RIVER NEAR DILLEY, OR",45.4748365,-123.124274
2024-06-14,7.2,14203500,"TUALATIN RIVER NEAR DILLEY, OR",45.4748365,-123.124274
2024-06-15,8.0,14203500,"TUALATIN RIVER NEAR DILLEY, OR",45.4748365,-123.124274
2024-06-16,6.5,14203500,"TUALATIN RIVER NEAR DILLEY, OR",45.4748365,-123.124274
2024-06-17,5.2,14203500,"TUALATIN RIVER NEAR DILLEY, OR",45.4748365,-123.124274
2024-06-18,5.6,14203500,"TUALATIN RIVER NEAR DILLEY, OR",45.4748365,-123.124274
2024-06-19,4.9,14203500,"TUALATIN RIVER NEAR DILLEY, OR",45.4748365,-123.124274
2024-06-20,8.7,14203500,"TUALATIN RIVER NEAR DILLEY, OR",45.4748365,-123.124274
2024-06-21,7.0,14203500,"TUALATIN RIVER NEAR DILLEY, OR",45.4748365,-123.124274
2024-06-22,6.5,14203500,"TUALATIN RIVER NEAR DILLEY, OR",45.4748365,-123.124274
2024-06-23,6.5,14203500,"TUALATIN RIVER NEAR DILLEY, OR",45.4748365,-123.124274
2024-06-24,5.2,14203500,"TUALATIN RIVER NEAR DILLEY, OR",45.4748365,-123.124274
2024-06-25,5.5,14203500,"TUALATIN RIVER NEAR DILLEY, OR",45.4748365,-123.124274
2024-06-26,5.8,14203500,"TUALATIN RIVER NEAR DILLEY, OR",45.4748365,-123.124274
2024-06-27,5.3,14203500,"TUALATIN RIVER NEAR DILLEY, OR",45.4748365,-123.124274
2024-06-28,5.6,14203500,"TUALATIN RIVER NEAR DILLEY, OR",45.4748365,-123.124274
2024-06-29,5.5,14203500,"TUALATIN RIVER NEAR DILLEY, OR",45.4748365,-123.124274
2024-06-30,6.8,14203500,"TUALATIN RIVER NEAR DILLEY, OR",45.4748365,-123.124274
2024-07-01,6.1,14203500,"TUALATIN RIVER NEAR DILLEY, OR",45.4748365,-123.124274
2024-07-02,5.5,14203500,"TUALATIN RIVER NEAR DILLEY, OR",45.4748365,-123.124274
2024-07-03,7.0,14203500,"TUALATIN RIVER NEAR DILLEY, OR",45.4748365,-123.124274
2024-07-04,6.2,14203500,"TUALATIN RIVER NEAR DILLEY, OR",45.4748365,-123.124274
2024-07-05,5.7,14203500,"TUALATIN RIVER NEAR DILLEY, OR",45.4748365,-123.124274
2024-07-06,6.3,14203500,"TUALATIN RIVER NEAR DILLEY, OR",45.4748365,-123.124274
2024-07-07,5.6,14203500,"TUALATIN RIVER NEAR DILLEY, OR",45.4748365,-123.124274
2024-07-08,8.6,14203500,"TUALATIN RIVER NEAR DILLEY, OR",45.4748365,-123.124274
2024-07-09,6.4,14203500,"TUALATIN RIVER NEAR DILLEY, OR",45.4748365,-123.124274
2024-07-10,5.7,14203500,"TUALATIN RIVER NEAR DILLEY, OR",45.4748365,-123.124274
2024-07-11,12.7,14203500,"TUALATIN RIVER NEAR DILLEY, OR",45.4748365,-123.124274
2024-07-12,5.5,14203500,"TUALATIN RIVER NEAR DILLEY, OR",45.4748365,-123.124274
2024-07-13,5.0,14203500,"TUALATIN RIVER NEAR DILLEY, OR",45.4748365,-123.124274
2024-07-14,5.4,14203500,"TUALATIN RIVER NEAR DILLEY, OR",45.4748365,-123.124274
2024-07-15,5.2,14203500,"TUALATIN RIVER NEAR DILLEY, OR",45.4748365,-123.124274
2024-07-16,5.7,14203500,"TUALATIN RIVER NEAR DILLEY, OR",45.4748365,-123.124274
2024-07-17,6.6,14203500,"TUALATIN RIVER NEAR DILLEY, OR",45.4748365,-123.124274
2024-07-18,5.9,14203500,"TUALATIN RIVER NEAR DILLEY, OR",45.4748365,-123.124274
2024-07-19,5.2,14203500,"TUALATIN RIVER NEAR DILLEY, OR",45.4748365,-123.124274
2024-07-20,4.8,14203500,"TUALATIN RIVER NEAR DILLEY, OR",45.4748365,-123.124274
2024-07-21,5.1,14203500,"TUALATIN RIVER NEAR DILLEY, OR",45.4748365,-123.124274
2024-07-22,4.4,14203500,"TUALATIN RIVER NEAR DILLEY, OR",45.4748365,-123.124274
2024-07-23,4.0,14203500,"TUALATIN RIVER NEAR DILLEY, OR",45.4748365,-123.124274
2024-07-24,4.4,14203500,"TUALATIN RIVER NEAR DILLEY, OR",45.4748365,-123.124274
2024-07-25,4.7,14203500,"TUALATIN RIVER NEAR DILLEY, OR",45.4748365,-123.124274
2024-07-26,5.0,14203500,"TUALATIN RIVER NEAR DILLEY, OR",45.4748365,-123.124274
2024-07-27,5.7,14203500,"TUALATIN RIVER NEAR DILLEY, OR",45.4748365,-123.124274
2024-07-28,5.1,14203500,"TUALATIN RIVER NEAR DILLEY, OR",45.4748365,-123.124274
2024-07-29,7.3,14203500,"TUALATIN RIVER NEAR DILLEY, OR",45.4748365,-123.124274
2024-07-30,6.4,14203500,"TUALATIN RIVER NEAR DILLEY, OR",45.4748365,-123.124274
2024-07-31,5.4,14203500,"TUALATIN RIVER NEAR DILLEY, OR",45.4748365,-123.124274
2024-08-01,5.5,14203500,"TUALATIN RIVER NEAR DILLEY, OR",45.4748365,-123.124274
2024-08-02,5.6,14203500,"TUALATIN RIVER NEAR DILLEY, OR",45.4748365,-123.124274
2024-08-03,5.3,14203500,"TUALATIN RIVER NEAR DILLEY, OR",45.4748365,-123.124274
2024-08-04,5.4,14203500,"TUALATIN RIVER NEAR DILLEY, OR",45.4748365,-123.124274
2024-08-05,5.4,14203500,"TUALATIN RIVER NEAR DILLEY, OR",45.4748365,-123.124274
2024-08-06,7.4,14203500,"TUALATIN RIVER NEAR DILLEY, OR",45.4748365,-123.124274
2024-08-07,5.7,14203500,"TUALATIN RIVER NEAR DILLEY, OR",45.4748365,-123.124274
2024-08-08,6.5,14203500,"TUALATIN RIVER NEAR DILLEY, OR",45.4748365,-123.124274
2024-08-09,5.3,14203500,"TUALATIN RIVER NEAR DILLEY, OR",45.4748365,-123.124274
2024-08-10,4.9,14203500,"TUALATIN RIVER NEAR DILLEY, OR",45.4748365,-123.124274
2024-08-11,5.3,14203500,"TUALATIN RIVER NEAR DILLEY, OR",45.4748365,-123.124274
2024-08-12,5.3,14203500,"TUALATIN RIVER NEAR DILLEY, OR",45.4748365,-123.124274
2024-08-13,19.4,14203500,"TUALATIN RIVER NEAR DILLEY, OR",45.4748365,-123.124274
2024-08-14,12.3,14203500,"TUALATIN RIVER NEAR DILLEY, OR",45.4748365,-123.124274
2024-08-15,4.6,14203500,"TUALATIN RIVER NEAR DILLEY, OR",45.4748365,-123.124274
2024-08-16,5.4,14203500,"TUALATIN RIVER NEAR DILLEY, OR",45.4748365,-123.124274
2024-08-17,4.7,14203500,"TUALATIN RIVER NEAR DILLEY, OR",45.4748365,-123.124274
2024-08-18,5.0,14203500,"TUALATIN RIVER NEAR DILLEY, OR",45.4748365,-123.124274
2024-08-19,4.7,14203500,"TUALATIN RIVER NEAR DILLEY, OR",45.4748365,-123.124274
2024-08-20,6.1,14203500,"TUALATIN RIVER NEAR DILLEY, OR",45.4748365,-123.124274
2024-08-21,4.6,14203500,"TUALATIN RIVER NEAR DILLEY, OR",45.4748365,-123.124274
2024-08-22,4.5,14203500,"TUALATIN RIVER NEAR DILLEY, OR",45.4748365,-123.124274
2024-08-23,4.5,14203500,"TUALATIN RIVER NEAR DILLEY, OR",45.4748365,-123.124274
2024-08-24,4.5,14203500,"TUALATIN RIVER NEAR DILLEY, OR",45.4748365,-123.124274
2024-08-25,4.9,14203500,"TUALATIN RIVER NEAR DILLEY, OR",45.4748365,-123.124274
2024-08-26,4.3,14203500,"TUALATIN RIVER NEAR DILLEY, OR",45.4748365,-123.124274
2024-08-27,4.8,14203500,"TUALATIN RIVER NEAR DILLEY, OR",45.4748365,-123.124274
2024-08-28,4.2,14203500,"TUALATIN RIVER NEAR DILLEY, OR",45.4748365,-123.124274
2024-08-29,4.0,14203500,"TUALATIN RIVER NEAR DILLEY, OR",45.4748365,-123.124274
2024-08-30,4.0,14203500,"TUALATIN RIVER NEAR DILLEY, OR",45.4748365,-123.124274
2024-08-31,4.3,14203500,"TUALATIN RIVER NEAR DILLEY, OR",45.4748365,-123.124274
2024-09-01,4.3,14203500,"TUALATIN RIVER NEAR DILLEY, OR",45.4748365,-123.124274
2024-09-02,4.3,14203500,"TUALATIN RIVER NEAR DILLEY, OR",45.4748365,-123.124274
2024-09-03,3.9,14203500,"TUALATIN RIVER NEAR DILLEY, OR",45.4748365,-123.124274
2024-09-04,4.1,14203500,"TUALATIN RIVER NEAR DILLEY, OR",45.4748365,-123.124274
2024-09-05,4.1,14203500,"TUALATIN RIVER NEAR DILLEY, OR",45.4748365,-123.124274
2024-09-06,4.1,14203500,"TUALATIN RIVER NEAR DILLEY, OR",45.4748365,-123.124274
2024-09-07,4.7,14203500,"TUALATIN RIVER NEAR DILLEY, OR",45.4748365,-123.124274
2024-09-08,4.0,14203500,"TUALATIN RIVER NEAR DILLEY, OR",45.4748365,-123.124274
2024-09-09,4.5,14203500,"TUALATIN RIVER NEAR DILLEY, OR",45.4748365,-123.124274
2024-09-10,3.9,14203500,"TUALATIN RIVER NEAR DILLEY, OR",45.4748365,-123.124274
2024-09-11,3.7,14203500,"TUALATIN RIVER NEAR DILLEY, OR",45.4748365,-123.124274
2024-09-12,3.8,14203500,"TUALATIN RIVER NEAR DILLEY, OR",45.4748365,-123.124274
2024-09-13,3.8,14203500,"TUALATIN RIVER NEAR DILLEY, OR",45.4748365,-123.124274
2024-09-14,4.2,14203500,"TUALATIN RIVER NEAR DILLEY, OR",45.4748365,-123.124274
2024-09-15,3.7,14203500,"TUALATIN RIVER NEAR DILLEY, OR",45.4748365,-123.124274
2024-09-16,3.7,14203500,"TUALATIN RIVER NEAR DILLEY, OR",45.4748365,-123.124274
2024-09-17,4.3,14203500,"TUALATIN RIVER NEAR DILLEY, OR",45.4748365,-123.124274
2024-09-18,4.0,14203500,"TUALATIN RIVER NEAR DILLEY, OR",45.4748365,-123.124274
2024-09-19,3.4,14203500,"TUALATIN RIVER NEAR DILLEY, OR",45.4748365,-123.124274
2024-09-20,3.7,14203500,"TUALATIN RIVER NEAR DILLEY, OR",45.4748365,-123.124274
2024-09-21,4.3,14203500,"TUALATIN RIVER NEAR DILLEY, OR",45.4748365,-123.124274
2024-09-22,3.5,14203500,"TUALATIN RIVER NEAR DILLEY, OR",45.4748365,-123.124274
2024-09-23,3.7,14203500,"TUALATIN RIVER NEAR DILLEY, OR",45.4748365,-123.124274
2024-09-24,3.7,14203500,"TUALATIN RIVER NEAR DILLEY, OR",45.4748365,-123.124274
2024-09-25,4.0,14203500,"TUALATIN RIVER NEAR DILLEY, OR",45.4748365,-123.124274
2024-09-26,3.6,14203500,"TUALATIN RIVER NEAR DILLEY, OR",45.4748365,-123.124274
2024-09-27,3.4,14203500,"TUALATIN RIVER NEAR DILLEY, OR",45.4748365,-123.124274
2024-09-28,3.8,14203500,"TUALATIN RIVER NEAR DILLEY, OR",45.4748365,-123.124274
2024-09-29,4.4,14203500,"TUALATIN RIVER NEAR DILLEY, OR",45.4748365,-123.124274
2024-09-30,3.7,14203500,"TUALATIN RIVER NEAR DILLEY, OR",45.4748365,-123.124274
2024-01-01,15.0,14206241,"TUALATIN RIVER AT HWY 219 NEAR HILLSBORO, OR",45.50038889,-122.99094444
2024-01-02,14.1,14206241,"TUALATIN RIVER AT HWY 219 NEAR HILLSBORO, OR",45.50038889,-122.99094444
2024-01-03,13.7,14206241,"TUALATIN RIVER AT HWY 219 NEAR HILLSBORO, OR",45.50038889,-122.99094444
2024-01-04,13.3,14206241,"TUALATIN RIVER AT HWY 219 NEAR HILLSBORO, OR",45.50038889,-122.99094444
2024-01-05,13.9,14206241,"TUALATIN RIVER AT HWY 219 NEAR HILLSBORO, OR",45.50038889,-122.99094444
2024-01-06,41.4,14206241,"TUALATIN RIVER AT HWY 219 NEAR HILLSBORO, OR",45.50038889,-122.99094444
2024-01-07,42.4,14206241,"TUALATIN RIVER AT HWY 219 NEAR HILLSBORO, OR",45.50038889,-122.99094444
2024-01-08,30.1,14206241,"TUALATIN RIVER AT HWY 219 NEAR HILLSBORO, OR",45.50038889,-122.99094444
2024-01-09,34.4,14206241,"TUALATIN RIVER AT HWY 219 NEAR HILLSBORO, OR",45.50038889,-122.99094444
2024-01-10,34.3,14206241,"TUALATIN RIVER AT HWY 219 NEAR HILLSBORO, OR",45.50038889,-122.99094444
2024-01-11,28.4,14206241,"TUALATIN RIVER AT HWY 219 NEAR HILLSBORO, OR",45.50038889,-122.99094444
2024-01-12,23.7,14206241,"TUALATIN RIVER AT HWY 219 NEAR HILLSBORO, OR",45.50038889,-122.99094444
2024-01-13,21.4,14206241,"TUALATIN RIVER AT HWY 219 NEAR HILLSBORO, OR",45.50038889,-122.99094444
2024-01-14,23.0,14206241,"TUALATIN RIVER AT HWY 219 NEAR HILLSBORO, OR",45.50038889,-122.99094444
2024-01-15,22.1,14206241,"TUALATIN RIVER AT HWY 219 NEAR HILLSBORO, OR",45.50038889,-122.99094444
2024-01-16,21.8,14206241,"TUALATIN RIVER AT HWY 219 NEAR HILLSBORO, OR",45.50038889,-122.99094444
2024-01-17,21.0,14206241,"TUALATIN RIVER AT HWY 219 NEAR HILLSBORO, OR",45.50038889,-122.99094444
2024-01-18,17.6,14206241,"TUALATIN RIVER AT HWY 219 NEAR HILLSBORO, OR",45.50038889,-122.99094444
2024-01-19,21.4,14206241,"TUALATIN RIVER AT HWY 219 NEAR HILLSBORO, OR",45.50038889,-122.99094444
2024-01-20,19.4,14206241,"TUALATIN RIVER AT HWY 219 NEAR HILLSBORO, OR",45.50038889,-122.99094444
2024-01-21,16.4,14206241,"TUALATIN RIVER AT HWY 219 NEAR HILLSBORO, OR",45.50038889,-122.99094444
2024-01-22,21.8,14206241,"TUALATIN RIVER AT HWY 219 NEAR HILLSBORO, OR",45.50038889,-122.99094444
2024-01-23,25.9,14206241,"TUALATIN RIVER AT HWY 219 NEAR HILLSBORO, OR",45.50038889,-122.99094444
2024-01-24,27.5,14206241,"TUALATIN RIVER AT HWY 219 NEAR HILLSBORO, OR",45.50038889,-122.99094444
2024-01-25,24.1,14206241,"TUALATIN RIVER AT HWY 219 NEAR HILLSBORO, OR",45.50038889,-122.99094444
2024-01-26,24.1,14206241,"TUALATIN RIVER AT HWY 219 NEAR HILLSBORO, OR",45.50038889,-122.99094444
2024-01-27,21.0,14206241,"TUALATIN RIVER AT HWY 219 NEAR HILLSBORO, OR",45.50038889,-122.99094444
2024-01-28,24.3,14206241,"TUALATIN RIVER AT HWY 219 NEAR HILLSBORO, OR",45.50038889,-122.99094444
2024-01-29,27.8,14206241,"TUALATIN RIVER AT HWY 219 NEAR HILLSBORO, OR",45.50038889,-122.99094444
2024-01-30,26.2,14206241,"TUALATIN RIVER AT HWY 219 NEAR HILLSBORO, OR",45.50038889,-122.99094444
2024-01-31,20.3,14206241,"TUALATIN RIVER AT HWY 219 NEAR HILLSBORO, OR",45.50038889,-122.99094444
2024-02-01,15.8,14206241,"TUALATIN RIVER AT HWY 219 NEAR HILLSBORO, OR",45.50038889,-122.99094444
2024-02-02,14.4,14206241,"TUALATIN RIVER AT HWY 219 NEAR HILLSBORO, OR",45.50038889,-122.99094444
2024-02-03,14.0,14206241,"TUALATIN RIVER AT HWY 219 NEAR HILLSBORO, OR",45.50038889,-122.99094444
2024-02-04,13.3,14206241,"TUALATIN RIVER AT HWY 219 NEAR HILLSBORO, OR",45.50038889,-122.99094444
2024-02-05,13.5,14206241,"TUALATIN RIVER AT HWY 219 NEAR HILLSBORO, OR",45.50038889,-122.99094444
2024-02-06,12.7,14206241,"TUALATIN RIVER AT HWY 219 NEAR HILLSBORO, OR",45.50038889,-122.99094444
2024-02-07,13.5,14206241,"TUALATIN RIVER AT HWY 219 NEAR HILLSBORO, OR",45.50038889,-122.99094444
2024-02-08,15.0,14206241,"TUALATIN RIVER AT HWY 219 NEAR HILLSBORO, OR",45.50038889,-122.99094444
2024-02-09,16.8,14206241,"TUALATIN RIVER AT HWY 219 NEAR HILLSBORO, OR",45.50038889,-122.99094444
2024-02-10,15.5,14206241,"TUALATIN RIVER AT HWY 219 NEAR HILLSBORO, OR",45.50038889,-122.99094444
2024-02-11,15.3,14206241,"TUALATIN RIVER AT HWY 219 NEAR HILLSBORO, OR",45.50038889,-122.99094444
2024-02-12,14.2,14206241,"TUALATIN RIVER AT HWY 219 NEAR HILLSBORO, OR",45.50038889,-122.99094444
2024-02-13,14.0,14206241,"TUALATIN RIVER AT HWY 219 NEAR HILLSBORO, OR",45.50038889,-122.99094444
2024-02-14,14.9,14206241,"TUALATIN RIVER AT HWY 219 NEAR HILLSBORO, OR",45.50038889,-122.99094444
2024-02-15,37.0,14206241,"TUALATIN RIVER AT HWY 219 NEAR HILLSBORO, OR",45.50038889,-122.99094444
2024-02-16,37.0,14206241,"TUALATIN RIVER AT HWY 219 NEAR HILLSBORO, OR",45.50038889,-122.99094444
2024-02-17,30.0,14206241,"TUALATIN RIVER AT HWY 219 NEAR HILLSBORO, OR",45.50038889,-122.99094444
2024-02-18,16.5,14206241,"TUALATIN RIVER AT HWY 219 NEAR HILLSBORO, OR",45.50038889,-122.99094444
2024-02-19,15.1,14206241,"TUALATIN RIVER AT HWY 219 NEAR HILLSBORO, OR",45.50038889,-122.99094444
2024-02-20,14.4,14206241,"TUALATIN RIVER AT HWY 219 NEAR HILLSBORO, OR",45.50038889,-122.99094444
2024-02-21,14.4,14206241,"TUALATIN RIVER AT HWY 219 NEAR HILLSBORO, OR",45.50038889,-122.99094444
2024-02-22,15.4,14206241,"TUALATIN RIVER AT HWY 219 NEAR HILLSBORO, OR",45.50038889,-122.99094444
2024-02-23,14.0,14206241,"TUALATIN RIVER AT HWY 219 NEAR HILLSBORO, OR",45.50038889,-122.99094444
2024-02-24,13.4,14206241,"TUALATIN RIVER AT HWY 219 NEAR HILLSBORO, OR",45.50038889,-122.99094444
2024-02-25,12.5,14206241,"TUALATIN RIVER AT HWY 219 NEAR HILLSBORO, OR",45.50038889,-122.99094444
2024-02-26,11.9,14206241,"TUALATIN RIVER AT HWY 219 NEAR HILLSBORO, OR",45.50038889,-122.99094444
2024-02-27,12.5,14206241,"TUALATIN RIVER AT HWY 219 NEAR HILLSBORO, OR",45.50038889,-122.99094444
2024-02-28,13.5,14206241,"TUALATIN RIVER AT HWY 219 NEAR HILLSBORO, OR",45.50038889,-122.99094444
2024-02-29,56.0,14206241,"TUALATIN RIVER AT HWY 219 NEAR HILLSBORO, OR",45.50038889,-122.99094444
2024-03-01,52.2,14206241,"TUALATIN RIVER AT HWY 219 NEAR HILLSBORO, OR",45.50038889,-122.99094444
2024-03-02,30.5,14206241,"TUALATIN RIVER AT HWY 219 NEAR HILLSBORO, OR",45.50038889,-122.99094444
2024-03-03,22.0,14206241,"TUALATIN RIVER AT HWY 219 NEAR HILLSBORO, OR",45.50038889,-122.99094444
2024-03-04,17.8,14206241,"TUALATIN RIVER AT HWY 219 NEAR HILLSBORO, OR",45.50038889,-122.99094444
2024-03-05,15.6,14206241,"TUALATIN RIVER AT HWY 219 NEAR HILLSBORO, OR",45.50038889,-122.99094444
2024-03-06,14.1,14206241,"TUALATIN RIVER AT HWY 219 NEAR HILLSBORO, OR",45.50038889,-122.99094444
2024-03-07,12.5,14206241,"TUALATIN RIVER AT HWY 219 NEAR HILLSBORO, OR",45.50038889,-122.99094444
2024-03-08,11.4,14206241,"TUALATIN RIVER AT HWY 219 NEAR HILLSBORO, OR",45.50038889,-122.99094444
2024-03-09,10.6,14206241,"TUALATIN RIVER AT HWY 219 NEAR HILLSBORO, OR",45.50038889,-122.99094444
2024-03-10,10.5,14206241,"TUALATIN RIVER AT HWY 219 NEAR HILLSBORO, OR",45.50038889,-122.99094444
2024-03-11,12.6,14206241,"TUALATIN RIVER AT HWY 219 NEAR HILLSBORO, OR",45.50038889,-122.99094444
2024-03-12,17.9,14206241,"TUALATIN RIVER AT HWY 219 NEAR HILLSBORO, OR",45.50038889,-122.99094444
2024-03-13,19.0,14206241,"TUALATIN RIVER AT HWY 219 NEAR HILLSBORO, OR",45.50038889,-122.99094444
2024-03-14,15.0,14206241,"TUALATIN RIVER AT HWY 219 NEAR HILLSBORO, OR",45.50038889,-122.99094444
2024-03-15,11.4,14206241,"TUALATIN RIVER AT HWY 219 NEAR HILLSBORO, OR",45.50038889,-122.99094444
2024-03-16,9.7,14206241,"TUALATIN RIVER AT HWY 219 NEAR HILLSBORO, OR",45.50038889,-122.99094444
2024-03-17,9.2,14206241,"TUALATIN RIVER AT HWY 219 NEAR HILLSBORO, OR",45.50038889,-122.99094444
2024-03-18,9.1,14206241,"TUALATIN RIVER AT HWY 219 NEAR HILLSBORO, OR",45.50038889,-122.99094444
2024-03-19,9.2,14206241,"TUALATIN RIVER AT HWY 219 NEAR HILLSBORO, OR",45.50038889,-122.99094444
2024-03-20,9.3,14206241,"TUALATIN RIVER AT HWY 219 NEAR HILLSBORO, OR",45.50038889,-122.99094444
2024-03-21,10.0,14206241,"TUALATIN RIVER AT HWY 219 NEAR HILLSBORO, OR",45.50038889,-122.99094444
2024-03-22,10.6,14206241,"TUALATIN RIVER AT HWY 219 NEAR HILLSBORO, OR",45.50038889,-122.99094444
2024-03-23,10.6,14206241,"TUALATIN RIVER AT HWY 219 NEAR HILLSBORO, OR",45.50038889,-122.99094444
2024-03-24,11.2,14206241,"TUALATIN RIVER AT HWY 219 NEAR HILLSBORO, OR",45.50038889,-122.99094444
2024-03-25,12.1,14206241,"TUALATIN RIVER AT HWY 219 NEAR HILLSBORO, OR",45.50038889,-122.99094444
2024-03-26,11.1,14206241,"TUALATIN RIVER AT HWY 219 NEAR HILLSBORO, OR",45.50038889,-122.99094444
2024-03-27,12.4,14206241,"TUALATIN RIVER AT HWY 219 NEAR HILLSBORO, OR",45.50038889,-122.99094444
2024-03-28,24.9,14206241,"TUALATIN RIVER AT HWY 219 NEAR HILLSBORO, OR",45.50038889,-122.99094444
2024-03-29,20.6,14206241,"TUALATIN RIVER AT HWY 219 NEAR HILLSBORO, OR",45.50038889,-122.99094444
2024-03-30,18.6,14206241,"TUALATIN RIVER AT HWY 219 NEAR HILLSBORO, OR",45.50038889,-122.99094444
2024-03-31,13.2,14206241,"TUALATIN RIVER AT HWY 219 NEAR HILLSBORO, OR",45.50038889,-122.99094444
2024-04-01,11.3,14206241,"TUALATIN RIVER AT HWY 219 NEAR HILLSBORO, OR",45.50038889,-122.99094444
2024-04-02,12.4,14206241,"TUALATIN RIVER AT HWY 219 NEAR HILLSBORO, OR",45.50038889,-122.99094444
2024-04-03,10.5,14206241,"TUALATIN RIVER AT HWY 219 NEAR HILLSBORO, OR",45.50038889,-122.99094444
2024-04-04,10.0,14206241,"TUALATIN RIVER AT HWY 219 NEAR HILLSBORO, OR",45.50038889,-122.99094444
2024-04-05,9.4,14206241,"TUALATIN RIVER AT HWY 219 NEAR HILLSBORO, OR",45.50038889,-122.99094444
2024-04-06,9.1,14206241,"TUALATIN RIVER AT HWY 219 NEAR HILLSBORO, OR",45.50038889,-122.99094444
2024-04-07,8.7,14206241,"TUALATIN RIVER AT HWY 219 NEAR HILLSBORO, OR",45.50038889,-122.99094444
2024-04-08,13.0,14206241,"TUALATIN RIVER AT HWY 219 NEAR HILLSBORO, OR",45.50038889,-122.99094444
2024-04-09,9.4,14206241,"TUALATIN RIVER AT HWY 219 NEAR HILLSBORO, OR",45.50038889,-122.99094444
2024-04-10,9.8,14206241,"TUALATIN RIVER AT HWY 219 NEAR HILLSBORO, OR",45.50038889,-122.99094444
2024-04-11,11.3,14206241,"TUALATIN RIVER AT HWY 219 NEAR HILLSBORO, OR",45.50038889,-122.99094444
2024-04-12,10.3,14206241,"TUALATIN RIVER AT HWY 219 NEAR HILLSBORO, OR",45.50038889,-122.99094444
2024-04-13,11.4,14206241,"TUALATIN RIVER AT HWY 219 NEAR HILLSBORO, OR",45.50038889,-122.99094444
2024-04-14,10.8,14206241,"TUALATIN RIVER AT HWY 219 NEAR HILLSBORO, OR",45.50038889,-122.99094444
2024-04-15,9.7,14206241,"TUALATIN RIVER AT HWY 219 NEAR HILLSBORO, OR",45.50038889,-122.99094444
2024-04-16,13.1,14206241,"TUALATIN RIVER AT HWY 219 NEAR HILLSBORO, OR",45.50038889,-122.99094444
2024-04-17,11.4,14206241,"TUALATIN RIVER AT HWY 219 NEAR HILLSBORO, OR",45.50038889,-122.99094444
2024-04-18,8.8,14206241,"TUALATIN RIVER AT HWY 219 NEAR HILLSBORO, OR",45.50038889,-122.99094444
2024-04-19,9.5,14206241,"TUALATIN RIVER AT HWY 219 NEAR HILLSBORO, OR",45.50038889,-122.99094444
2024-04-20,10.3,14206241,"TUALATIN RIVER AT HWY 219 NEAR HILLSBORO, OR",45.50038889,-122.99094444
2024-04-21,10.4,14206241,"TUALATIN RIVER AT HWY 219 NEAR HILLSBORO, OR",45.50038889,-122.99094444
2024-04-22,7.5,14206241,"TUALATIN RIVER AT HWY 219 NEAR HILLSBORO, OR",45.50038889,-122.99094444
2024-04-23,8.0,14206241,"TUALATIN RIVER AT HWY 219 NEAR HILLSBORO, OR",45.50038889,-122.99094444
2024-04-24,7.0,14206241,"TUALATIN RIVER AT HWY 219 NEAR HILLSBORO, OR",45.50038889,-122.99094444
2024-04-25,7.6,14206241,"TUALATIN RIVER AT HWY 219 NEAR HILLSBORO, OR",45.50038889,-122.99094444
2024-04-26,7.9,14206241,"TUALATIN RIVER AT HWY 219 NEAR HILLSBORO, OR",45.50038889,-122.99094444
2024-04-27,12.0,14206241,"TUALATIN RIVER AT HWY 219 NEAR HILLSBORO, OR",45.50038889,-122.99094444
2024-04-28,7.2,14206241,"TUALATIN RIVER AT HWY 219 NEAR HILLSBORO, OR",45.50038889,-122.99094444
2024-04-29,6.9,14206241,"TUALATIN RIVER AT HWY 219 NEAR HILLSBORO, OR",45.50038889,-122.99094444
2024-04-30,9.4,14206241,"TUALATIN RIVER AT HWY 219 NEAR HILLSBORO, OR",45.50038889,-122.99094444
2024-05-01,14.7,14206241,"TUALATIN RIVER AT HWY 219 NEAR HILLSBORO, OR",45.50038889,-122.99094444
2024-05-02,15.3,14206241,"TUALATIN RIVER AT HWY 219 NEAR HILLSBORO, OR",45.50038889,-122.99094444
2024-05-03,22.8,14206241,"TUALATIN RIVER AT HWY 219 NEAR HILLSBORO, OR",45.50038889,-122.99094444
2024-05-04,20.5,14206241,"TUALATIN RIVER AT HWY 219 NEAR HILLSBORO, OR",45.50038889,-122.99094444
2024-05-05,22.3,14206241,"TUALATIN RIVER AT HWY 219 NEAR HILLSBORO, OR",45.50038889,-122.99094444
2024-05-06,20.3,14206241,"TUALATIN RIVER AT HWY 219 NEAR HILLSBORO, OR",45.50038889,-122.99094444
2024-05-07,19.4,14206241,"TUALATIN RIVER AT HWY 219 NEAR HILLSBORO, OR",45.50038889,-122.99094444
2024-05-08,16.3,14206241,"TUALATIN RIVER AT HWY 219 NEAR HILLSBORO, OR",45.50038889,-122.99094444
2024-05-09,15.1,14206241,"TUALATIN RIVER AT HWY 219 NEAR HILLSBORO, OR",45.50038889,-122.99094444
2024-05-25,7.2,14206241,"TUALATIN RIVER AT HWY 219 NEAR HILLSBORO, OR",45.50038889,-122.99094444
2024-05-26,7.2,14206241,"TUALATIN RIVER AT HWY 219 NEAR HILLSBORO, OR",45.50038889,-122.99094444
2024-05-27,7.2,14206241,"TUALATIN RIVER AT HWY 219 NEAR HILLSBORO, OR",45.50038889,-122.99094444
2024-05-28,10.0,14206241,"TUALATIN RIVER AT HWY 219 NEAR HILLSBORO, OR",45.50038889,-122.99094444
2024-05-29,8.4,14206241,"TUALATIN RIVER AT HWY 219 NEAR HILLSBORO, OR",45.50038889,-122.99094444
2024-05-30,7.9,14206241,"TUALATIN RIVER AT HWY 219 NEAR HILLSBORO, OR",45.50038889,-122.99094444
2024-05-31,8.2,14206241,"TUALATIN RIVER AT HWY 219 NEAR HILLSBORO, OR",45.50038889,-122.99094444
2024-06-01,10.2,14206241,"TUALATIN RIVER AT HWY 219 NEAR HILLSBORO, OR",45.50038889,-122.99094444
2024-06-02,7.6,14206241,"TUALATIN RIVER AT HWY 219 NEAR HILLSBORO, OR",45.50038889,-122.99094444
2024-06-03,14.9,14206241,"TUALATIN RIVER AT HWY 219 NEAR HILLSBORO, OR",45.50038889,-122.99094444
2024-06-04,20.8,14206241,"TUALATIN RIVER AT HWY 219 NEAR HILLSBORO, OR",45.50038889,-122.99094444
2024-06-05,13.6,14206241,"TUALATIN RIVER AT HWY 219 NEAR HILLSBORO, OR",45.50038889,-122.99094444
2024-06-06,11.2,14206241,"TUALATIN RIVER AT HWY 219 NEAR HILLSBORO, OR",45.50038889,-122.99094444
2024-06-07,12.6,14206241,"TUALATIN RIVER AT HWY 219 NEAR HILLSBORO, OR",45.50038889,-122.99094444
2024-06-08,14.2,14206241,"TUALATIN RIVER AT HWY 219 NEAR HILLSBORO, OR",45.50038889,-122.99094444
2024-06-09,13.3,14206241,"TUALATIN RIVER AT HWY 219 NEAR HILLSBORO, OR",45.50038889,-122.99094444
2024-06-10,12.1,14206241,"TUALATIN RIVER AT HWY 219 NEAR HILLSBORO, OR",45.50038889,-122.99094444
2024-06-11,14.1,14206241,"TUALATIN RIVER AT HWY 219 NEAR HILLSBORO, OR",45.50038889,-122.99094444
2024-06-12,12.7,14206241,"TUALATIN RIVER AT HWY 219 NEAR HILLSBORO, OR",45.50038889,-122.99094444
2024-06-13,12.5,14206241,"TUALATIN RIVER AT HWY 219 NEAR HILLSBORO, OR",45.50038889,-122.99094444
2024-06-14,13.8,14206241,"TUALATIN RIVER AT HWY 219 NEAR HILLSBORO, OR",45.50038889,-122.99094444
2024-06-15,11.0,14206241,"TUALATIN RIVER AT HWY 219 NEAR HILLSBORO, OR",45.50038889,-122.99094444
2024-06-16,12.9,14206241,"TUALATIN RIVER AT HWY 219 NEAR HILLSBORO, OR",45.50038889,-122.99094444
2024-06-17,12.1,14206241,"TUALATIN RIVER AT HWY 219 NEAR HILLSBORO, OR",45.50038889,-122.99094444
2024-06-18,10.4,14206241,"TUALATIN RIVER AT HWY 219 NEAR HILLSBORO, OR",45.50038889,-122.99094444
2024-06-19,10.3,14206241,"TUALATIN RIVER AT HWY 219 NEAR HILLSBORO, OR",45.50038889,-122.99094444
2024-06-20,10.4,14206241,"TUALATIN RIVER AT HWY 219 NEAR HILLSBORO, OR",45.50038889,-122.99094444
2024-06-21,7.8,14206241,"TUALATIN RIVER AT HWY 219 NEAR HILLSBORO, OR",45.50038889,-122.99094444
2024-06-22,10.6,14206241,"TUALATIN RIVER AT HWY 219 NEAR HILLSBORO, OR",45.50038889,-122.99094444
2024-06-23,8.3,14206241,"TUALATIN RIVER AT HWY 219 NEAR HILLSBORO, OR",45.50038889,-122.99094444
2024-06-24,7.9,14206241,"TUALATIN RIVER AT HWY 219 NEAR HILLSBORO, OR",45.50038889,-122.99094444
2024-06-25,7.6,14206241,"TUALATIN RIVER AT HWY 219 NEAR HILLSBORO, OR",45.50038889,-122.99094444
2024-06-26,8.0,14206241,"TUALATIN RIVER AT HWY 219 NEAR HILLSBORO, OR",45.50038889,-122.99094444
2024-06-27,7.6,14206241,"TUALATIN RIVER AT HWY 219 NEAR HILLSBORO, OR",45.50038889,-122.99094444
2024-06-28,8.2,14206241,"TUALATIN RIVER AT HWY 219 NEAR HILLSBORO, OR",45.50038889,-122.99094444
2024-06-29,7.9,14206241,"TUALATIN RIVER AT HWY 219 NEAR HILLSBORO, OR",45.50038889,-122.99094444
2024-06-30,7.8,14206241,"TUALATIN RIVER AT HWY 219 NEAR HILLSBORO, OR",45.50038889,-122.99094444
2024-07-01,8.2,14206241,"TUALATIN RIVER AT HWY 219 NEAR HILLSBORO, OR",45.50038889,-122.99094444
2024-07-02,12.8,14206241,"TUALATIN RIVER AT HWY 219 NEAR HILLSBORO, OR",45.50038889,-122.99094444
2024-07-03,7.5,14206241,"TUALATIN RIVER AT HWY 219 NEAR HILLSBORO, OR",45.50038889,-122.99094444
2024-07-04,8.3,14206241,"TUALATIN RIVER AT HWY 219 NEAR HILLSBORO, OR",45.50038889,-122.99094444
2024-07-05,8.6,14206241,"TUALATIN RIVER AT HWY 219 NEAR HILLSBORO, OR",45.50038889,-122.99094444
2024-07-06,8.0,14206241,"TUALATIN RIVER AT HWY 219 NEAR HILLSBORO, OR",45.50038889,-122.99094444
2024-07-07,9.5,14206241,"TUALATIN RIVER AT HWY 219 NEAR HILLSBORO, OR",45.50038889,-122.99094444
2024-07-08,8.5,14206241,"TUALATIN RIVER AT HWY 219 NEAR HILLSBORO, OR",45.50038889,-122.99094444
2024-07-09,9.2,14206241,"TUALATIN RIVER AT HWY 219 NEAR HILLSBORO, OR",45.50038889,-122.99094444
2024-07-10,11.3,14206241,"TUALATIN RIVER AT HWY 219 NEAR HILLSBORO, OR",45.50038889,-122.99094444
2024-07-11,13.2,14206241,"TUALATIN RIVER AT HWY 219 NEAR HILLSBORO, OR",45.50038889,-122.99094444
2024-07-12,9.8,14206241,"TUALATIN RIVER AT HWY 219 NEAR HILLSBORO, OR",45.50038889,-122.99094444
2024-07-13,13.2,14206241,"TUALATIN RIVER AT HWY 219 NEAR HILLSBORO, OR",45.50038889,-122.99094444
2024-07-14,10.5,14206241,"TUALATIN RIVER AT HWY 219 NEAR HILLSBORO, OR",45.50038889,-122.99094444
2024-07-15,9.5,14206241,"TUALATIN RIVER AT HWY 219 NEAR HILLSBORO, OR",45.50038889,-122.99094444
2024-07-16,12.1,14206241,"TUALATIN RIVER AT HWY 219 NEAR HILLSBORO, OR",45.50038889,-122.99094444
2024-07-17,8.6,14206241,"TUALATIN RIVER AT HWY 219 NEAR HILLSBORO, OR",45.50038889,-122.99094444
2024-07-18,8.8,14206241,"TUALATIN RIVER AT HWY 219 NEAR HILLSBORO, OR",45.50038889,-122.99094444
2024-07-19,10.5,14206241,"TUALATIN RIVER AT HWY 219 NEAR HILLSBORO, OR",45.50038889,-122.99094444
2024-07-20,10.6,14206241,"TUALATIN RIVER AT HWY 219 NEAR HILLSBORO, OR",45.50038889,-122.99094444
2024-07-21,8.3,14206241,"TUALATIN RIVER AT HWY 219 NEAR HILLSBORO, OR",45.50038889,-122.99094444
2024-07-22,9.0,14206241,"TUALATIN RIVER AT HWY 219 NEAR HILLSBORO, OR",45.50038889,-122.99094444
2024-07-23,10.2,14206241,"TUALATIN RIVER AT HWY 219 NEAR HILLSBORO, OR",45.50038889,-122.99094444
2024-07-24,8.6,14206241,"TUALATIN RIVER AT HWY 219 NEAR HILLSBORO, OR",45.50038889,-122.99094444
2024-07-25,8.5,14206241,"TUALATIN RIVER AT HWY 219 NEAR HILLSBORO, OR",45.50038889,-122.99094444
2024-07-26,9.1,14206241,"TUALATIN RIVER AT HWY 219 NEAR HILLSBORO, OR",45.50038889,-122.99094444
2024-07-27,12.1,14206241,"TUALATIN RIVER AT HWY 219 NEAR HILLSBORO, OR",45.50038889,-122.99094444
2024-07-28,8.7,14206241,"TUALATIN RIVER AT HWY 219 NEAR HILLSBORO, OR",45.50038889,-122.99094444
2024-07-29,13.3,14206241,"TUALATIN RIVER AT HWY 219 NEAR HILLSBORO, OR",45.50038889,-122.99094444
2024-07-30,10.1,14206241,"TUALATIN RIVER AT HWY 219 NEAR HILLSBORO, OR",45.50038889,-122.99094444
2024-07-31,8.7,14206241,"TUALATIN RIVER AT HWY 219 NEAR HILLSBORO, OR",45.50038889,-122.99094444
2024-08-01,6.7,14206241,"TUALATIN RIVER AT HWY 219 NEAR HILLSBORO, OR",45.50038889,-122.99094444
2024-08-02,7.4,14206241,"TUALATIN RIVER AT HWY 219 NEAR HILLSBORO, OR",45.50038889,-122.99094444
2024-08-03,7.3,14206241,"TUALATIN RIVER AT HWY 219 NEAR HILLSBORO, OR",45.50038889,-122.99094444
2024-08-04,7.0,14206241,"TUALATIN RIVER AT HWY 219 NEAR HILLSBORO, OR",45.50038889,-122.99094444
2024-08-05,8.5,14206241,"TUALATIN RIVER AT HWY 219 NEAR HILLSBORO, OR",45.50038889,-122.99094444
2024-08-06,7.0,14206241,"TUALATIN RIVER AT HWY 219 NEAR HILLSBORO, OR",45.50038889,-122.99094444
2024-08-07,8.0,14206241,"TUALATIN RIVER AT HWY 219 NEAR HILLSBORO, OR",45.50038889,-122.99094444
2024-08-08,7.8,14206241,"TUALATIN RIVER AT HWY 219 NEAR HILLSBORO, OR",45.50038889,-122.99094444
2024-08-09,8.1,14206241,"TUALATIN RIVER AT HWY 219 NEAR HILLSBORO, OR",45.50038889,-122.99094444
2024-08-10,7.8,14206241,"TUALATIN RIVER AT HWY 219 NEAR HILLSBORO, OR",45.50038889,-122.99094444
2024-08-11,8.9,14206241,"TUALATIN RIVER AT HWY 219 NEAR HILLSBORO, OR",45.50038889,-122.99094444
2024-08-12,11.6,14206241,"TUALATIN RIVER AT HWY 219 NEAR HILLSBORO, OR",45.50038889,-122.99094444
2024-08-13,11.4,14206241,"TUALATIN RIVER AT HWY 219 NEAR HILLSBORO, OR",45.50038889,-122.99094444
2024-08-14,10.9,14206241,"TUALATIN RIVER AT HWY 219 NEAR HILLSBORO, OR",45.50038889,-122.99094444
2024-08-15,13.2,14206241,"TUALATIN RIVER AT HWY 219 NEAR HILLSBORO, OR",45.50038889,-122.99094444
2024-08-16,11.5,14206241,"TUALATIN RIVER AT HWY 219 NEAR HILLSBORO, OR",45.50038889,-122.99094444
2024-08-17,9.6,14206241,"TUALATIN RIVER AT HWY 219 NEAR HILLSBORO, OR",45.50038889,-122.99094444
2024-08-18,11.9,14206241,"TUALATIN RIVER AT HWY 219 NEAR HILLSBORO, OR",45.50038889,-122.99094444
2024-08-19,11.8,14206241,"TUALATIN RIVER AT HWY 219 NEAR HILLSBORO, OR",45.50038889,-122.99094444
2024-08-20,10.6,14206241,"TUALATIN RIVER AT HWY 219 NEAR HILLSBORO, OR",45.50038889,-122.99094444
2024-08-21,9.6,14206241,"TUALATIN RIVER AT HWY 219 NEAR HILLSBORO, OR",45.50038889,-122.99094444
2024-08-22,10.0,14206241,"TUALATIN RIVER AT HWY 219 NEAR HILLSBORO, OR",45.50038889,-122.99094444
2024-08-23,9.6,14206241,"TUALATIN RIVER AT HWY 219 NEAR HILLSBORO, OR",45.50038889,-122.99094444
2024-08-24,9.3,14206241,"TUALATIN RIVER AT HWY 219 NEAR HILLSBORO, OR",45.50038889,-122.99094444
2024-08-25,10.2,14206241,"TUALATIN RIVER AT HWY 219 NEAR HILLSBORO, OR",45.50038889,-122.99094444
2024-08-26,9.5,14206241,"TUALATIN RIVER AT HWY 219 NEAR HILLSBORO, OR",45.50038889,-122.99094444
2024-08-27,9.4,14206241,"TUALATIN RIVER AT HWY 219 NEAR HILLSBORO, OR",45.50038889,-122.99094444
2024-08-28,9.2,14206241,"TUALATIN RIVER AT HWY 219 NEAR HILLSBORO, OR",45.50038889,-122.99094444
2024-08-29,7.8,14206241,"TUALATIN RIVER AT HWY 219 NEAR HILLSBORO, OR",45.50038889,-122.99094444
2024-08-30,8.4,14206241,"TUALATIN RIVER AT HWY 219 NEAR HILLSBORO, OR",45.50038889,-122.99094444
2024-08-31,9.7,14206241,"TUALATIN RIVER AT HWY 219 NEAR HILLSBORO, OR",45.50038889,-122.99094444
2024-09-01,9.3,14206241,"TUALATIN RIVER AT HWY 219 NEAR HILLSBORO, OR",45.50038889,-122.99094444
2024-09-02,9.6,14206241,"TUALATIN RIVER AT HWY 219 NEAR HILLSBORO, OR",45.50038889,-122.99094444
2024-09-03,9.6,14206241,"TUALATIN RIVER AT HWY 219 NEAR HILLSBORO, OR",45.50038889,-122.99094444
2024-09-04,8.8,14206241,"TUALATIN RIVER AT HWY 219 NEAR HILLSBORO, OR",45.50038889,-122.99094444
2024-09-05,8.4,14206241,"TUALATIN RIVER AT HWY 219 NEAR HILLSBORO, OR",45.50038889,-122.99094444
2024-09-06,11.4,14206241,"TUALATIN RIVER AT HWY 219 NEAR HILLSBORO, OR",45.50038889,-122.99094444
2024-09-07,11.1,14206241,"TUALATIN RIVER AT HWY 219 NEAR HILLSBORO, OR",45.50038889,-122.99094444
2024-09-08,9.4,14206241,"TUALATIN RIVER AT HWY 219 NEAR HILLSBORO, OR",45.50038889,-122.99094444
2024-09-09,9.6,14206241,"TUALATIN RIVER AT HWY 219 NEAR HILLSBORO, OR",45.50038889,-122.99094444
2024-09-10,9.3,14206241,"TUALATIN RIVER AT HWY 219 NEAR HILLSBORO, OR",45.50038889,-122.99094444
2024-09-11,9.3,14206241,"TUALATIN RIVER AT HWY 219 NEAR HILLSBORO, OR",45.50038889,-122.99094444
2024-09-12,10.2,14206241,"TUALATIN RIVER AT HWY 219 NEAR HILLSBORO, OR",45.50038889,-122.99094444
2024-09-13,9.6,14206241,"TUALATIN RIVER AT HWY 219 NEAR HILLSBORO, OR",45.50038889,-122.99094444
2024-09-14,9.7,14206241,"TUALATIN RIVER AT HWY 219 NEAR HILLSBORO, OR",45.50038889,-122.99094444
2024-09-15,16.3,14206241,"TUALATIN RIVER AT HWY 219 NEAR HILLSBORO, OR",45.50038889,-122.99094444
2024-09-16,10.1,14206241,"TUALATIN RIVER AT HWY 219 NEAR HILLSBORO, OR",45.50038889,-122.99094444
2024-09-17,8.6,14206241,"TUALATIN RIVER AT HWY 219 NEAR HILLSBORO, OR",45.50038889,-122.99094444
2024-09-18,7.9,14206241,"TUALATIN RIVER AT HWY 219 NEAR HILLSBORO, OR",45.50038889,-122.99094444
2024-09-19,13.0,14206241,"TUALATIN RIVER AT HWY 219 NEAR HILLSBORO, OR",45.50038889,-122.99094444
2024-09-20,9.7,14206241,"TUALATIN RIVER AT HWY 219 NEAR HILLSBORO, OR",45.50038889,-122.99094444
2024-09-21,19.0,14206241,"TUALATIN RIVER AT HWY 219 NEAR HILLSBORO, OR",45.50038889,-122.99094444
2024-09-22,14.0,14206241,"TUALATIN RIVER AT HWY 219 NEAR HILLSBORO, OR",45.50038889,-122.99094444
2024-09-23,12.0,14206241,"TUALATIN RIVER AT HWY 219 NEAR HILLSBORO, OR",45.50038889,-122.99094444
2024-09-24,9.4,14206241,"TUALATIN RIVER AT HWY 219 NEAR HILLSBORO, OR",45.50038889,-122.99094444
2024-09-25,14.2,14206241,"TUALATIN RIVER AT HWY 219 NEAR HILLSBORO, OR",45.50038889,-122.99094444
2024-09-26,9.9,14206241,"TUALATIN RIVER AT HWY 219 NEAR HILLSBORO, OR",45.50038889,-122.99094444
2024-09-27,7.8,14206241,"TUALATIN RIVER AT HWY 219 NEAR HILLSBORO, OR",45.50038889,-122.99094444
2024-09-28,7.7,14206241,"TUALATIN RIVER AT HWY 219 NEAR HILLSBORO, OR",45.50038889,-122.99094444
2024-09-29,7.4,14206241,"TUALATIN RIVER AT HWY 219 NEAR HILLSBORO, OR",45.50038889,-122.99094444
2024-09-30,7.5,14206241,"TUALATIN RIVER AT HWY 219 NEAR HILLSBORO, OR",45.50038889,-122.99094444
2024-08-30,3.1,142063398,"BETHANY LAKE NEAR BETHANY, OR",45.55631389,-122.8737194
2024-08-31,4.4,142063398,"BETHANY LAKE NEAR BETHANY, OR",45.55631389,-122.8737194
2024-09-01,4.1,142063398,"BETHANY LAKE NEAR BETHANY, OR",45.55631389,-122.8737194
2024-09-07,12.0,142063398,"BETHANY LAKE NEAR BETHANY, OR",45.55631389,-122.8737194
2024-09-11,6.4,142063398,"BETHANY LAKE NEAR BETHANY, OR",45.55631389,-122.8737194
2024-09-26,6.2,142063398,"BETHANY LAKE NEAR BETHANY, OR",45.55631389,-122.8737194
2024-09-27,6.0,142063398,"BETHANY LAKE NEAR BETHANY, OR",45.55631389,-122.8737194
2024-09-28,2.1,142063398,"BETHANY LAKE NEAR BETHANY, OR",45.55631389,-122.8737194
2024-09-30,1.1,142063398,"BETHANY LAKE NEAR BETHANY, OR",45.55631389,-122.8737194
2024-01-01,45.6,14206752,"CHICKEN CREEK ABV SEASONAL TRAIL, NR SHERWOOD, OR",45.38541667,-122.8370556
2024-01-02,65.1,14206752,"CHICKEN CREEK ABV SEASONAL TRAIL, NR SHERWOOD, OR",45.38541667,-122.8370556
2024-01-03,40.5,14206752,"CHICKEN CREEK ABV SEASONAL TRAIL, NR SHERWOOD, OR",45.38541667,-122.8370556
2024-01-04,37.3,14206752,"CHICKEN CREEK ABV SEASONAL TRAIL, NR SHERWOOD, OR",45.38541667,-122.8370556
2024-01-05,23.9,14206752,"CHICKEN CREEK ABV SEASONAL TRAIL, NR SHERWOOD, OR",45.38541667,-122.8370556
2024-01-06,31.5,14206752,"CHICKEN CREEK ABV SEASONAL TRAIL, NR SHERWOOD, OR",45.38541667,-122.8370556
2024-01-07,21.3,14206752,"CHICKEN CREEK ABV SEASONAL TRAIL, NR SHERWOOD, OR",45.38541667,-122.8370556
2024-01-08,17.6,14206752,"CHICKEN CREEK ABV SEASONAL TRAIL, NR SHERWOOD, OR",45.38541667,-122.8370556
2024-01-09,29.5,14206752,"CHICKEN CREEK ABV SEASONAL TRAIL, NR SHERWOOD, OR",45.38541667,-122.8370556
2024-01-10,35.4,14206752,"CHICKEN CREEK ABV SEASONAL TRAIL, NR SHERWOOD, OR",45.38541667,-122.8370556
2024-01-11,14.9,14206752,"CHICKEN CREEK ABV SEASONAL TRAIL, NR SHERWOOD, OR",45.38541667,-122.8370556
2024-01-12,80.3,14206752,"CHICKEN CREEK ABV SEASONAL TRAIL, NR SHERWOOD, OR",45.38541667,-122.8370556
2024-01-13,38.1,14206752,"CHICKEN CREEK ABV SEASONAL TRAIL, NR SHERWOOD, OR",45.38541667,-122.8370556
2024-01-14,54.3,14206752,"CHICKEN CREEK ABV SEASONAL TRAIL, NR SHERWOOD, OR",45.38541667,-122.8370556
2024-01-15,66.5,14206752,"CHICKEN CREEK ABV SEASONAL TRAIL, NR SHERWOOD, OR",45.38541667,-122.8370556
2024-01-16,63.7,14206752,"CHICKEN CREEK ABV SEASONAL TRAIL, NR SHERWOOD, OR",45.38541667,-122.8370556
2024-01-17,27.0,14206752,"CHICKEN CREEK ABV SEASONAL TRAIL, NR SHERWOOD, OR",45.38541667,-122.8370556
2024-01-18,43.6,14206752,"CHICKEN CREEK ABV SEASONAL TRAIL, NR SHERWOOD, OR",45.38541667,-122.8370556
2024-01-19,18.2,14206752,"CHICKEN CREEK ABV SEASONAL TRAIL, NR SHERWOOD, OR",45.38541667,-122.8370556
2024-01-20,17.1,14206752,"CHICKEN CREEK ABV SEASONAL TRAIL, NR SHERWOOD, OR",45.38541667,-122.8370556
2024-01-21,19.3,14206752,"CHICKEN CREEK ABV SEASONAL TRAIL, NR SHERWOOD, OR",45.38541667,-122.8370556
2024-01-22,16.5,14206752,"CHICKEN CREEK ABV SEASONAL TRAIL, NR SHERWOOD, OR",45.38541667,-122.8370556
2024-01-23,13.1,14206752,"CHICKEN CREEK ABV SEASONAL TRAIL, NR SHERWOOD, OR",45.38541667,-122.8370556
2024-01-24,22.5,14206752,"CHICKEN CREEK ABV SEASONAL TRAIL, NR SHERWOOD, OR",45.38541667,-122.8370556
2024-01-25,13.8,14206752,"CHICKEN CREEK ABV SEASONAL TRAIL, NR SHERWOOD, OR",45.38541667,-122.8370556
2024-01-26,8.5,14206752,"CHICKEN CREEK ABV SEASONAL TRAIL, NR SHERWOOD, OR",45.38541667,-122.8370556
2024-01-27,14.1,14206752,"CHICKEN CREEK ABV SEASONAL TRAIL, NR SHERWOOD, OR",45.38541667,-122.8370556
2024-01-28,16.4,14206752,"CHICKEN CREEK ABV SEASONAL TRAIL, NR SHERWOOD, OR",45.38541667,-122.8370556
2024-01-29,10.9,14206752,"CHICKEN CREEK ABV SEASONAL TRAIL, NR SHERWOOD, OR",45.38541667,-122.8370556
2024-01-30,13.5,14206752,"CHICKEN CREEK ABV SEASONAL TRAIL, NR SHERWOOD, OR",45.38541667,-122.8370556
2024-01-31,7.6,14206752,"CHICKEN CREEK ABV SEASONAL TRAIL, NR SHERWOOD, OR",45.38541667,-122.8370556
2024-02-01,13.4,14206752,"CHICKEN CREEK ABV SEASONAL TRAIL, NR SHERWOOD, OR",45.38541667,-122.8370556
2024-02-02,10.3,14206752,"CHICKEN CREEK ABV SEASONAL TRAIL, NR SHERWOOD, OR",45.38541667,-122.8370556
2024-02-03,11.2,14206752,"CHICKEN CREEK ABV SEASONAL TRAIL, NR SHERWOOD, OR",45.38541667,-122.8370556
2024-02-04,8.8,14206752,"CHICKEN CREEK ABV SEASONAL TRAIL, NR SHERWOOD, OR",45.38541667,-122.8370556
2024-02-05,11.1,14206752,"CHICKEN CREEK ABV SEASONAL TRAIL, NR SHERWOOD, OR",45.38541667,-122.8370556
2024-02-06,9.8,14206752,"CHICKEN CREEK ABV SEASONAL TRAIL, NR SHERWOOD, OR",45.38541667,-122.8370556
2024-02-07,20.9,14206752,"CHICKEN CREEK ABV SEASONAL TRAIL, NR SHERWOOD, OR",45.38541667,-122.8370556
2024-02-08,53.2,14206752,"CHICKEN CREEK ABV SEASONAL TRAIL, NR SHERWOOD, OR",45.38541667,-122.8370556
2024-02-09,31.8,14206752,"CHICKEN CREEK ABV SEASONAL TRAIL, NR SHERWOOD, OR",45.38541667,-122.8370556
2024-02-10,28.9,14206752,"CHICKEN CREEK ABV SEASONAL TRAIL, NR SHERWOOD, OR",45.38541667,-122.8370556
2024-02-11,22.7,14206752,"CHICKEN CREEK ABV SEASONAL TRAIL, NR SHERWOOD, OR",45.38541667,-122.8370556
2024-02-12,24.7,14206752,"CHICKEN CREEK ABV SEASONAL TRAIL, NR SHERWOOD, OR",45.38541667,-122.8370556
2024-02-13,34.1,14206752,"CHICKEN CREEK ABV SEASONAL TRAIL, NR SHERWOOD, OR",45.38541667,-122.8370556
2024-02-14,37.6,14206752,"CHICKEN CREEK ABV SEASONAL TRAIL, NR SHERWOOD, OR",45.38541667,-122.8370556
2024-02-15,41.9,14206752,"CHICKEN CREEK ABV SEASONAL TRAIL, NR SHERWOOD, OR",45.38541667,-122.8370556
2024-02-16,27.1,14206752,"CHICKEN CREEK ABV SEASONAL TRAIL, NR SHERWOOD, OR",45.38541667,-122.8370556
2024-02-17,25.5,14206752,"CHICKEN CREEK ABV SEASONAL TRAIL, NR SHERWOOD, OR",45.38541667,-122.8370556
2024-02-18,21.2,14206752,"CHICKEN CREEK ABV SEASONAL TRAIL, NR SHERWOOD, OR",45.38541667,-122.8370556
2024-02-19,22.8,14206752,"CHICKEN CREEK ABV SEASONAL TRAIL, NR SHERWOOD, OR",45.38541667,-122.8370556
2024-02-20,20.2,14206752,"CHICKEN CREEK ABV SEASONAL TRAIL, NR SHERWOOD, OR",45.38541667,-122.8370556
2024-02-21,15.1,14206752,"CHICKEN CREEK ABV SEASONAL TRAIL, NR SHERWOOD, OR",45.38541667,-122.8370556
2024-02-22,16.2,14206752,"CHICKEN CREEK ABV SEASONAL TRAIL, NR SHERWOOD, OR",45.38541667,-122.8370556
2024-02-23,17.3,14206752,"CHICKEN CREEK ABV SEASONAL TRAIL, NR SHERWOOD, OR",45.38541667,-122.8370556
2024-02-24,22.3,14206752,"CHICKEN CREEK ABV SEASONAL TRAIL, NR SHERWOOD, OR",45.38541667,-122.8370556
2024-02-25,20.1,14206752,"CHICKEN CREEK ABV SEASONAL TRAIL, NR SHERWOOD, OR",45.38541667,-122.8370556
2024-02-26,22.5,14206752,"CHICKEN CREEK ABV SEASONAL TRAIL, NR SHERWOOD, OR",45.38541667,-122.8370556
2024-02-27,20.3,14206752,"CHICKEN CREEK ABV SEASONAL TRAIL, NR SHERWOOD, OR",45.38541667,-122.8370556
2024-02-28,21.3,14206752,"CHICKEN CREEK ABV SEASONAL TRAIL, NR SHERWOOD, OR",45.38541667,-122.8370556
2024-02-29,45.4,14206752,"CHICKEN CREEK ABV SEASONAL TRAIL, NR SHERWOOD, OR",45.38541667,-122.8370556
2024-03-01,28.3,14206752,"CHICKEN CREEK ABV SEASONAL TRAIL, NR SHERWOOD, OR",45.38541667,-122.8370556
2024-03-02,21.8,14206752,"CHICKEN CREEK ABV SEASONAL TRAIL, NR SHERWOOD, OR",45.38541667,-122.8370556
2024-03-03,12.9,14206752,"CHICKEN CREEK ABV SEASONAL TRAIL, NR SHERWOOD, OR",45.38541667,-122.8370556
2024-03-04,10.5,14206752,"CHICKEN CREEK ABV SEASONAL TRAIL, NR SHERWOOD, OR",45.38541667,-122.8370556
2024-03-05,9.0,14206752,"CHICKEN CREEK ABV SEASONAL TRAIL, NR SHERWOOD, OR",45.38541667,-122.8370556
2024-03-06,8.1,14206752,"CHICKEN CREEK ABV SEASONAL TRAIL, NR SHERWOOD, OR",45.38541667,-122.8370556
2024-03-07,12.9,14206752,"CHICKEN CREEK ABV SEASONAL TRAIL, NR SHERWOOD, OR",45.38541667,-122.8370556
2024-03-08,9.3,14206752,"CHICKEN CREEK ABV SEASONAL TRAIL, NR SHERWOOD, OR",45.38541667,-122.8370556
2024-03-09,15.8,14206752,"CHICKEN CREEK ABV SEASONAL TRAIL, NR SHERWOOD, OR",45.38541667,-122.8370556
2024-03-10,17.6,14206752,"CHICKEN CREEK ABV SEASONAL TRAIL, NR SHERWOOD, OR",45.38541667,-122.8370556
2024-03-11,12.8,14206752,"CHICKEN CREEK ABV SEASONAL TRAIL, NR SHERWOOD, OR",45.38541667,-122.8370556
2024-03-12,10.7,14206752,"CHICKEN CREEK ABV SEASONAL TRAIL, NR SHERWOOD, OR",45.38541667,-122.8370556
2024-03-13,12.3,14206752,"CHICKEN CREEK ABV SEASONAL TRAIL, NR SHERWOOD, OR",45.38541667,-122.8370556
2024-03-14,10.6,14206752,"CHICKEN CREEK ABV SEASONAL TRAIL, NR SHERWOOD, OR",45.38541667,-122.8370556
2024-03-15,11.8,14206752,"CHICKEN CREEK ABV SEASONAL TRAIL, NR SHERWOOD, OR",45.38541667,-122.8370556
2024-03-16,15.2,14206752,"CHICKEN CREEK ABV SEASONAL TRAIL, NR SHERWOOD, OR",45.38541667,-122.8370556
2024-03-17,15.4,14206752,"CHICKEN CREEK ABV SEASONAL TRAIL, NR SHERWOOD, OR",45.38541667,-122.8370556
2024-03-18,26.9,14206752,"CHICKEN CREEK ABV SEASONAL TRAIL, NR SHERWOOD, OR",45.38541667,-122.8370556
2024-03-19,25.7,14206752,"CHICKEN CREEK ABV SEASONAL TRAIL, NR SHERWOOD, OR",45.38541667,-122.8370556
2024-03-20,25.2,14206752,"CHICKEN CREEK ABV SEASONAL TRAIL, NR SHERWOOD, OR",45.38541667,-122.8370556
2024-03-21,20.7,14206752,"CHICKEN CREEK ABV SEASONAL TRAIL, NR SHERWOOD, OR",45.38541667,-122.8370556
2024-03-22,27.8,14206752,"CHICKEN CREEK ABV SEASONAL TRAIL, NR SHERWOOD, OR",45.38541667,-122.8370556
2024-03-23,19.9,14206752,"CHICKEN CREEK ABV SEASONAL TRAIL, NR SHERWOOD, OR",45.38541667,-122.8370556
2024-03-24,26.7,14206752,"CHICKEN CREEK ABV SEASONAL TRAIL, NR SHERWOOD, OR",45.38541667,-122.8370556
2024-03-25,22.5,14206752,"CHICKEN CREEK ABV SEASONAL TRAIL, NR SHERWOOD, OR",45.38541667,-122.8370556
2024-03-26,21.0,14206752,"CHICKEN CREEK ABV SEASONAL TRAIL, NR SHERWOOD, OR",45.38541667,-122.8370556
2024-03-27,24.6,14206752,"CHICKEN CREEK ABV SEASONAL TRAIL, NR SHERWOOD, OR",45.38541667,-122.8370556
2024-03-28,17.3,14206752,"CHICKEN CREEK ABV SEASONAL TRAIL, NR SHERWOOD, OR",45.38541667,-122.8370556
2024-03-29,20.1,14206752,"CHICKEN CREEK ABV SEASONAL TRAIL, NR SHERWOOD, OR",45.38541667,-122.8370556
2024-03-30,15.5,14206752,"CHICKEN CREEK ABV SEASONAL TRAIL, NR SHERWOOD, OR",45.38541667,-122.8370556
2024-03-31,13.9,14206752,"CHICKEN CREEK ABV SEASONAL TRAIL, NR SHERWOOD, OR",45.38541667,-122.8370556
2024-04-01,11.8,14206752,"CHICKEN CREEK ABV SEASONAL TRAIL, NR SHERWOOD, OR",45.38541667,-122.8370556
2024-04-02,15.3,14206752,"CHICKEN CREEK ABV SEASONAL TRAIL, NR SHERWOOD, OR",45.38541667,-122.8370556
2024-04-03,13.9,14206752,"CHICKEN CREEK ABV SEASONAL TRAIL, NR SHERWOOD, OR",45.38541667,-122.8370556
2024-04-04,12.6,14206752,"CHICKEN CREEK ABV SEASONAL TRAIL, NR SHERWOOD, OR",45.38541667,-122.8370556
2024-04-05,12.6,14206752,"CHICKEN CREEK ABV SEASONAL TRAIL, NR SHERWOOD, OR",45.38541667,-122.8370556
2024-04-06,13.8,14206752,"CHICKEN CREEK ABV SEASONAL TRAIL, NR SHERWOOD, OR",45.38541667,-122.8370556
2024-04-07,16.0,14206752,"CHICKEN CREEK ABV SEASONAL TRAIL, NR SHERWOOD, OR",45.38541667,-122.8370556
2024-04-08,12.9,14206752,"CHICKEN CREEK ABV SEASONAL TRAIL, NR SHERWOOD, OR",45.38541667,-122.8370556
2024-04-09,15.1,14206752,"CHICKEN CREEK ABV SEASONAL TRAIL, NR SHERWOOD, OR",45.38541667,-122.8370556
2024-04-10,14.2,14206752,"CHICKEN CREEK ABV SEASONAL TRAIL, NR SHERWOOD, OR",45.38541667,-122.8370556
2024-04-11,15.6,14206752,"CHICKEN CREEK ABV SEASONAL TRAIL, NR SHERWOOD, OR",45.38541667,-122.8370556
2024-04-12,12.6,14206752,"CHICKEN CREEK ABV SEASONAL TRAIL, NR SHERWOOD, OR",45.38541667,-122.8370556
2024-04-13,13.9,14206752,"CHICKEN CREEK ABV SEASONAL TRAIL, NR SHERWOOD, OR",45.38541667,-122.8370556
2024-04-14,14.8,14206752,"CHICKEN CREEK ABV SEASONAL TRAIL, NR SHERWOOD, OR",45.38541667,-122.8370556
2024-04-15,17.9,14206752,"CHICKEN CREEK ABV SEASONAL TRAIL, NR SHERWOOD, OR",45.38541667,-122.8370556
2024-04-16,15.5,14206752,"CHICKEN CREEK ABV SEASONAL TRAIL, NR SHERWOOD, OR",45.38541667,-122.8370556
2024-04-17,16.4,14206752,"CHICKEN CREEK ABV SEASONAL TRAIL, NR SHERWOOD, OR",45.38541667,-122.8370556
2024-04-18,17.4,14206752,"CHICKEN CREEK ABV SEASONAL TRAIL, NR SHERWOOD, OR",45.38541667,-122.8370556
2024-04-19,19.8,14206752,"CHICKEN CREEK ABV SEASONAL TRAIL, NR SHERWOOD, OR",45.38541667,-122.8370556
2024-04-20,19.4,14206752,"CHICKEN CREEK ABV SEASONAL TRAIL, NR SHERWOOD, OR",45.38541667,-122.8370556
2024-04-21,18.9,14206752,"CHICKEN CREEK ABV SEASONAL TRAIL, NR SHERWOOD, OR",45.38541667,-122.8370556
2024-04-22,21.3,14206752,"CHICKEN CREEK ABV SEASONAL TRAIL, NR SHERWOOD, OR",45.38541667,-122.8370556
2024-04-23,15.9,14206752,"CHICKEN CREEK ABV SEASONAL TRAIL, NR SHERWOOD, OR",45.38541667,-122.8370556
2024-04-24,23.7,14206752,"CHICKEN CREEK ABV SEASONAL TRAIL, NR SHERWOOD, OR",45.38541667,-122.8370556
2024-04-25,24.2,14206752,"CHICKEN CREEK ABV SEASONAL TRAIL, NR SHERWOOD, OR",45.38541667,-122.8370556
2024-04-26,24.2,14206752,"CHICKEN CREEK ABV SEASONAL TRAIL, NR SHERWOOD, OR",45.38541667,-122.8370556
2024-04-27,20.4,14206752,"CHICKEN CREEK ABV SEASONAL TRAIL, NR SHERWOOD, OR",45.38541667,-122.8370556
2024-04-28,22.0,14206752,"CHICKEN CREEK ABV SEASONAL TRAIL, NR SHERWOOD, OR",45.38541667,-122.8370556
2024-04-29,25.3,14206752,"CHICKEN CREEK ABV SEASONAL TRAIL, NR SHERWOOD, OR",45.38541667,-122.8370556
2024-04-30,29.5,14206752,"CHICKEN CREEK ABV SEASONAL TRAIL, NR SHERWOOD, OR",45.38541667,-122.8370556
2024-05-01,30.5,14206752,"CHICKEN CREEK ABV SEASONAL TRAIL, NR SHERWOOD, OR",45.38541667,-122.8370556
2024-05-02,20.3,14206752,"CHICKEN CREEK ABV SEASONAL TRAIL, NR SHERWOOD, OR",45.38541667,-122.8370556
2024-05-03,25.7,14206752,"CHICKEN CREEK ABV SEASONAL TRAIL, NR SHERWOOD, OR",45.38541667,-122.8370556
2024-05-04,30.6,14206752,"CHICKEN CREEK ABV SEASONAL TRAIL, NR SHERWOOD, OR",45.38541667,-122.8370556
2024-05-05,25.8,14206752,"CHICKEN CREEK ABV SEASONAL TRAIL, NR SHERWOOD, OR",45.38541667,-122.8370556
2024-05-06,21.0,14206752,"CHICKEN CREEK ABV SEASONAL TRAIL, NR SHERWOOD, OR",45.38541667,-122.8370556
2024-05-07,17.4,14206752,"CHICKEN CREEK ABV SEASONAL TRAIL, NR SHERWOOD, OR",45.38541667,-122.8370556
2024-05-08,20.2,14206752,"CHICKEN CREEK ABV SEASONAL TRAIL, NR SHERWOOD, OR",45.38541667,-122.8370556
2024-05-09,12.8,14206752,"CHICKEN CREEK ABV SEASONAL TRAIL, NR SHERWOOD, OR",45.38541667,-122.8370556
2024-05-10,11.0,14206752,"CHICKEN CREEK ABV SEASONAL TRAIL, NR SHERWOOD, OR",45.38541667,-122.8370556
2024-05-11,11.2,14206752,"CHICKEN CREEK ABV SEASONAL TRAIL, NR SHERWOOD, OR",45.38541667,-122.8370556
2024-05-12,11.7,14206752,"CHICKEN CREEK ABV SEASONAL TRAIL, NR SHERWOOD, OR",45.38541667,-122.8370556
2024-05-13,13.0,14206752,"CHICKEN CREEK ABV SEASONAL TRAIL, NR SHERWOOD, OR",45.38541667,-122.8370556
2024-05-14,15.9,14206752,"CHICKEN CREEK ABV SEASONAL TRAIL, NR SHERWOOD, OR",45.38541667,-122.8370556
2024-05-15,25.1,14206752,"CHICKEN CREEK ABV SEASONAL TRAIL, NR SHERWOOD, OR",45.38541667,-122.8370556
2024-05-16,16.7,14206752,"CHICKEN CREEK ABV SEASONAL TRAIL, NR SHERWOOD, OR",45.38541667,-122.8370556
2024-05-17,20.5,14206752,"CHICKEN CREEK ABV SEASONAL TRAIL, NR SHERWOOD, OR",45.38541667,-122.8370556
2024-05-18,18.9,14206752,"CHICKEN CREEK ABV SEASONAL TRAIL, NR SHERWOOD, OR",45.38541667,-122.8370556
2024-05-19,18.5,14206752,"CHICKEN CREEK ABV SEASONAL TRAIL, NR SHERWOOD, OR",45.38541667,-122.8370556
2024-05-20,16.8,14206752,"CHICKEN CREEK ABV SEASONAL TRAIL, NR SHERWOOD, OR",45.38541667,-122.8370556
2024-05-21,18.1,14206752,"CHICKEN CREEK ABV SEASONAL TRAIL, NR SHERWOOD, OR",45.38541667,-122.8370556
2024-05-22,26.2,14206752,"CHICKEN CREEK ABV SEASONAL TRAIL, NR SHERWOOD, OR",45.38541667,-122.8370556
2024-05-23,20.6,14206752,"CHICKEN CREEK ABV SEASONAL TRAIL, NR SHERWOOD, OR",45.38541667,-122.8370556
2024-05-24,20.5,14206752,"CHICKEN CREEK ABV SEASONAL TRAIL, NR SHERWOOD, OR",45.38541667,-122.8370556
2024-05-25,18.7,14206752,"CHICKEN CREEK ABV SEASONAL TRAIL, NR SHERWOOD, OR",45.38541667,-122.8370556
2024-05-26,20.0,14206752,"CHICKEN CREEK ABV SEASONAL TRAIL, NR SHERWOOD, OR",45.38541667,-122.8370556
2024-05-27,22.3,14206752,"CHICKEN CREEK ABV SEASONAL TRAIL, NR SHERWOOD, OR",45.38541667,-122.8370556
2024-05-28,19.8,14206752,"CHICKEN CREEK ABV SEASONAL TRAIL, NR SHERWOOD, OR",45.38541667,-122.8370556
2024-05-29,22.8,14206752,"CHICKEN CREEK ABV SEASONAL TRAIL, NR SHERWOOD, OR",45.38541667,-122.8370556
2024-05-30,25.2,14206752,"CHICKEN CREEK ABV SEASONAL TRAIL, NR SHERWOOD, OR",45.38541667,-122.8370556
2024-05-31,30.0,14206752,"CHICKEN CREEK ABV SEASONAL TRAIL, NR SHERWOOD, OR",45.38541667,-122.8370556
2024-06-04,23.6,14206752,"CHICKEN CREEK ABV SEASONAL TRAIL, NR SHERWOOD, OR",45.38541667,-122.8370556
2024-06-05,22.2,14206752,"CHICKEN CREEK ABV SEASONAL TRAIL, NR SHERWOOD, OR",45.38541667,-122.8370556
2024-06-06,27.1,14206752,"CHICKEN CREEK ABV SEASONAL TRAIL, NR SHERWOOD, OR",45.38541667,-122.8370556
2024-06-07,30.0,14206752,"CHICKEN CREEK ABV SEASONAL TRAIL, NR SHERWOOD, OR",45.38541667,-122.8370556
2024-06-08,32.2,14206752,"CHICKEN CREEK ABV SEASONAL TRAIL, NR SHERWOOD, OR",45.38541667,-122.8370556
2024-06-09,27.9,14206752,"CHICKEN CREEK ABV SEASONAL TRAIL, NR SHERWOOD, OR",45.38541667,-122.8370556
2024-06-10,22.6,14206752,"CHICKEN CREEK ABV SEASONAL TRAIL, NR SHERWOOD, OR",45.38541667,-122.8370556
2024-06-11,25.6,14206752,"CHICKEN CREEK ABV SEASONAL TRAIL, NR SHERWOOD, OR",45.38541667,-122.8370556
2024-06-12,22.5,14206752,"CHICKEN CREEK ABV SEASONAL TRAIL, NR SHERWOOD, OR",45.38541667,-122.8370556
2024-06-13,34.1,14206752,"CHICKEN CREEK ABV SEASONAL TRAIL, NR SHERWOOD, OR",45.38541667,-122.8370556
2024-06-14,39.9,14206752,"CHICKEN CREEK ABV SEASONAL TRAIL, NR SHERWOOD, OR",45.38541667,-122.8370556
2024-06-15,37.7,14206752,"CHICKEN CREEK ABV SEASONAL TRAIL, NR SHERWOOD, OR",45.38541667,-122.8370556
2024-06-16,35.3,14206752,"CHICKEN CREEK ABV SEASONAL TRAIL, NR SHERWOOD, OR",45.38541667,-122.8370556
2024-06-17,33.8,14206752,"CHICKEN CREEK ABV SEASONAL TRAIL, NR SHERWOOD, OR",45.38541667,-122.8370556
2024-06-18,35.3,14206752,"CHICKEN CREEK ABV SEASONAL TRAIL, NR SHERWOOD, OR",45.38541667,-122.8370556
2024-06-21,27.6,14206752,"CHICKEN CREEK ABV SEASONAL TRAIL, NR SHERWOOD, OR",45.38541667,-122.8370556
2024-06-22,21.0,14206752,"CHICKEN CREEK ABV SEASONAL TRAIL, NR SHERWOOD, OR",45.38541667,-122.8370556
2024-06-23,22.6,14206752,"CHICKEN CREEK ABV SEASONAL TRAIL, NR SHERWOOD, OR",45.38541667,-122.8370556
2024-06-24,23.8,14206752,"CHICKEN CREEK ABV SEASONAL TRAIL, NR SHERWOOD, OR",45.38541667,-122.8370556
2024-06-25,20.2,14206752,"CHICKEN CREEK ABV SEASONAL TRAIL, NR SHERWOOD, OR",45.38541667,-122.8370556
2024-06-26,24.8,14206752,"CHICKEN CREEK ABV SEASONAL TRAIL, NR SHERWOOD, OR",45.38541667,-122.8370556
2024-06-27,24.1,14206752,"CHICKEN CREEK ABV SEASONAL TRAIL, NR SHERWOOD, OR",45.38541667,-122.8370556
2024-06-28,21.3,14206752,"CHICKEN CREEK ABV SEASONAL TRAIL, NR SHERWOOD, OR",45.38541667,-122.8370556
2024-07-03,40.5,14206752,"CHICKEN CREEK ABV SEASONAL TRAIL, NR SHERWOOD, OR",45.38541667,-122.8370556
2024-07-04,40.6,14206752,"CHICKEN CREEK ABV SEASONAL TRAIL, NR SHERWOOD, OR",45.38541667,-122.8370556
2024-07-08,21.6,14206752,"CHICKEN CREEK ABV SEASONAL TRAIL, NR SHERWOOD, OR",45.38541667,-122.8370556
2024-07-09,24.1,14206752,"CHICKEN CREEK ABV SEASONAL TRAIL, NR SHERWOOD, OR",45.38541667,-122.8370556
2024-07-10,25.7,14206752,"CHICKEN CREEK ABV SEASONAL TRAIL, NR SHERWOOD, OR",45.38541667,-122.8370556
2024-07-11,36.0,14206752,"CHICKEN CREEK ABV SEASONAL TRAIL, NR SHERWOOD, OR",45.38541667,-122.8370556
2024-07-16,25.6,14206752,"CHICKEN CREEK ABV SEASONAL TRAIL, NR SHERWOOD, OR",45.38541667,-122.8370556
2024-07-17,28.3,14206752,"CHICKEN CREEK ABV SEASONAL TRAIL, NR SHERWOOD, OR",45.38541667,-122.8370556
2024-07-18,43.0,14206752,"CHICKEN CREEK ABV SEASONAL TRAIL, NR SHERWOOD, OR",45.38541667,-122.8370556
2024-07-19,28.2,14206752,"CHICKEN CREEK ABV SEASONAL TRAIL, NR SHERWOOD, OR",45.38541667,-122.8370556
2024-07-20,41.5,14206752,"CHICKEN CREEK ABV SEASONAL TRAIL, NR SHERWOOD, OR",45.38541667,-122.8370556
2024-07-21,50.8,14206752,"CHICKEN CREEK ABV SEASONAL TRAIL, NR SHERWOOD, OR",45.38541667,-122.8370556
2024-07-22,62.1,14206752,"CHICKEN CREEK ABV SEASONAL TRAIL, NR SHERWOOD, OR",45.38541667,-122.8370556
2024-07-29,40.8,14206752,"CHICKEN CREEK ABV SEASONAL TRAIL, NR SHERWOOD, OR",45.38541667,-122.8370556
2024-07-30,36.7,14206752,"CHICKEN CREEK ABV SEASONAL TRAIL, NR SHERWOOD, OR",45.38541667,-122.8370556
2024-07-31,54.4,14206752,"CHICKEN CREEK ABV SEASONAL TRAIL, NR SHERWOOD, OR",45.38541667,-122.8370556
2024-08-01,68.7,14206752,"CHICKEN CREEK ABV SEASONAL TRAIL, NR SHERWOOD, OR",45.38541667,-122.8370556
2024-08-02,65.1,14206752,"CHICKEN CREEK ABV SEASONAL TRAIL, NR SHERWOOD, OR",45.38541667,-122.8370556
2024-08-03,64.6,14206752,"CHICKEN CREEK ABV SEASONAL TRAIL, NR SHERWOOD, OR",45.38541667,-122.8370556
2024-08-04,70.7,14206752,"CHICKEN CREEK ABV SEASONAL TRAIL, NR SHERWOOD, OR",45.38541667,-122.8370556
2024-08-05,75.8,14206752,"CHICKEN CREEK ABV SEASONAL TRAIL, NR SHERWOOD, OR",45.38541667,-122.8370556
2024-08-14,46.3,14206752,"CHICKEN CREEK ABV SEASONAL TRAIL, NR SHERWOOD, OR",45.38541667,-122.8370556
2024-08-15,36.1,14206752,"CHICKEN CREEK ABV SEASONAL TRAIL, NR SHERWOOD, OR",45.38541667,-122.8370556
2024-08-16,30.6,14206752,"CHICKEN CREEK ABV SEASONAL TRAIL, NR SHERWOOD, OR",45.38541667,-122.8370556
2024-08-17,44.0,14206752,"CHICKEN CREEK ABV SEASONAL TRAIL, NR SHERWOOD, OR",45.38541667,-122.8370556
2024-08-18,39.2,14206752,"CHICKEN CREEK ABV SEASONAL TRAIL, NR SHERWOOD, OR",45.38541667,-122.8370556
2024-08-19,37.7,14206752,"CHICKEN CREEK ABV SEASONAL TRAIL, NR SHERWOOD, OR",45.38541667,-122.8370556
2024-08-20,34.2,14206752,"CHICKEN CREEK ABV SEASONAL TRAIL, NR SHERWOOD, OR",45.38541667,-122.8370556
2024-08-21,38.8,14206752,"CHICKEN CREEK ABV SEASONAL TRAIL, NR SHERWOOD, OR",45.38541667,-122.8370556
2024-08-22,44.0,14206752,"CHICKEN CREEK ABV SEASONAL TRAIL, NR SHERWOOD, OR",45.38541667,-122.8370556
2024-08-23,30.3,14206752,"CHICKEN CREEK ABV SEASONAL TRAIL, NR SHERWOOD, OR",45.38541667,-122.8370556
2024-08-24,44.9,14206752,"CHICKEN CREEK ABV SEASONAL TRAIL, NR SHERWOOD, OR",45.38541667,-122.8370556
2024-08-25,44.4,14206752,"CHICKEN CREEK ABV SEASONAL TRAIL, NR SHERWOOD, OR",45.38541667,-122.8370556
2024-08-26,36.6,14206752,"CHICKEN CREEK ABV SEASONAL TRAIL, NR SHERWOOD, OR",45.38541667,-122.8370556
2024-08-27,34.6,14206752,"CHICKEN CREEK ABV SEASONAL TRAIL, NR SHERWOOD, OR",45.38541667,-122.8370556
2024-08-28,49.1,14206752,"CHICKEN CREEK ABV SEASONAL TRAIL, NR SHERWOOD, OR",45.38541667,-122.8370556
2024-08-29,50.1,14206752,"CHICKEN CREEK ABV SEASONAL TRAIL, NR SHERWOOD, OR",45.38541667,-122.8370556
2024-08-30,25.5,14206752,"CHICKEN CREEK ABV SEASONAL TRAIL, NR SHERWOOD, OR",45.38541667,-122.8370556
2024-08-31,38.9,14206752,"CHICKEN CREEK ABV SEASONAL TRAIL, NR SHERWOOD, OR",45.38541667,-122.8370556
2024-09-01,50.3,14206752,"CHICKEN CREEK ABV SEASONAL TRAIL, NR SHERWOOD, OR",45.38541667,-122.8370556
2024-09-02,39.4,14206752,"CHICKEN CREEK ABV SEASONAL TRAIL, NR SHERWOOD, OR",45.38541667,-122.8370556
2024-09-03,58.8,14206752,"CHICKEN CREEK ABV SEASONAL TRAIL, NR SHERWOOD, OR",45.38541667,-122.8370556
2024-09-04,48.0,14206752,"CHICKEN CREEK ABV SEASONAL TRAIL, NR SHERWOOD, OR",45.38541667,-122.8370556
2024-09-05,39.2,14206752,"CHICKEN CREEK ABV SEASONAL TRAIL, NR SHERWOOD, OR",45.38541667,-122.8370556
2024-09-06,55.7,14206752,"CHICKEN CREEK ABV SEASONAL TRAIL, NR SHERWOOD, OR",45.38541667,-122.8370556
2024-09-07,47.7,14206752,"CHICKEN CREEK ABV SEASONAL TRAIL, NR SHERWOOD, OR",45.38541667,-122.8370556
2024-09-08,61.9,14206752,"CHICKEN CREEK ABV SEASONAL TRAIL, NR SHERWOOD, OR",45.38541667,-122.8370556
2024-09-09,47.5,14206752,"CHICKEN CREEK ABV SEASONAL TRAIL, NR SHERWOOD, OR",45.38541667,-122.8370556
2024-09-10,47.6,14206752,"CHICKEN CREEK ABV SEASONAL TRAIL, NR SHERWOOD, OR",45.38541667,-122.8370556
2024-09-11,42.0,14206752,"CHICKEN CREEK ABV SEASONAL TRAIL, NR SHERWOOD, OR",45.38541667,-122.8370556
2024-09-12,33.8,14206752,"CHICKEN CREEK ABV SEASONAL TRAIL, NR SHERWOOD, OR",45.38541667,-122.8370556
2024-09-13,43.3,14206752,"CHICKEN CREEK ABV SEASONAL TRAIL, NR SHERWOOD, OR",45.38541667,-122.8370556
2024-09-14,45.8,14206752,"CHICKEN CREEK ABV SEASONAL TRAIL, NR SHERWOOD, OR",45.38541667,-122.8370556
2024-09-15,43.3,14206752,"CHICKEN CREEK ABV SEASONAL TRAIL, NR SHERWOOD, OR",45.38541667,-122.8370556
2024-09-16,58.6,14206752,"CHICKEN CREEK ABV SEASONAL TRAIL, NR SHERWOOD, OR",45.38541667,-122.8370556
2024-09-17,30.0,14206752,"CHICKEN CREEK ABV SEASONAL TRAIL, NR SHERWOOD, OR",45.38541667,-122.8370556
2024-09-18,36.2,14206752,"CHICKEN CREEK ABV SEASONAL TRAIL, NR SHERWOOD, OR",45.38541667,-122.8370556
2024-09-19,39.3,14206752,"CHICKEN CREEK ABV SEASONAL TRAIL, NR SHERWOOD, OR",45.38541667,-122.8370556
2024-09-20,50.3,14206752,"CHICKEN CREEK ABV SEASONAL TRAIL, NR SHERWOOD, OR",45.38541667,-122.8370556
2024-09-21,43.4,14206752,"CHICKEN CREEK ABV SEASONAL TRAIL, NR SHERWOOD, OR",45.38541667,-122.8370556
2024-09-22,36.0,14206752,"CHICKEN CREEK ABV SEASONAL TRAIL, NR SHERWOOD, OR",45.38541667,-122.8370556
2024-09-23,31.7,14206752,"CHICKEN CREEK ABV SEASONAL TRAIL, NR SHERWOOD, OR",45.38541667,-122.8370556
2024-09-24,35.7,14206752,"CHICKEN CREEK ABV SEASONAL TRAIL, NR SHERWOOD, OR",45.38541667,-122.8370556
2024-09-25,37.5,14206752,"CHICKEN CREEK ABV SEASONAL TRAIL, NR SHERWOOD, OR",45.38541667,-122.8370556
2024-09-26,32.8,14206752,"CHICKEN CREEK ABV SEASONAL TRAIL, NR SHERWOOD, OR",45.38541667,-122.8370556
2024-09-27,34.6,14206752,"CHICKEN CREEK ABV SEASONAL TRAIL, NR SHERWOOD, OR",45.38541667,-122.8370556
2024-09-28,23.7,14206752,"CHICKEN CREEK ABV SEASONAL TRAIL, NR SHERWOOD, OR",45.38541667,-122.8370556
2024-09-29,29.8,14206752,"CHICKEN CREEK ABV SEASONAL TRAIL, NR SHERWOOD, OR",45.38541667,-122.8370556
2024-09-30,31.6,14206752,"CHICKEN CREEK ABV SEASONAL TRAIL, NR SHERWOOD, OR",45.38541667,-122.8370556
2024-01-01,9.1,14206950,"FANNO CREEK AT DURHAM, OR",45.403452,-122.7548185
2024-01-02,14.8,14206950,"FANNO CREEK AT DURHAM, OR",45.403452,-122.7548185
2024-01-03,22.0,14206950,"FANNO CREEK AT DURHAM, OR",45.403452,-122.7548185
2024-01-04,17.2,14206950,"FANNO CREEK AT DURHAM, OR",45.403452,-122.7548185
2024-01-05,12.2,14206950,"FANNO CREEK AT DURHAM, OR",45.403452,-122.7548185
2024-01-06,71.4,14206950,"FANNO CREEK AT DURHAM, OR",45.403452,-122.7548185
2024-01-07,30.2,14206950,"FANNO CREEK AT DURHAM, OR",45.403452,-122.7548185
2024-01-08,21.2,14206950,"FANNO CREEK AT DURHAM, OR",45.403452,-122.7548185
2024-01-09,66.0,14206950,"FANNO CREEK AT DURHAM, OR",45.403452,-122.7548185
2024-01-10,55.2,14206950,"FANNO CREEK AT DURHAM, OR",45.403452,-122.7548185
2024-01-11,19.8,14206950,"FANNO CREEK AT DURHAM, OR",45.403452,-122.7548185
2024-01-12,14.4,14206950,"FANNO CREEK AT DURHAM, OR",45.403452,-122.7548185
2024-01-13,15.6,14206950,"FANNO CREEK AT DURHAM, OR",45.403452,-122.7548185
2024-01-14,17.3,14206950,"FANNO CREEK AT DURHAM, OR",45.403452,-122.7548185
2024-01-15,14.6,14206950,"FANNO CREEK AT DURHAM, OR",45.403452,-122.7548185
2024-01-16,13.4,14206950,"FANNO CREEK AT DURHAM, OR",45.403452,-122.7548185
2024-01-17,41.8,14206950,"FANNO CREEK AT DURHAM, OR",45.403452,-122.7548185
2024-01-18,92.8,14206950,"FANNO CREEK AT DURHAM, OR",45.403452,-122.7548185
2024-01-19,48.5,14206950,"FANNO CREEK AT DURHAM, OR",45.403452,-122.7548185
2024-01-20,24.0,14206950,"FANNO CREEK AT DURHAM, OR",45.403452,-122.7548185
2024-01-21,56.9,14206950,"FANNO CREEK AT DURHAM, OR",45.403452,-122.7548185
2024-01-22,52.7,14206950,"FANNO CREEK AT DURHAM, OR",45.403452,-122.7548185
2024-01-23,43.5,14206950,"FANNO CREEK AT DURHAM, OR",45.403452,-122.7548185
2024-01-24,46.9,14206950,"FANNO CREEK AT DURHAM, OR",45.403452,-122.7548185
2024-01-25,46.2,14206950,"FANNO CREEK AT DURHAM, OR",45.403452,-122.7548185
2024-01-26,39.3,14206950,"FANNO CREEK AT DURHAM, OR",45.403452,-122.7548185
2024-01-27,62.3,14206950,"FANNO CREEK AT DURHAM, OR",45.403452,-122.7548185
2024-01-28,38.9,14206950,"FANNO CREEK AT DURHAM, OR",45.403452,-122.7548185
2024-01-29,23.0,14206950,"FANNO CREEK AT DURHAM, OR",45.403452,-122.7548185
2024-01-30,24.2,14206950,"FANNO CREEK AT DURHAM, OR",45.403452,-122.7548185
2024-01-31,13.6,14206950,"FANNO CREEK AT DURHAM, OR",45.403452,-122.7548185
2024-02-01,13.2,14206950,"FANNO CREEK AT DURHAM, OR",45.403452,-122.7548185
2024-02-02,12.4,14206950,"FANNO CREEK AT DURHAM, OR",45.403452,-122.7548185
2024-02-03,11.2,14206950,"FANNO CREEK AT DURHAM, OR",45.403452,-122.7548185
2024-02-04,10.6,14206950,"FANNO CREEK AT DURHAM, OR",45.403452,-122.7548185
2024-02-05,15.1,14206950,"FANNO CREEK AT DURHAM, OR",45.403452,-122.7548185
2024-02-06,22.6,14206950,"FANNO CREEK AT DURHAM, OR",45.403452,-122.7548185
2024-02-07,10.8,14206950,"FANNO CREEK AT DURHAM, OR",45.403452,-122.7548185
2024-02-08,10.2,14206950,"FANNO CREEK AT DURHAM, OR",45.403452,-122.7548185
2024-02-09,9.5,14206950,"FANNO CREEK AT DURHAM, OR",45.403452,-122.7548185
2024-02-10,9.8,14206950,"FANNO CREEK AT DURHAM, OR",45.403452,-122.7548185
2024-02-11,12.1,14206950,"FANNO CREEK AT DURHAM, OR",45.403452,-122.7548185
2024-02-12,10.7,14206950,"FANNO CREEK AT DURHAM, OR",45.403452,-122.7548185
2024-02-13,12.8,14206950,"FANNO CREEK AT DURHAM, OR",45.403452,-122.7548185
2024-02-14,36.8,14206950,"FANNO CREEK AT DURHAM, OR",45.403452,-122.7548185
2024-02-15,76.6,14206950,"FANNO CREEK AT DURHAM, OR",45.403452,-122.7548185
2024-02-16,31.0,14206950,"FANNO CREEK AT DURHAM, OR",45.403452,-122.7548185
2024-02-17,18.1,14206950,"FANNO CREEK AT DURHAM, OR",45.403452,-122.7548185
2024-02-18,16.6,14206950,"FANNO CREEK AT DURHAM, OR",45.403452,-122.7548185
2024-02-19,12.7,14206950,"FANNO CREEK AT DURHAM, OR",45.403452,-122.7548185
2024-02-20,16.6,14206950,"FANNO CREEK AT DURHAM, OR",45.403452,-122.7548185
2024-02-21,63.4,14206950,"FANNO CREEK AT DURHAM, OR",45.403452,-122.7548185
2024-02-22,37.1,14206950,"FANNO CREEK AT DURHAM, OR",45.403452,-122.7548185
2024-02-23,14.2,14206950,"FANNO CREEK AT DURHAM, OR",45.403452,-122.7548185
2024-02-24,11.1,14206950,"FANNO CREEK AT DURHAM, OR",45.403452,-122.7548185
2024-02-25,16.4,14206950,"FANNO CREEK AT DURHAM, OR",45.403452,-122.7548185
2024-02-26,33.6,14206950,"FANNO CREEK AT DURHAM, OR",45.403452,-122.7548185
2024-02-27,17.9,14206950,"FANNO CREEK AT DURHAM, OR",45.403452,-122.7548185
2024-02-28,52.9,14206950,"FANNO CREEK AT DURHAM, OR",45.403452,-122.7548185
2024-02-29,79.8,14206950,"FANNO CREEK AT DURHAM, OR",45.403452,-122.7548185
2024-03-01,34.4,14206950,"FANNO CREEK AT DURHAM, OR",45.403452,-122.7548185
2024-03-02,26.2,14206950,"FANNO CREEK AT DURHAM, OR",45.403452,-122.7548185
2024-03-03,17.1,14206950,"FANNO CREEK AT DURHAM, OR",45.403452,-122.7548185
2024-03-04,16.2,14206950,"FANNO CREEK AT DURHAM, OR",45.403452,-122.7548185
2024-03-05,12.3,14206950,"FANNO CREEK AT DURHAM, OR",45.403452,-122.7548185
2024-03-06,10.6,14206950,"FANNO CREEK AT DURHAM, OR",45.403452,-122.7548185
2024-03-07,9.8,14206950,"FANNO CREEK AT DURHAM, OR",45.403452,-122.7548185
2024-03-08,9.2,14206950,"FANNO CREEK AT DURHAM, OR",45.403452,-122.7548185
2024-03-09,8.2,14206950,"FANNO CREEK AT DURHAM, OR",45.403452,-122.7548185
2024-03-10,25.9,14206950,"FANNO CREEK AT DURHAM, OR",45.403452,-122.7548185
2024-03-11,20.6,14206950,"FANNO CREEK AT DURHAM, OR",45.403452,-122.7548185
2024-03-12,26.0,14206950,"FANNO CREEK AT DURHAM, OR",45.403452,-122.7548185
2024-03-13,13.1,14206950,"FANNO CREEK AT DURHAM, OR",45.403452,-122.7548185
2024-03-14,10.0,14206950,"FANNO CREEK AT DURHAM, OR",45.403452,-122.7548185
2024-03-15,9.2,14206950,"FANNO CREEK AT DURHAM, OR",45.403452,-122.7548185
2024-03-16,8.8,14206950,"FANNO CREEK AT DURHAM, OR",45.403452,-122.7548185
2024-03-17,8.6,14206950,"FANNO CREEK AT DURHAM, OR",45.403452,-122.7548185
2024-03-18,10.7,14206950,"FANNO CREEK AT DURHAM, OR",45.403452,-122.7548185
2024-03-19,7.4,14206950,"FANNO CREEK AT DURHAM, OR",45.403452,-122.7548185
2024-03-20,7.5,14206950,"FANNO CREEK AT DURHAM, OR",45.403452,-122.7548185
2024-03-21,7.2,14206950,"FANNO CREEK AT DURHAM, OR",45.403452,-122.7548185
2024-03-22,7.5,14206950,"FANNO CREEK AT DURHAM, OR",45.403452,-122.7548185
2024-03-23,65.6,14206950,"FANNO CREEK AT DURHAM, OR",45.403452,-122.7548185
2024-03-24,27.7,14206950,"FANNO CREEK AT DURHAM, OR",45.403452,-122.7548185
2024-03-25,13.6,14206950,"FANNO CREEK AT DURHAM, OR",45.403452,-122.7548185
2024-03-26,23.8,14206950,"FANNO CREEK AT DURHAM, OR",45.403452,-122.7548185
2024-03-27,89.8,14206950,"FANNO CREEK AT DURHAM, OR",45.403452,-122.7548185
2024-03-28,37.1,14206950,"FANNO CREEK AT DURHAM, OR",45.403452,-122.7548185
2024-03-29,26.0,14206950,"FANNO CREEK AT DURHAM, OR",45.403452,-122.7548185
2024-03-30,13.5,14206950,"FANNO CREEK AT DURHAM, OR",45.403452,-122.7548185
2024-03-31,12.1,14206950,"FANNO CREEK AT DURHAM, OR",45.403452,-122.7548185
2024-04-01,8.5,14206950,"FANNO CREEK AT DURHAM, OR",45.403452,-122.7548185
2024-04-02,7.7,14206950,"FANNO CREEK AT DURHAM, OR",45.403452,-122.7548185
2024-04-03,7.6,14206950,"FANNO CREEK AT DURHAM, OR",45.403452,-122.7548185
2024-04-04,7.0,14206950,"FANNO CREEK AT DURHAM, OR",45.403452,-122.7548185
2024-04-05,12.2,14206950,"FANNO CREEK AT DURHAM, OR",45.403452,-122.7548185
2024-04-06,10.4,14206950,"FANNO CREEK AT DURHAM, OR",45.403452,-122.7548185
2024-04-07,12.5,14206950,"FANNO CREEK AT DURHAM, OR",45.403452,-122.7548185
2024-04-08,5.7,14206950,"FANNO CREEK AT DURHAM, OR",45.403452,-122.7548185
2024-04-09,5.8,14206950,"FANNO CREEK AT DURHAM, OR",45.403452,-122.7548185
2024-04-10,7.2,14206950,"FANNO CREEK AT DURHAM, OR",45.403452,-122.7548185
2024-04-11,7.5,14206950,"FANNO CREEK AT DURHAM, OR",45.403452,-122.7548185
2024-04-12,5.5,14206950,"FANNO CREEK AT DURHAM, OR",45.403452,-122.7548185
2024-04-13,6.7,14206950,"FANNO CREEK AT DURHAM, OR",45.403452,-122.7548185
2024-04-14,6.2,14206950,"FANNO CREEK AT DURHAM, OR",45.403452,-122.7548185
2024-04-15,5.9,14206950,"FANNO CREEK AT DURHAM, OR",45.403452,-122.7548185
2024-04-16,7.3,14206950,"FANNO CREEK AT DURHAM, OR",45.403452,-122.7548185
2024-04-17,6.6,14206950,"FANNO CREEK AT DURHAM, OR",45.403452,-122.7548185
2024-04-18,6.8,14206950,"FANNO CREEK AT DURHAM, OR",45.403452,-122.7548185
2024-04-19,8.0,14206950,"FANNO CREEK AT DURHAM, OR",45.403452,-122.7548185
2024-04-20,10.1,14206950,"FANNO CREEK AT DURHAM, OR",45.403452,-122.7548185
2024-04-21,7.3,14206950,"FANNO CREEK AT DURHAM, OR",45.403452,-122.7548185
2024-04-22,5.8,14206950,"FANNO CREEK AT DURHAM, OR",45.403452,-122.7548185
2024-04-23,7.2,14206950,"FANNO CREEK AT DURHAM, OR",45.403452,-122.7548185
2024-04-24,6.9,14206950,"FANNO CREEK AT DURHAM, OR",45.403452,-122.7548185
2024-04-25,41.7,14206950,"FANNO CREEK AT DURHAM, OR",45.403452,-122.7548185
2024-04-26,31.1,14206950,"FANNO CREEK AT DURHAM, OR",45.403452,-122.7548185
2024-04-27,8.8,14206950,"FANNO CREEK AT DURHAM, OR",45.403452,-122.7548185
2024-04-28,8.1,14206950,"FANNO CREEK AT DURHAM, OR",45.403452,-122.7548185
2024-04-29,9.2,14206950,"FANNO CREEK AT DURHAM, OR",45.403452,-122.7548185
2024-04-30,24.3,14206950,"FANNO CREEK AT DURHAM, OR",45.403452,-122.7548185
2024-05-01,19.0,14206950,"FANNO CREEK AT DURHAM, OR",45.403452,-122.7548185
2024-05-02,45.9,14206950,"FANNO CREEK AT DURHAM, OR",45.403452,-122.7548185
2024-05-03,18.4,14206950,"FANNO CREEK AT DURHAM, OR",45.403452,-122.7548185
2024-05-04,62.2,14206950,"FANNO CREEK AT DURHAM, OR",45.403452,-122.7548185
2024-05-05,30.0,14206950,"FANNO CREEK AT DURHAM, OR",45.403452,-122.7548185
2024-05-06,20.2,14206950,"FANNO CREEK AT DURHAM, OR",45.403452,-122.7548185
2024-05-07,15.8,14206950,"FANNO CREEK AT DURHAM, OR",45.403452,-122.7548185
2024-05-08,12.4,14206950,"FANNO CREEK AT DURHAM, OR",45.403452,-122.7548185
2024-05-09,12.4,14206950,"FANNO CREEK AT DURHAM, OR",45.403452,-122.7548185
2024-05-10,9.6,14206950,"FANNO CREEK AT DURHAM, OR",45.403452,-122.7548185
2024-05-11,9.4,14206950,"FANNO CREEK AT DURHAM, OR",45.403452,-122.7548185
2024-05-12,6.3,14206950,"FANNO CREEK AT DURHAM, OR",45.403452,-122.7548185
2024-05-13,6.5,14206950,"FANNO CREEK AT DURHAM, OR",45.403452,-122.7548185
2024-05-14,5.0,14206950,"FANNO CREEK AT DURHAM, OR",45.403452,-122.7548185
2024-05-15,4.3,14206950,"FANNO CREEK AT DURHAM, OR",45.403452,-122.7548185
2024-05-16,3.8,14206950,"FANNO CREEK AT DURHAM, OR",45.403452,-122.7548185
2024-05-17,4.5,14206950,"FANNO CREEK AT DURHAM, OR",45.403452,-122.7548185
2024-05-18,5.2,14206950,"FANNO CREEK AT DURHAM, OR",45.403452,-122.7548185
2024-05-19,4.4,14206950,"FANNO CREEK AT DURHAM, OR",45.403452,-122.7548185
2024-05-20,4.1,14206950,"FANNO CREEK AT DURHAM, OR",45.403452,-122.7548185
2024-05-21,18.2,14206950,"FANNO CREEK AT DURHAM, OR",45.403452,-122.7548185
2024-05-22,10.6,14206950,"FANNO CREEK AT DURHAM, OR",45.403452,-122.7548185
2024-05-23,5.3,14206950,"FANNO CREEK AT DURHAM, OR",45.403452,-122.7548185
2024-05-24,4.2,14206950,"FANNO CREEK AT DURHAM, OR",45.403452,-122.7548185
2024-05-25,3.6,14206950,"FANNO CREEK AT DURHAM, OR",45.403452,-122.7548185
2024-05-26,3.5,14206950,"FANNO CREEK AT DURHAM, OR",45.403452,-122.7548185
2024-05-27,5.7,14206950,"FANNO CREEK AT DURHAM, OR",45.403452,-122.7548185
2024-05-28,3.5,14206950,"FANNO CREEK AT DURHAM, OR",45.403452,-122.7548185
2024-05-29,3.8,14206950,"FANNO CREEK AT DURHAM, OR",45.403452,-122.7548185
2024-05-30,3.9,14206950,"FANNO CREEK AT DURHAM, OR",45.403452,-122.7548185
2024-05-31,3.9,14206950,"FANNO CREEK AT DURHAM, OR",45.403452,-122.7548185
2024-06-01,2.7,14206950,"FANNO CREEK AT DURHAM, OR",45.403452,-122.7548185
2024-06-02,29.3,14206950,"FANNO CREEK AT DURHAM, OR",45.403452,-122.7548185
2024-06-03,47.0,14206950,"FANNO CREEK AT DURHAM, OR",45.403452,-122.7548185
2024-06-04,11.1,14206950,"FANNO CREEK AT DURHAM, OR",45.403452,-122.7548185
2024-06-05,6.4,14206950,"FANNO CREEK AT DURHAM, OR",45.403452,-122.7548185
2024-06-06,5.7,14206950,"FANNO CREEK AT DURHAM, OR",45.403452,-122.7548185
2024-06-07,3.4,14206950,"FANNO CREEK AT DURHAM, OR",45.403452,-122.7548185
2024-06-08,7.9,14206950,"FANNO CREEK AT DURHAM, OR",45.403452,-122.7548185
2024-06-09,7.9,14206950,"FANNO CREEK AT DURHAM, OR",45.403452,-122.7548185
2024-06-10,3.6,14206950,"FANNO CREEK AT DURHAM, OR",45.403452,-122.7548185
2024-06-11,2.5,14206950,"FANNO CREEK AT DURHAM, OR",45.403452,-122.7548185
2024-06-12,3.5,14206950,"FANNO CREEK AT DURHAM, OR",45.403452,-122.7548185
2024-06-13,2.7,14206950,"FANNO CREEK AT DURHAM, OR",45.403452,-122.7548185
2024-06-14,4.0,14206950,"FANNO CREEK AT DURHAM, OR",45.403452,-122.7548185
2024-06-15,7.7,14206950,"FANNO CREEK AT DURHAM, OR",45.403452,-122.7548185
2024-06-16,7.1,14206950,"FANNO CREEK AT DURHAM, OR",45.403452,-122.7548185
2024-06-17,8.1,14206950,"FANNO CREEK AT DURHAM, OR",45.403452,-122.7548185
2024-06-18,3.8,14206950,"FANNO CREEK AT DURHAM, OR",45.403452,-122.7548185
2024-06-19,3.3,14206950,"FANNO CREEK AT DURHAM, OR",45.403452,-122.7548185
2024-06-20,4.1,14206950,"FANNO CREEK AT DURHAM, OR",45.403452,-122.7548185
2024-06-21,2.8,14206950,"FANNO CREEK AT DURHAM, OR",45.403452,-122.7548185
2024-06-22,4.9,14206950,"FANNO CREEK AT DURHAM, OR",45.403452,-122.7548185
2024-06-23,3.2,14206950,"FANNO CREEK AT DURHAM, OR",45.403452,-122.7548185
2024-06-24,4.0,14206950,"FANNO CREEK AT DURHAM, OR",45.403452,-122.7548185
2024-06-25,3.4,14206950,"FANNO CREEK AT DURHAM, OR",45.403452,-122.7548185
2024-06-26,4.8,14206950,"FANNO CREEK AT DURHAM, OR",45.403452,-122.7548185
2024-06-27,3.2,14206950,"FANNO CREEK AT DURHAM, OR",45.403452,-122.7548185
2024-06-28,3.2,14206950,"FANNO CREEK AT DURHAM, OR",45.403452,-122.7548185
2024-06-29,3.8,14206950,"FANNO CREEK AT DURHAM, OR",45.403452,-122.7548185
2024-06-30,4.4,14206950,"FANNO CREEK AT DURHAM, OR",45.403452,-122.7548185
2024-07-01,3.4,14206950,"FANNO CREEK AT DURHAM, OR",45.403452,-122.7548185
2024-07-02,3.6,14206950,"FANNO CREEK AT DURHAM, OR",45.403452,-122.7548185
2024-07-03,3.2,14206950,"FANNO CREEK AT DURHAM, OR",45.403452,-122.7548185
2024-07-04,2.8,14206950,"FANNO CREEK AT DURHAM, OR",45.403452,-122.7548185
2024-07-05,5.6,14206950,"FANNO CREEK AT DURHAM, OR",45.403452,-122.7548185
2024-07-06,4.3,14206950,"FANNO CREEK AT DURHAM, OR",45.403452,-122.7548185
2024-07-07,3.9,14206950,"FANNO CREEK AT DURHAM, OR",45.403452,-122.7548185
2024-07-08,2.6,14206950,"FANNO CREEK AT DURHAM, OR",45.403452,-122.7548185
2024-07-09,2.7,14206950,"FANNO CREEK AT DURHAM, OR",45.403452,-122.7548185
2024-07-10,2.1,14206950,"FANNO CREEK AT DURHAM, OR",45.403452,-122.7548185
2024-07-11,2.7,14206950,"FANNO CREEK AT DURHAM, OR",45.403452,-122.7548185
2024-07-12,3.5,14206950,"FANNO CREEK AT DURHAM, OR",45.403452,-122.7548185
2024-07-13,3.4,14206950,"FANNO CREEK AT DURHAM, OR",45.403452,-122.7548185
2024-07-14,2.4,14206950,"FANNO CREEK AT DURHAM, OR",45.403452,-122.7548185
2024-07-15,4.2,14206950,"FANNO CREEK AT DURHAM, OR",45.403452,-122.7548185
2024-07-16,5.4,14206950,"FANNO CREEK AT DURHAM, OR",45.403452,-122.7548185
2024-07-17,3.9,14206950,"FANNO CREEK AT DURHAM, OR",45.403452,-122.7548185
2024-07-18,2.6,14206950,"FANNO CREEK AT DURHAM, OR",45.403452,-122.7548185
2024-07-19,4.8,14206950,"FANNO CREEK AT DURHAM, OR",45.403452,-122.7548185
2024-07-20,3.1,14206950,"FANNO CREEK AT DURHAM, OR",45.403452,-122.7548185
2024-07-21,3.3,14206950,"FANNO CREEK AT DURHAM, OR",45.403452,-122.7548185
2024-07-22,4.1,14206950,"FANNO CREEK AT DURHAM, OR",45.403452,-122.7548185
2024-07-23,3.6,14206950,"FANNO CREEK AT DURHAM, OR",45.403452,-122.7548185
2024-07-24,4.5,14206950,"FANNO CREEK AT DURHAM, OR",45.403452,-122.7548185
2024-07-25,4.4,14206950,"FANNO CREEK AT DURHAM, OR",45.403452,-122.7548185
2024-07-26,3.5,14206950,"FANNO CREEK AT DURHAM, OR",45.403452,-122.7548185
2024-07-27,4.2,14206950,"FANNO CREEK AT DURHAM, OR",45.403452,-122.7548185
2024-07-28,2.9,14206950,"FANNO CREEK AT DURHAM, OR",45.403452,-122.7548185
2024-07-29,5.7,14206950,"FANNO CREEK AT DURHAM, OR",45.403452,-122.7548185
2024-07-30,5.7,14206950,"FANNO CREEK AT DURHAM, OR",45.403452,-122.7548185
2024-07-31,2.3,14206950,"FANNO CREEK AT DURHAM, OR",45.403452,-122.7548185
2024-08-01,3.1,14206950,"FANNO CREEK AT DURHAM, OR",45.403452,-122.7548185
2024-08-02,2.9,14206950,"FANNO CREEK AT DURHAM, OR",45.403452,-122.7548185
2024-08-03,3.2,14206950,"FANNO CREEK AT DURHAM, OR",45.403452,-122.7548185
2024-08-04,2.6,14206950,"FANNO CREEK AT DURHAM, OR",45.403452,-122.7548185
2024-08-05,2.4,14206950,"FANNO CREEK AT DURHAM, OR",45.403452,-122.7548185
2024-08-06,3.1,14206950,"FANNO CREEK AT DURHAM, OR",45.403452,-122.7548185
2024-08-07,3.4,14206950,"FANNO CREEK AT DURHAM, OR",45.403452,-122.7548185
2024-08-08,2.4,14206950,"FANNO CREEK AT DURHAM, OR",45.403452,-122.7548185
2024-08-09,2.1,14206950,"FANNO CREEK AT DURHAM, OR",45.403452,-122.7548185
2024-08-10,2.5,14206950,"FANNO CREEK AT DURHAM, OR",45.403452,-122.7548185
2024-08-11,2.3,14206950,"FANNO CREEK AT DURHAM, OR",45.403452,-122.7548185
2024-08-12,2.6,14206950,"FANNO CREEK AT DURHAM, OR",45.403452,-122.7548185
2024-08-13,2.9,14206950,"FANNO CREEK AT DURHAM, OR",45.403452,-122.7548185
2024-08-14,2.9,14206950,"FANNO CREEK AT DURHAM, OR",45.403452,-122.7548185
2024-08-15,4.6,14206950,"FANNO CREEK AT DURHAM, OR",45.403452,-122.7548185
2024-08-16,6.3,14206950,"FANNO CREEK AT DURHAM, OR",45.403452,-122.7548185
2024-08-17,165.0,14206950,"FANNO CREEK AT DURHAM, OR",45.403452,-122.7548185
2024-08-18,59.8,14206950,"FANNO CREEK AT DURHAM, OR",45.403452,-122.7548185
2024-08-19,5.0,14206950,"FANNO CREEK AT DURHAM, OR",45.403452,-122.7548185
2024-08-20,3.3,14206950,"FANNO CREEK AT DURHAM, OR",45.403452,-122.7548185
2024-08-21,4.6,14206950,"FANNO CREEK AT DURHAM, OR",45.403452,-122.7548185
2024-08-22,4.6,14206950,"FANNO CREEK AT DURHAM, OR",45.403452,-122.7548185
2024-08-23,84.2,14206950,"FANNO CREEK AT DURHAM, OR",45.403452,-122.7548185
2024-08-24,10.9,14206950,"FANNO CREEK AT DURHAM, OR",45.403452,-122.7548185
2024-08-25,2.5,14206950,"FANNO CREEK AT DURHAM, OR",45.403452,-122.7548185
2024-08-26,2.7,14206950,"FANNO CREEK AT DURHAM, OR",45.403452,-122.7548185
2024-08-27,3.0,14206950,"FANNO CREEK AT DURHAM, OR",45.403452,-122.7548185
2024-08-28,4.7,14206950,"FANNO CREEK AT DURHAM, OR",45.403452,-122.7548185
2024-08-29,3.4,14206950,"FANNO CREEK AT DURHAM, OR",45.403452,-122.7548185
2024-08-30,2.9,14206950,"FANNO CREEK AT DURHAM, OR",45.403452,-122.7548185
2024-08-31,2.7,14206950,"FANNO CREEK AT DURHAM, OR",45.403452,-122.7548185
2024-09-01,3.9,14206950,"FANNO CREEK AT DURHAM, OR",45.403452,-122.7548185
2024-09-02,3.7,14206950,"FANNO CREEK AT DURHAM, OR",45.403452,-122.7548185
2024-09-03,4.4,14206950,"FANNO CREEK AT DURHAM, OR",45.403452,-122.7548185
2024-09-04,2.6,14206950,"FANNO CREEK AT DURHAM, OR",45.403452,-122.7548185
2024-09-05,2.7,14206950,"FANNO CREEK AT DURHAM, OR",45.403452,-122.7548185
2024-09-06,2.9,14206950,"FANNO CREEK AT DURHAM, OR",45.403452,-122.7548185
2024-09-07,2.1,14206950,"FANNO CREEK AT DURHAM, OR",45.403452,-122.7548185
2024-09-08,8.2,14206950,"FANNO CREEK AT DURHAM, OR",45.403452,-122.7548185
2024-09-09,2.3,14206950,"FANNO CREEK AT DURHAM, OR",45.403452,-122.7548185
2024-09-10,3.0,14206950,"FANNO CREEK AT DURHAM, OR",45.403452,-122.7548185
2024-09-11,118.0,14206950,"FANNO CREEK AT DURHAM, OR",45.403452,-122.7548185
2024-09-12,12.5,14206950,"FANNO CREEK AT DURHAM, OR",45.403452,-122.7548185
2024-09-13,4.1,14206950,"FANNO CREEK AT DURHAM, OR",45.403452,-122.7548185
2024-09-14,2.7,14206950,"FANNO CREEK AT DURHAM, OR",45.403452,-122.7548185
2024-09-15,2.2,14206950,"FANNO CREEK AT DURHAM, OR",45.403452,-122.7548185
2024-09-16,5.2,14206950,"FANNO CREEK AT DURHAM, OR",45.403452,-122.7548185
2024-09-17,4.4,14206950,"FANNO CREEK AT DURHAM, OR",45.403452,-122.7548185
2024-09-18,2.3,14206950,"FANNO CREEK AT DURHAM, OR",45.403452,-122.7548185
2024-09-19,3.8,14206950,"FANNO CREEK AT DURHAM, OR",45.403452,-122.7548185
2024-09-20,3.5,14206950,"FANNO CREEK AT DURHAM, OR",45.403452,-122.7548185
2024-09-21,2.7,14206950,"FANNO CREEK AT DURHAM, OR",45.403452,-122.7548185
2024-09-22,2.6,14206950,"FANNO CREEK AT DURHAM, OR",45.403452,-122.7548185
2024-09-23,4.6,14206950,"FANNO CREEK AT DURHAM, OR",45.403452,-122.7548185
2024-09-24,3.3,14206950,"FANNO CREEK AT DURHAM, OR",45.403452,-122.7548185
2024-09-25,124.0,14206950,"FANNO CREEK AT DURHAM, OR",45.403452,-122.7548185
2024-09-26,145.0,14206950,"FANNO CREEK AT DURHAM, OR",45.403452,-122.7548185
2024-09-27,8.8,14206950,"FANNO CREEK AT DURHAM, OR",45.403452,-122.7548185
2024-09-28,7.4,14206950,"FANNO CREEK AT DURHAM, OR",45.403452,-122.7548185
2024-09-29,3.6,14206950,"FANNO CREEK AT DURHAM, OR",45.403452,-122.7548185
2024-09-30,3.5,14206950,"FANNO CREEK AT DURHAM, OR",45.403452,-122.7548185
2024-01-01,12.8,14207200,"TUALATIN RIVER AT OSWEGO DAM, NEAR WEST LINN, OR",45.35650877,-122.6850937
2024-01-02,11.7,14207200,"TUALATIN RIVER AT OSWEGO DAM, NEAR WEST LINN, OR",45.35650877,-122.6850937
2024-01-03,10.5,14207200,"TUALATIN RIVER AT OSWEGO DAM, NEAR WEST LINN, OR",45.35650877,-122.6850937
2024-01-04,10.4,14207200,"TUALATIN RIVER AT OSWEGO DAM, NEAR WEST LINN, OR",45.35650877,-122.6850937
2024-01-05,9.6,14207200,"TUALATIN RIVER AT OSWEGO DAM, NEAR WEST LINN, OR",45.35650877,-122.6850937
2024-01-06,16.1,14207200,"TUALATIN RIVER AT OSWEGO DAM, NEAR WEST LINN, OR",45.35650877,-122.6850937
2024-01-07,25.3,14207200,"TUALATIN RIVER AT OSWEGO DAM, NEAR WEST LINN, OR",45.35650877,-122.6850937
2024-01-08,29.3,14207200,"TUALATIN RIVER AT OSWEGO DAM, NEAR WEST LINN, OR",45.35650877,-122.6850937
2024-01-09,30.0,14207200,"TUALATIN RIVER AT OSWEGO DAM, NEAR WEST LINN, OR",45.35650877,-122.6850937
2024-01-10,28.7,14207200,"TUALATIN RIVER AT OSWEGO DAM, NEAR WEST LINN, OR",45.35650877,-122.6850937
2024-01-11,28.4,14207200,"TUALATIN RIVER AT OSWEGO DAM, NEAR WEST LINN, OR",45.35650877,-122.6850937
2024-01-12,28.1,14207200,"TUALATIN RIVER AT OSWEGO DAM, NEAR WEST LINN, OR",45.35650877,-122.6850937
2024-01-13,23.6,14207200,"TUALATIN RIVER AT OSWEGO DAM, NEAR WEST LINN, OR",45.35650877,-122.6850937
2024-01-14,22.0,14207200,"TUALATIN RIVER AT OSWEGO DAM, NEAR WEST LINN, OR",45.35650877,-122.6850937
2024-01-15,20.7,14207200,"TUALATIN RIVER AT OSWEGO DAM, NEAR WEST LINN, OR",45.35650877,-122.6850937
2024-01-16,19.1,14207200,"TUALATIN RIVER AT OSWEGO DAM, NEAR WEST LINN, OR",45.35650877,-122.6850937
2024-01-17,18.1,14207200,"TUALATIN RIVER AT OSWEGO DAM, NEAR WEST LINN, OR",45.35650877,-122.6850937
2024-01-18,24.7,14207200,"TUALATIN RIVER AT OSWEGO DAM, NEAR WEST LINN, OR",45.35650877,-122.6850937
2024-01-19,21.9,14207200,"TUALATIN RIVER AT OSWEGO DAM, NEAR WEST LINN, OR",45.35650877,-122.6850937
2024-01-20,19.5,14207200,"TUALATIN RIVER AT OSWEGO DAM, NEAR WEST LINN, OR",45.35650877,-122.6850937
2024-01-21,18.8,14207200,"TUALATIN RIVER AT OSWEGO DAM, NEAR WEST LINN, OR",45.35650877,-122.6850937
2024-01-22,19.7,14207200,"TUALATIN RIVER AT OSWEGO DAM, NEAR WEST LINN, OR",45.35650877,-122.6850937
2024-01-23,22.4,14207200,"TUALATIN RIVER AT OSWEGO DAM, NEAR WEST LINN, OR",45.35650877,-122.6850937
2024-01-24,38.0,14207200,"TUALATIN RIVER AT OSWEGO DAM, NEAR WEST LINN, OR",45.35650877,-122.6850937
2024-01-25,25.1,14207200,"TUALATIN RIVER AT OSWEGO DAM, NEAR WEST LINN, OR",45.35650877,-122.6850937
2024-01-26,26.1,14207200,"TUALATIN RIVER AT OSWEGO DAM, NEAR WEST LINN, OR",45.35650877,-122.6850937
2024-01-27,32.2,14207200,"TUALATIN RIVER AT OSWEGO DAM, NEAR WEST LINN, OR",45.35650877,-122.6850937
2024-01-28,38.6,14207200,"TUALATIN RIVER AT OSWEGO DAM, NEAR WEST LINN, OR",45.35650877,-122.6850937
2024-01-29,27.5,14207200,"TUALATIN RIVER AT OSWEGO DAM, NEAR WEST LINN, OR",45.35650877,-122.6850937
2024-01-30,31.1,14207200,"TUALATIN RIVER AT OSWEGO DAM, NEAR WEST LINN, OR",45.35650877,-122.6850937
2024-01-31,31.7,14207200,"TUALATIN RIVER AT OSWEGO DAM, NEAR WEST LINN, OR",45.35650877,-122.6850937
2024-02-01,26.4,14207200,"TUALATIN RIVER AT OSWEGO DAM, NEAR WEST LINN, OR",45.35650877,-122.6850937
2024-02-02,23.1,14207200,"TUALATIN RIVER AT OSWEGO DAM, NEAR WEST LINN, OR",45.35650877,-122.6850937
2024-02-03,19.2,14207200,"TUALATIN RIVER AT OSWEGO DAM, NEAR WEST LINN, OR",45.35650877,-122.6850937
2024-02-04,16.0,14207200,"TUALATIN RIVER AT OSWEGO DAM, NEAR WEST LINN, OR",45.35650877,-122.6850937
2024-02-05,13.5,14207200,"TUALATIN RIVER AT OSWEGO DAM, NEAR WEST LINN, OR",45.35650877,-122.6850937
2024-02-06,13.0,14207200,"TUALATIN RIVER AT OSWEGO DAM, NEAR WEST LINN, OR",45.35650877,-122.6850937
2024-02-07,13.9,14207200,"TUALATIN RIVER AT OSWEGO DAM, NEAR WEST LINN, OR",45.35650877,-122.6850937
2024-02-08,12.2,14207200,"TUALATIN RIVER AT OSWEGO DAM, NEAR WEST LINN, OR",45.35650877,-122.6850937
2024-02-09,12.3,14207200,"TUALATIN RIVER AT OSWEGO DAM, NEAR WEST LINN, OR",45.35650877,-122.6850937
2024-02-10,12.4,14207200,"TUALATIN RIVER AT OSWEGO DAM, NEAR WEST LINN, OR",45.35650877,-122.6850937
2024-02-11,11.6,14207200,"TUALATIN RIVER AT OSWEGO DAM, NEAR WEST LINN, OR",45.35650877,-122.6850937
2024-02-12,11.0,14207200,"TUALATIN RIVER AT OSWEGO DAM, NEAR WEST LINN, OR",45.35650877,-122.6850937
2024-02-13,10.5,14207200,"TUALATIN RIVER AT OSWEGO DAM, NEAR WEST LINN, OR",45.35650877,-122.6850937
2024-02-14,8.2,14207200,"TUALATIN RIVER AT OSWEGO DAM, NEAR WEST LINN, OR",45.35650877,-122.6850937
2024-02-15,12.9,14207200,"TUALATIN RIVER AT OSWEGO DAM, NEAR WEST LINN, OR",45.35650877,-122.6850937
2024-02-16,17.6,14207200,"TUALATIN RIVER AT OSWEGO DAM, NEAR WEST LINN, OR",45.35650877,-122.6850937
2024-02-17,25.2,14207200,"TUALATIN RIVER AT OSWEGO DAM, NEAR WEST LINN, OR",45.35650877,-122.6850937
2024-02-18,24.5,14207200,"TUALATIN RIVER AT OSWEGO DAM, NEAR WEST LINN, OR",45.35650877,-122.6850937
2024-02-19,17.8,14207200,"TUALATIN RIVER AT OSWEGO DAM, NEAR WEST LINN, OR",45.35650877,-122.6850937
2024-02-20,13.6,14207200,"TUALATIN RIVER AT OSWEGO DAM, NEAR WEST LINN, OR",45.35650877,-122.6850937
2024-02-21,12.2,14207200,"TUALATIN RIVER AT OSWEGO DAM, NEAR WEST LINN, OR",45.35650877,-122.6850937
2024-02-22,14.0,14207200,"TUALATIN RIVER AT OSWEGO DAM, NEAR WEST LINN, OR",45.35650877,-122.6850937
2024-02-23,11.0,14207200,"TUALATIN RIVER AT OSWEGO DAM, NEAR WEST LINN, OR",45.35650877,-122.6850937
2024-02-24,10.8,14207200,"TUALATIN RIVER AT OSWEGO DAM, NEAR WEST LINN, OR",45.35650877,-122.6850937
2024-02-25,9.5,14207200,"TUALATIN RIVER AT OSWEGO DAM, NEAR WEST LINN, OR",45.35650877,-122.6850937
2024-02-26,8.6,14207200,"TUALATIN RIVER AT OSWEGO DAM, NEAR WEST LINN, OR",45.35650877,-122.6850937
2024-02-27,8.3,14207200,"TUALATIN RIVER AT OSWEGO DAM, NEAR WEST LINN, OR",45.35650877,-122.6850937
2024-02-28,8.2,14207200,"TUALATIN RIVER AT OSWEGO DAM, NEAR WEST LINN, OR",45.35650877,-122.6850937
2024-02-29,21.8,14207200,"TUALATIN RIVER AT OSWEGO DAM, NEAR WEST LINN, OR",45.35650877,-122.6850937
2024-03-01,28.4,14207200,"TUALATIN RIVER AT OSWEGO DAM, NEAR WEST LINN, OR",45.35650877,-122.6850937
2024-03-02,34.2,14207200,"TUALATIN RIVER AT OSWEGO DAM, NEAR WEST LINN, OR",45.35650877,-122.6850937
2024-03-03,29.0,14207200,"TUALATIN RIVER AT OSWEGO DAM, NEAR WEST LINN, OR",45.35650877,-122.6850937
2024-03-04,25.4,14207200,"TUALATIN RIVER AT OSWEGO DAM, NEAR WEST LINN, OR",45.35650877,-122.6850937
2024-03-05,23.5,14207200,"TUALATIN RIVER AT OSWEGO DAM, NEAR WEST LINN, OR",45.35650877,-122.6850937
2024-03-06,22.5,14207200,"TUALATIN RIVER AT OSWEGO DAM, NEAR WEST LINN, OR",45.35650877,-122.6850937
2024-03-07,19.0,14207200,"TUALATIN RIVER AT OSWEGO DAM, NEAR WEST LINN, OR",45.35650877,-122.6850937
2024-03-08,17.6,14207200,"TUALATIN RIVER AT OSWEGO DAM, NEAR WEST LINN, OR",45.35650877,-122.6850937
2024-03-09,14.7,14207200,"TUALATIN RIVER AT OSWEGO DAM, NEAR WEST LINN, OR",45.35650877,-122.6850937
2024-03-10,13.2,14207200,"TUALATIN RIVER AT OSWEGO DAM, NEAR WEST LINN, OR",45.35650877,-122.6850937
2024-03-11,13.0,14207200,"TUALATIN RIVER AT OSWEGO DAM, NEAR WEST LINN, OR",45.35650877,-122.6850937
2024-03-12,12.8,14207200,"TUALATIN RIVER AT OSWEGO DAM, NEAR WEST LINN, OR",45.35650877,-122.6850937
2024-03-13,13.2,14207200,"TUALATIN RIVER AT OSWEGO DAM, NEAR WEST LINN, OR",45.35650877,-122.6850937
2024-03-14,16.1,14207200,"TUALATIN RIVER AT OSWEGO DAM, NEAR WEST LINN, OR",45.35650877,-122.6850937
2024-03-15,16.1,14207200,"TUALATIN RIVER AT OSWEGO DAM, NEAR WEST LINN, OR",45.35650877,-122.6850937
2024-03-16,13.8,14207200,"TUALATIN RIVER AT OSWEGO DAM, NEAR WEST LINN, OR",45.35650877,-122.6850937
2024-03-17,12.3,14207200,"TUALATIN RIVER AT OSWEGO DAM, NEAR WEST LINN, OR",45.35650877,-122.6850937
2024-03-18,10.6,14207200,"TUALATIN RIVER AT OSWEGO DAM, NEAR WEST LINN, OR",45.35650877,-122.6850937
2024-03-19,9.6,14207200,"TUALATIN RIVER AT OSWEGO DAM, NEAR WEST LINN, OR",45.35650877,-122.6850937
2024-03-20,10.6,14207200,"TUALATIN RIVER AT OSWEGO DAM, NEAR WEST LINN, OR",45.35650877,-122.6850937
2024-03-21,8.4,14207200,"TUALATIN RIVER AT OSWEGO DAM, NEAR WEST LINN, OR",45.35650877,-122.6850937
2024-03-22,8.1,14207200,"TUALATIN RIVER AT OSWEGO DAM, NEAR WEST LINN, OR",45.35650877,-122.6850937
2024-03-23,6.1,14207200,"TUALATIN RIVER AT OSWEGO DAM, NEAR WEST LINN, OR",45.35650877,-122.6850937
2024-03-24,6.8,14207200,"TUALATIN RIVER AT OSWEGO DAM, NEAR WEST LINN, OR",45.35650877,-122.6850937
2024-03-25,6.5,14207200,"TUALATIN RIVER AT OSWEGO DAM, NEAR WEST LINN, OR",45.35650877,-122.6850937
2024-03-26,6.0,14207200,"TUALATIN RIVER AT OSWEGO DAM, NEAR WEST LINN, OR",45.35650877,-122.6850937
2024-03-27,9.2,14207200,"TUALATIN RIVER AT OSWEGO DAM, NEAR WEST LINN, OR",45.35650877,-122.6850937
2024-03-28,9.6,14207200,"TUALATIN RIVER AT OSWEGO DAM, NEAR WEST LINN, OR",45.35650877,-122.6850937
2024-03-29,9.8,14207200,"TUALATIN RIVER AT OSWEGO DAM, NEAR WEST LINN, OR",45.35650877,-122.6850937
2024-03-30,11.9,14207200,"TUALATIN RIVER AT OSWEGO DAM, NEAR WEST LINN, OR",45.35650877,-122.6850937
2024-03-31,13.1,14207200,"TUALATIN RIVER AT OSWEGO DAM, NEAR WEST LINN, OR",45.35650877,-122.6850937
2024-04-01,11.3,14207200,"TUALATIN RIVER AT OSWEGO DAM, NEAR WEST LINN, OR",45.35650877,-122.6850937
2024-04-02,9.4,14207200,"TUALATIN RIVER AT OSWEGO DAM, NEAR WEST LINN, OR",45.35650877,-122.6850937
2024-04-03,7.3,14207200,"TUALATIN RIVER AT OSWEGO DAM, NEAR WEST LINN, OR",45.35650877,-122.6850937
2024-04-04,6.3,14207200,"TUALATIN RIVER AT OSWEGO DAM, NEAR WEST LINN, OR",45.35650877,-122.6850937
2024-04-05,6.4,14207200,"TUALATIN RIVER AT OSWEGO DAM, NEAR WEST LINN, OR",45.35650877,-122.6850937
2024-04-06,5.6,14207200,"TUALATIN RIVER AT OSWEGO DAM, NEAR WEST LINN, OR",45.35650877,-122.6850937
2024-04-07,5.8,14207200,"TUALATIN RIVER AT OSWEGO DAM, NEAR WEST LINN, OR",45.35650877,-122.6850937
2024-04-08,5.0,14207200,"TUALATIN RIVER AT OSWEGO DAM, NEAR WEST LINN, OR",45.35650877,-122.6850937
2024-04-09,4.9,14207200,"TUALATIN RIVER AT OSWEGO DAM, NEAR WEST LINN, OR",45.35650877,-122.6850937
2024-04-10,4.3,14207200,"TUALATIN RIVER AT OSWEGO DAM, NEAR WEST LINN, OR",45.35650877,-122.6850937
2024-04-11,4.3,14207200,"TUALATIN RIVER AT OSWEGO DAM, NEAR WEST LINN, OR",45.35650877,-122.6850937
2024-04-12,4.3,14207200,"TUALATIN RIVER AT OSWEGO DAM, NEAR WEST LINN, OR",45.35650877,-122.6850937
2024-04-13,3.8,14207200,"TUALATIN RIVER AT OSWEGO DAM, NEAR WEST LINN, OR",45.35650877,-122.6850937
2024-04-14,3.9,14207200,"TUALATIN RIVER AT OSWEGO DAM, NEAR WEST LINN, OR",45.35650877,-122.6850937
2024-04-15,3.7,14207200,"TUALATIN RIVER AT OSWEGO DAM, NEAR WEST LINN, OR",45.35650877,-122.6850937
2024-04-16,3.3,14207200,"TUALATIN RIVER AT OSWEGO DAM, NEAR WEST LINN, OR",45.35650877,-122.6850937
2024-04-17,3.2,14207200,"TUALATIN RIVER AT OSWEGO DAM, NEAR WEST LINN, OR",45.35650877,-122.6850937
2024-04-18,3.8,14207200,"TUALATIN RIVER AT OSWEGO DAM, NEAR WEST LINN, OR",45.35650877,-122.6850937
2024-04-19,3.1,14207200,"TUALATIN RIVER AT OSWEGO DAM, NEAR WEST LINN, OR",45.35650877,-122.6850937
2024-04-20,3.4,14207200,"TUALATIN RIVER AT OSWEGO DAM, NEAR WEST LINN, OR",45.35650877,-122.6850937
2024-04-21,3.5,14207200,"TUALATIN RIVER AT OSWEGO DAM, NEAR WEST LINN, OR",45.35650877,-122.6850937
2024-04-22,3.3,14207200,"TUALATIN RIVER AT OSWEGO DAM, NEAR WEST LINN, OR",45.35650877,-122.6850937
2024-04-23,8.5,14207200,"TUALATIN RIVER AT OSWEGO DAM, NEAR WEST LINN, OR",45.35650877,-122.6850937
2024-04-24,3.4,14207200,"TUALATIN RIVER AT OSWEGO DAM, NEAR WEST LINN, OR",45.35650877,-122.6850937
2024-04-25,3.5,14207200,"TUALATIN RIVER AT OSWEGO DAM, NEAR WEST LINN, OR",45.35650877,-122.6850937
2024-04-26,4.0,14207200,"TUALATIN RIVER AT OSWEGO DAM, NEAR WEST LINN, OR",45.35650877,-122.6850937
2024-04-27,3.9,14207200,"TUALATIN RIVER AT OSWEGO DAM, NEAR WEST LINN, OR",45.35650877,-122.6850937
2024-04-28,3.6,14207200,"TUALATIN RIVER AT OSWEGO DAM, NEAR WEST LINN, OR",45.35650877,-122.6850937
2024-04-29,3.8,14207200,"TUALATIN RIVER AT OSWEGO DAM, NEAR WEST LINN, OR",45.35650877,-122.6850937
2024-04-30,3.7,14207200,"TUALATIN RIVER AT OSWEGO DAM, NEAR WEST LINN, OR",45.35650877,-122.6850937
2024-05-01,4.1,14207200,"TUALATIN RIVER AT OSWEGO DAM, NEAR WEST LINN, OR",45.35650877,-122.6850937
2024-05-02,5.2,14207200,"TUALATIN RIVER AT OSWEGO DAM, NEAR WEST LINN, OR",45.35650877,-122.6850937
2024-05-03,5.3,14207200,"TUALATIN RIVER AT OSWEGO DAM, NEAR WEST LINN, OR",45.35650877,-122.6850937
2024-05-04,9.9,14207200,"TUALATIN RIVER AT OSWEGO DAM, NEAR WEST LINN, OR",45.35650877,-122.6850937
2024-05-05,10.4,14207200,"TUALATIN RIVER AT OSWEGO DAM, NEAR WEST LINN, OR",45.35650877,-122.6850937
2024-05-06,13.2,14207200,"TUALATIN RIVER AT OSWEGO DAM, NEAR WEST LINN, OR",45.35650877,-122.6850937
2024-05-07,13.8,14207200,"TUALATIN RIVER AT OSWEGO DAM, NEAR WEST LINN, OR",45.35650877,-122.6850937
2024-05-08,12.0,14207200,"TUALATIN RIVER AT OSWEGO DAM, NEAR WEST LINN, OR",45.35650877,-122.6850937
2024-05-09,9.4,14207200,"TUALATIN RIVER AT OSWEGO DAM, NEAR WEST LINN, OR",45.35650877,-122.6850937
2024-05-10,8.3,14207200,"TUALATIN RIVER AT OSWEGO DAM, NEAR WEST LINN, OR",45.35650877,-122.6850937
2024-05-11,6.7,14207200,"TUALATIN RIVER AT OSWEGO DAM, NEAR WEST LINN, OR",45.35650877,-122.6850937
2024-05-12,5.5,14207200,"TUALATIN RIVER AT OSWEGO DAM, NEAR WEST LINN, OR",45.35650877,-122.6850937
2024-05-13,4.8,14207200,"TUALATIN RIVER AT OSWEGO DAM, NEAR WEST LINN, OR",45.35650877,-122.6850937
2024-05-14,4.4,14207200,"TUALATIN RIVER AT OSWEGO DAM, NEAR WEST LINN, OR",45.35650877,-122.6850937
2024-05-15,4.0,14207200,"TUALATIN RIVER AT OSWEGO DAM, NEAR WEST LINN, OR",45.35650877,-122.6850937
2024-05-16,4.0,14207200,"TUALATIN RIVER AT OSWEGO DAM, NEAR WEST LINN, OR",45.35650877,-122.6850937
2024-05-17,4.1,14207200,"TUALATIN RIVER AT OSWEGO DAM, NEAR WEST LINN, OR",45.35650877,-122.6850937
2024-05-18,4.2,14207200,"TUALATIN RIVER AT OSWEGO DAM, NEAR WEST LINN, OR",45.35650877,-122.6850937
2024-05-19,5.3,14207200,"TUALATIN RIVER AT OSWEGO DAM, NEAR WEST LINN, OR",45.35650877,-122.6850937
2024-05-20,5.0,14207200,"TUALATIN RIVER AT OSWEGO DAM, NEAR WEST LINN, OR",45.35650877,-122.6850937
2024-05-21,5.0,14207200,"TUALATIN RIVER AT OSWEGO DAM, NEAR WEST LINN, OR",45.35650877,-122.6850937
2024-05-22,5.7,14207200,"TUALATIN RIVER AT OSWEGO DAM, NEAR WEST LINN, OR",45.35650877,-122.6850937
2024-05-23,5.7,14207200,"TUALATIN RIVER AT OSWEGO DAM, NEAR WEST LINN, OR",45.35650877,-122.6850937
2024-05-24,5.0,14207200,"TUALATIN RIVER AT OSWEGO DAM, NEAR WEST LINN, OR",45.35650877,-122.6850937
2024-05-25,4.6,14207200,"TUALATIN RIVER AT OSWEGO DAM, NEAR WEST LINN, OR",45.35650877,-122.6850937
2024-05-26,4.8,14207200,"TUALATIN RIVER AT OSWEGO DAM, NEAR WEST LINN, OR",45.35650877,-122.6850937
2024-05-27,5.5,14207200,"TUALATIN RIVER AT OSWEGO DAM, NEAR WEST LINN, OR",45.35650877,-122.6850937
2024-05-28,4.9,14207200,"TUALATIN RIVER AT OSWEGO DAM, NEAR WEST LINN, OR",45.35650877,-122.6850937
2024-05-29,5.4,14207200,"TUALATIN RIVER AT OSWEGO DAM, NEAR WEST LINN, OR",45.35650877,-122.6850937
2024-05-30,5.6,14207200,"TUALATIN RIVER AT OSWEGO DAM, NEAR WEST LINN, OR",45.35650877,-122.6850937
2024-05-31,4.9,14207200,"TUALATIN RIVER AT OSWEGO DAM, NEAR WEST LINN, OR",45.35650877,-122.6850937
2024-06-01,5.2,14207200,"TUALATIN RIVER AT OSWEGO DAM, NEAR WEST LINN, OR",45.35650877,-122.6850937
2024-06-02,5.7,14207200,"TUALATIN RIVER AT OSWEGO DAM, NEAR WEST LINN, OR",45.35650877,-122.6850937
2024-06-03,6.2,14207200,"TUALATIN RIVER AT OSWEGO DAM, NEAR WEST LINN, OR",45.35650877,-122.6850937
2024-06-04,10.1,14207200,"TUALATIN RIVER AT OSWEGO DAM, NEAR WEST LINN, OR",45.35650877,-122.6850937
2024-06-05,7.3,14207200,"TUALATIN RIVER AT OSWEGO DAM, NEAR WEST LINN, OR",45.35650877,-122.6850937
2024-06-06,5.5,14207200,"TUALATIN RIVER AT OSWEGO DAM, NEAR WEST LINN, OR",45.35650877,-122.6850937
2024-06-11,5.8,14207200,"TUALATIN RIVER AT OSWEGO DAM, NEAR WEST LINN, OR",45.35650877,-122.6850937
2024-06-12,4.1,14207200,"TUALATIN RIVER AT OSWEGO DAM, NEAR WEST LINN, OR",45.35650877,-122.6850937
2024-06-13,4.1,14207200,"TUALATIN RIVER AT OSWEGO DAM, NEAR WEST LINN, OR",45.35650877,-122.6850937
2024-06-14,4.2,14207200,"TUALATIN RIVER AT OSWEGO DAM, NEAR WEST LINN, OR",45.35650877,-122.6850937
2024-06-15,4.1,14207200,"TUALATIN RIVER AT OSWEGO DAM, NEAR WEST LINN, OR",45.35650877,-122.6850937
2024-06-16,4.8,14207200,"TUALATIN RIVER AT OSWEGO DAM, NEAR WEST LINN, OR",45.35650877,-122.6850937
2024-06-17,4.8,14207200,"TUALATIN RIVER AT OSWEGO DAM, NEAR WEST LINN, OR",45.35650877,-122.6850937
2024-06-18,5.2,14207200,"TUALATIN RIVER AT OSWEGO DAM, NEAR WEST LINN, OR",45.35650877,-122.6850937
2024-06-19,5.0,14207200,"TUALATIN RIVER AT OSWEGO DAM, NEAR WEST LINN, OR",45.35650877,-122.6850937
2024-06-20,4.8,14207200,"TUALATIN RIVER AT OSWEGO DAM, NEAR WEST LINN, OR",45.35650877,-122.6850937
2024-06-21,5.2,14207200,"TUALATIN RIVER AT OSWEGO DAM, NEAR WEST LINN, OR",45.35650877,-122.6850937
2024-06-22,4.1,14207200,"TUALATIN RIVER AT OSWEGO DAM, NEAR WEST LINN, OR",45.35650877,-122.6850937
2024-06-23,5.2,14207200,"TUALATIN RIVER AT OSWEGO DAM, NEAR WEST LINN, OR",45.35650877,-122.6850937
2024-06-24,5.8,14207200,"TUALATIN RIVER AT OSWEGO DAM, NEAR WEST LINN, OR",45.35650877,-122.6850937
2024-06-25,5.3,14207200,"TUALATIN RIVER AT OSWEGO DAM, NEAR WEST LINN, OR",45.35650877,-122.6850937
2024-06-26,5.8,14207200,"TUALATIN RIVER AT OSWEGO DAM, NEAR WEST LINN, OR",45.35650877,-122.6850937
2024-06-27,4.6,14207200,"TUALATIN RIVER AT OSWEGO DAM, NEAR WEST LINN, OR",45.35650877,-122.6850937
2024-06-28,4.4,14207200,"TUALATIN RIVER AT OSWEGO DAM, NEAR WEST LINN, OR",45.35650877,-122.6850937
2024-06-29,4.3,14207200,"TUALATIN RIVER AT OSWEGO DAM, NEAR WEST LINN, OR",45.35650877,-122.6850937
2024-06-30,4.0,14207200,"TUALATIN RIVER AT OSWEGO DAM, NEAR WEST LINN, OR",45.35650877,-122.6850937
2024-07-01,4.2,14207200,"TUALATIN RIVER AT OSWEGO DAM, NEAR WEST LINN, OR",45.35650877,-122.6850937
2024-07-02,5.2,14207200,"TUALATIN RIVER AT OSWEGO DAM, NEAR WEST LINN, OR",45.35650877,-122.6850937
2024-07-03,5.3,14207200,"TUALATIN RIVER AT OSWEGO DAM, NEAR WEST LINN, OR",45.35650877,-122.6850937
2024-07-04,5.5,14207200,"TUALATIN RIVER AT OSWEGO DAM, NEAR WEST LINN, OR",45.35650877,-122.6850937
2024-07-05,3.8,14207200,"TUALATIN RIVER AT OSWEGO DAM, NEAR WEST LINN, OR",45.35650877,-122.6850937
2024-07-06,3.1,14207200,"TUALATIN RIVER AT OSWEGO DAM, NEAR WEST LINN, OR",45.35650877,-122.6850937
2024-07-07,3.0,14207200,"TUALATIN RIVER AT OSWEGO DAM, NEAR WEST LINN, OR",45.35650877,-122.6850937
2024-07-08,3.3,14207200,"TUALATIN RIVER AT OSWEGO DAM, NEAR WEST LINN, OR",45.35650877,-122.6850937
2024-07-09,3.2,14207200,"TUALATIN RIVER AT OSWEGO DAM, NEAR WEST LINN, OR",45.35650877,-122.6850937
2024-07-10,4.2,14207200,"TUALATIN RIVER AT OSWEGO DAM, NEAR WEST LINN, OR",45.35650877,-122.6850937
2024-07-11,4.2,14207200,"TUALATIN RIVER AT OSWEGO DAM, NEAR WEST LINN, OR",45.35650877,-122.6850937
2024-07-12,4.1,14207200,"TUALATIN RIVER AT OSWEGO DAM, NEAR WEST LINN, OR",45.35650877,-122.6850937
2024-07-13,4.7,14207200,"TUALATIN RIVER AT OSWEGO DAM, NEAR WEST LINN, OR",45.35650877,-122.6850937
2024-07-14,5.6,14207200,"TUALATIN RIVER AT OSWEGO DAM, NEAR WEST LINN, OR",45.35650877,-122.6850937
2024-07-15,5.3,14207200,"TUALATIN RIVER AT OSWEGO DAM, NEAR WEST LINN, OR",45.35650877,-122.6850937
2024-07-16,7.0,14207200,"TUALATIN RIVER AT OSWEGO DAM, NEAR WEST LINN, OR",45.35650877,-122.6850937
2024-07-17,5.5,14207200,"TUALATIN RIVER AT OSWEGO DAM, NEAR WEST LINN, OR",45.35650877,-122.6850937
2024-07-18,3.4,14207200,"TUALATIN RIVER AT OSWEGO DAM, NEAR WEST LINN, OR",45.35650877,-122.6850937
2024-07-19,3.7,14207200,"TUALATIN RIVER AT OSWEGO DAM, NEAR WEST LINN, OR",45.35650877,-122.6850937
2024-07-20,3.7,14207200,"TUALATIN RIVER AT OSWEGO DAM, NEAR WEST LINN, OR",45.35650877,-122.6850937
2024-07-21,4.1,14207200,"TUALATIN RIVER AT OSWEGO DAM, NEAR WEST LINN, OR",45.35650877,-122.6850937
2024-07-22,3.8,14207200,"TUALATIN RIVER AT OSWEGO DAM, NEAR WEST LINN, OR",45.35650877,-122.6850937
2024-07-23,4.1,14207200,"TUALATIN RIVER AT OSWEGO DAM, NEAR WEST LINN, OR",45.35650877,-122.6850937
2024-07-24,4.7,14207200,"TUALATIN RIVER AT OSWEGO DAM, NEAR WEST LINN, OR",45.35650877,-122.6850937
2024-07-25,5.2,14207200,"TUALATIN RIVER AT OSWEGO DAM, NEAR WEST LINN, OR",45.35650877,-122.6850937
2024-07-26,4.5,14207200,"TUALATIN RIVER AT OSWEGO DAM, NEAR WEST LINN, OR",45.35650877,-122.6850937
2024-07-27,4.5,14207200,"TUALATIN RIVER AT OSWEGO DAM, NEAR WEST LINN, OR",45.35650877,-122.6850937
2024-07-28,4.6,14207200,"TUALATIN RIVER AT OSWEGO DAM, NEAR WEST LINN, OR",45.35650877,-122.6850937
2024-07-29,5.4,14207200,"TUALATIN RIVER AT OSWEGO DAM, NEAR WEST LINN, OR",45.35650877,-122.6850937
2024-07-30,6.5,14207200,"TUALATIN RIVER AT OSWEGO DAM, NEAR WEST LINN, OR",45.35650877,-122.6850937
2024-07-31,4.9,14207200,"TUALATIN RIVER AT OSWEGO DAM, NEAR WEST LINN, OR",45.35650877,-122.6850937
2024-08-01,3.7,14207200,"TUALATIN RIVER AT OSWEGO DAM, NEAR WEST LINN, OR",45.35650877,-122.6850937
2024-08-02,2.8,14207200,"TUALATIN RIVER AT OSWEGO DAM, NEAR WEST LINN, OR",45.35650877,-122.6850937
2024-08-03,2.9,14207200,"TUALATIN RIVER AT OSWEGO DAM, NEAR WEST LINN, OR",45.35650877,-122.6850937
2024-08-04,3.4,14207200,"TUALATIN RIVER AT OSWEGO DAM, NEAR WEST LINN, OR",45.35650877,-122.6850937
2024-08-05,3.2,14207200,"TUALATIN RIVER AT OSWEGO DAM, NEAR WEST LINN, OR",45.35650877,-122.6850937
2024-08-06,3.4,14207200,"TUALATIN RIVER AT OSWEGO DAM, NEAR WEST LINN, OR",45.35650877,-122.6850937
2024-08-07,3.6,14207200,"TUALATIN RIVER AT OSWEGO DAM, NEAR WEST LINN, OR",45.35650877,-122.6850937
2024-08-08,2.7,14207200,"TUALATIN RIVER AT OSWEGO DAM, NEAR WEST LINN, OR",45.35650877,-122.6850937
2024-08-09,2.7,14207200,"TUALATIN RIVER AT OSWEGO DAM, NEAR WEST LINN, OR",45.35650877,-122.6850937
2024-08-10,3.2,14207200,"TUALATIN RIVER AT OSWEGO DAM, NEAR WEST LINN, OR",45.35650877,-122.6850937
2024-08-11,3.5,14207200,"TUALATIN RIVER AT OSWEGO DAM, NEAR WEST LINN, OR",45.35650877,-122.6850937
2024-08-12,3.2,14207200,"TUALATIN RIVER AT OSWEGO DAM, NEAR WEST LINN, OR",45.35650877,-122.6850937
2024-08-13,3.0,14207200,"TUALATIN RIVER AT OSWEGO DAM, NEAR WEST LINN, OR",45.35650877,-122.6850937
2024-08-14,2.8,14207200,"TUALATIN RIVER AT OSWEGO DAM, NEAR WEST LINN, OR",45.35650877,-122.6850937
2024-08-15,3.2,14207200,"TUALATIN RIVER AT OSWEGO DAM, NEAR WEST LINN, OR",45.35650877,-122.6850937
2024-08-16,2.3,14207200,"TUALATIN RIVER AT OSWEGO DAM, NEAR WEST LINN, OR",45.35650877,-122.6850937
2024-08-17,2.0,14207200,"TUALATIN RIVER AT OSWEGO DAM, NEAR WEST LINN, OR",45.35650877,-122.6850937
2024-08-18,2.7,14207200,"TUALATIN RIVER AT OSWEGO DAM, NEAR WEST LINN, OR",45.35650877,-122.6850937
2024-08-19,3.4,14207200,"TUALATIN RIVER AT OSWEGO DAM, NEAR WEST LINN, OR",45.35650877,-122.6850937
2024-08-20,3.2,14207200,"TUALATIN RIVER AT OSWEGO DAM, NEAR WEST LINN, OR",45.35650877,-122.6850937
2024-08-21,2.5,14207200,"TUALATIN RIVER AT OSWEGO DAM, NEAR WEST LINN, OR",45.35650877,-122.6850937
2024-08-22,2.6,14207200,"TUALATIN RIVER AT OSWEGO DAM, NEAR WEST LINN, OR",45.35650877,-122.6850937
2024-08-23,2.5,14207200,"TUALATIN RIVER AT OSWEGO DAM, NEAR WEST LINN, OR",45.35650877,-122.6850937
2024-08-24,2.6,14207200,"TUALATIN RIVER AT OSWEGO DAM, NEAR WEST LINN, OR",45.35650877,-122.6850937
2024-08-25,2.7,14207200,"TUALATIN RIVER AT OSWEGO DAM, NEAR WEST LINN, OR",45.35650877,-122.6850937
2024-08-26,2.4,14207200,"TUALATIN RIVER AT OSWEGO DAM, NEAR WEST LINN, OR",45.35650877,-122.6850937
2024-08-27,2.4,14207200,"TUALATIN RIVER AT OSWEGO DAM, NEAR WEST LINN, OR",45.35650877,-122.6850937
2024-08-28,2.7,14207200,"TUALATIN RIVER AT OSWEGO DAM, NEAR WEST LINN, OR",45.35650877,-122.6850937
2024-08-29,2.6,14207200,"TUALATIN RIVER AT OSWEGO DAM, NEAR WEST LINN, OR",45.35650877,-122.6850937
2024-08-30,2.4,14207200,"TUALATIN RIVER AT OSWEGO DAM, NEAR WEST LINN, OR",45.35650877,-122.6850937
2024-08-31,2.8,14207200,"TUALATIN RIVER AT OSWEGO DAM, NEAR WEST LINN, OR",45.35650877,-122.6850937
2024-09-01,2.7,14207200,"TUALATIN RIVER AT OSWEGO DAM, NEAR WEST LINN, OR",45.35650877,-122.6850937
2024-09-02,2.6,14207200,"TUALATIN RIVER AT OSWEGO DAM, NEAR WEST LINN, OR",45.35650877,-122.6850937
2024-09-03,2.7,14207200,"TUALATIN RIVER AT OSWEGO DAM, NEAR WEST LINN, OR",45.35650877,-122.6850937
2024-09-04,2.9,14207200,"TUALATIN RIVER AT OSWEGO DAM, NEAR WEST LINN, OR",45.35650877,-122.6850937
2024-09-05,2.4,14207200,"TUALATIN RIVER AT OSWEGO DAM, NEAR WEST LINN, OR",45.35650877,-122.6850937
2024-09-06,2.0,14207200,"TUALATIN RIVER AT OSWEGO DAM, NEAR WEST LINN, OR",45.35650877,-122.6850937
2024-09-07,2.1,14207200,"TUALATIN RIVER AT OSWEGO DAM, NEAR WEST LINN, OR",45.35650877,-122.6850937
2024-09-08,2.1,14207200,"TUALATIN RIVER AT OSWEGO DAM, NEAR WEST LINN, OR",45.35650877,-122.6850937
2024-09-09,2.7,14207200,"TUALATIN RIVER AT OSWEGO DAM, NEAR WEST LINN, OR",45.35650877,-122.6850937
2024-09-10,2.8,14207200,"TUALATIN RIVER AT OSWEGO DAM, NEAR WEST LINN, OR",45.35650877,-122.6850937
2024-09-11,3.3,14207200,"TUALATIN RIVER AT OSWEGO DAM, NEAR WEST LINN, OR",45.35650877,-122.6850937
2024-09-12,3.3,14207200,"TUALATIN RIVER AT OSWEGO DAM, NEAR WEST LINN, OR",45.35650877,-122.6850937
2024-09-13,3.2,14207200,"TUALATIN RIVER AT OSWEGO DAM, NEAR WEST LINN, OR",45.35650877,-122.6850937
2024-09-14,3.5,14207200,"TUALATIN RIVER AT OSWEGO DAM, NEAR WEST LINN, OR",45.35650877,-122.6850937
2024-09-15,3.2,14207200,"TUALATIN RIVER AT OSWEGO DAM, NEAR WEST LINN, OR",45.35650877,-122.6850937
2024-09-16,3.1,14207200,"TUALATIN RIVER AT OSWEGO DAM, NEAR WEST LINN, OR",45.35650877,-122.6850937
2024-09-17,3.9,14207200,"TUALATIN RIVER AT OSWEGO DAM, NEAR WEST LINN, OR",45.35650877,-122.6850937
2024-09-18,3.1,14207200,"TUALATIN RIVER AT OSWEGO DAM, NEAR WEST LINN, OR",45.35650877,-122.6850937
2024-09-19,2.6,14207200,"TUALATIN RIVER AT OSWEGO DAM, NEAR WEST LINN, OR",45.35650877,-122.6850937
2024-09-20,2.4,14207200,"TUALATIN RIVER AT OSWEGO DAM, NEAR WEST LINN, OR",45.35650877,-122.6850937
2024-09-21,2.5,14207200,"TUALATIN RIVER AT OSWEGO DAM, NEAR WEST LINN, OR",45.35650877,-122.6850937
2024-09-22,2.4,14207200,"TUALATIN RIVER AT OSWEGO DAM, NEAR WEST LINN, OR",45.35650877,-122.6850937
2024-09-23,2.6,14207200,"TUALATIN RIVER AT OSWEGO DAM, NEAR WEST LINN, OR",45.35650877,-122.6850937
2024-09-24,2.6,14207200,"TUALATIN RIVER AT OSWEGO DAM, NEAR WEST LINN, OR",45.35650877,-122.6850937
2024-09-25,2.5,14207200,"TUALATIN RIVER AT OSWEGO DAM, NEAR WEST LINN, OR",45.35650877,-122.6850937
2024-09-26,4.4,14207200,"TUALATIN RIVER AT OSWEGO DAM, NEAR WEST LINN, OR",45.35650877,-122.6850937
2024-09-27,6.0,14207200,"TUALATIN RIVER AT OSWEGO DAM, NEAR WEST LINN, OR",45.35650877,-122.6850937
2024-09-28,3.8,14207200,"TUALATIN RIVER AT OSWEGO DAM, NEAR WEST LINN, OR",45.35650877,-122.6850937
2024-09-29,4.2,14207200,"TUALATIN RIVER AT OSWEGO DAM, NEAR WEST LINN, OR",45.35650877,-122.6850937
2024-09-30,2.5,14207200,"TUALATIN RIVER AT OSWEGO DAM, NEAR WEST LINN, OR",45.35650877,-122.6850937
2024-01-01,1.8,14210000,"CLACKAMAS RIVER AT ESTACADA, OR",45.29984346,-122.3539746
2024-01-02,1.9,14210000,"CLACKAMAS RIVER AT ESTACADA, OR",45.29984346,-122.3539746
2024-01-03,1.8,14210000,"CLACKAMAS RIVER AT ESTACADA, OR",45.29984346,-122.3539746
2024-01-04,1.9,14210000,"CLACKAMAS RIVER AT ESTACADA, OR",45.29984346,-122.3539746
2024-01-05,1.9,14210000,"CLACKAMAS RIVER AT ESTACADA, OR",45.29984346,-122.3539746
2024-01-06,2.1,14210000,"CLACKAMAS RIVER AT ESTACADA, OR",45.29984346,-122.3539746
2024-01-07,2.4,14210000,"CLACKAMAS RIVER AT ESTACADA, OR",45.29984346,-122.3539746
2024-01-08,2.7,14210000,"CLACKAMAS RIVER AT ESTACADA, OR",45.29984346,-122.3539746
2024-01-09,3.5,14210000,"CLACKAMAS RIVER AT ESTACADA, OR",45.29984346,-122.3539746
2024-01-10,6.7,14210000,"CLACKAMAS RIVER AT ESTACADA, OR",45.29984346,-122.3539746
2024-01-11,6.1,14210000,"CLACKAMAS RIVER AT ESTACADA, OR",45.29984346,-122.3539746
2024-01-12,4.5,14210000,"CLACKAMAS RIVER AT ESTACADA, OR",45.29984346,-122.3539746
2024-01-13,4.9,14210000,"CLACKAMAS RIVER AT ESTACADA, OR",45.29984346,-122.3539746
2024-01-14,6.2,14210000,"CLACKAMAS RIVER AT ESTACADA, OR",45.29984346,-122.3539746
2024-01-15,5.6,14210000,"CLACKAMAS RIVER AT ESTACADA, OR",45.29984346,-122.3539746
2024-01-16,5.4,14210000,"CLACKAMAS RIVER AT ESTACADA, OR",45.29984346,-122.3539746
2024-01-17,5.6,14210000,"CLACKAMAS RIVER AT ESTACADA, OR",45.29984346,-122.3539746
2024-01-18,8.2,14210000,"CLACKAMAS RIVER AT ESTACADA, OR",45.29984346,-122.3539746
2024-01-19,8.9,14210000,"CLACKAMAS RIVER AT ESTACADA, OR",45.29984346,-122.3539746
2024-01-20,8.5,14210000,"CLACKAMAS RIVER AT ESTACADA, OR",45.29984346,-122.3539746
2024-01-21,10.1,14210000,"CLACKAMAS RIVER AT ESTACADA, OR",45.29984346,-122.3539746
2024-01-22,12.9,14210000,"CLACKAMAS RIVER AT ESTACADA, OR",45.29984346,-122.3539746
2024-01-23,15.4,14210000,"CLACKAMAS RIVER AT ESTACADA, OR",45.29984346,-122.3539746
2024-01-24,13.3,14210000,"CLACKAMAS RIVER AT ESTACADA, OR",45.29984346,-122.3539746
2024-01-25,13.0,14210000,"CLACKAMAS RIVER AT ESTACADA, OR",45.29984346,-122.3539746
2024-01-26,15.2,14210000,"CLACKAMAS RIVER AT ESTACADA, OR",45.29984346,-122.3539746
2024-01-27,30.1,14210000,"CLACKAMAS RIVER AT ESTACADA, OR",45.29984346,-122.3539746
2024-01-28,30.0,14210000,"CLACKAMAS RIVER AT ESTACADA, OR",45.29984346,-122.3539746
2024-01-29,20.1,14210000,"CLACKAMAS RIVER AT ESTACADA, OR",45.29984346,-122.3539746
2024-01-30,11.6,14210000,"CLACKAMAS RIVER AT ESTACADA, OR",45.29984346,-122.3539746
2024-02-14,1.8,14210000,"CLACKAMAS RIVER AT ESTACADA, OR",45.29984346,-122.3539746
2024-02-15,1.9,14210000,"CLACKAMAS RIVER AT ESTACADA, OR",45.29984346,-122.3539746
2024-02-16,2.0,14210000,"CLACKAMAS RIVER AT ESTACADA, OR",45.29984346,-122.3539746
2024-02-17,2.4,14210000,"CLACKAMAS RIVER AT ESTACADA, OR",45.29984346,-122.3539746
2024-02-18,2.5,14210000,"CLACKAMAS RIVER AT ESTACADA, OR",45.29984346,-122.3539746
2024-02-19,2.3,14210000,"CLACKAMAS RIVER AT ESTACADA, OR",45.29984346,-122.3539746
2024-02-20,2.0,14210000,"CLACKAMAS RIVER AT ESTACADA, OR",45.29984346,-122.3539746
2024-02-21,1.5,14210000,"CLACKAMAS RIVER AT ESTACADA, OR",45.29984346,-122.3539746
2024-02-22,1.6,14210000,"CLACKAMAS RIVER AT ESTACADA, OR",45.29984346,-122.3539746
2024-02-23,2.5,14210000,"CLACKAMAS RIVER AT ESTACADA, OR",45.29984346,-122.3539746
2024-02-24,2.3,14210000,"CLACKAMAS RIVER AT ESTACADA, OR",45.29984346,-122.3539746
2024-02-25,2.0,14210000,"CLACKAMAS RIVER AT ESTACADA, OR",45.29984346,-122.3539746
2024-02-26,2.1,14210000,"CLACKAMAS RIVER AT ESTACADA, OR",45.29984346,-122.3539746
2024-02-27,3.8,14210000,"CLACKAMAS RIVER AT ESTACADA, OR",45.29984346,-122.3539746
2024-02-28,3.8,14210000,"CLACKAMAS RIVER AT ESTACADA, OR",45.29984346,-122.3539746
2024-02-29,11.6,14210000,"CLACKAMAS RIVER AT ESTACADA, OR",45.29984346,-122.3539746
2024-03-01,12.1,14210000,"CLACKAMAS RIVER AT ESTACADA, OR",45.29984346,-122.3539746
2024-03-02,6.8,14210000,"CLACKAMAS RIVER AT ESTACADA, OR",45.29984346,-122.3539746
2024-03-03,4.4,14210000,"CLACKAMAS RIVER AT ESTACADA, OR",45.29984346,-122.3539746
2024-03-04,3.4,14210000,"CLACKAMAS RIVER AT ESTACADA, OR",45.29984346,-122.3539746
2024-03-05,3.0,14210000,"CLACKAMAS RIVER AT ESTACADA, OR",45.29984346,-122.3539746
2024-03-06,3.4,14210000,"CLACKAMAS RIVER AT ESTACADA, OR",45.29984346,-122.3539746
2024-03-07,2.8,14210000,"CLACKAMAS RIVER AT ESTACADA, OR",45.29984346,-122.3539746
2024-03-08,2.1,14210000,"CLACKAMAS RIVER AT ESTACADA, OR",45.29984346,-122.3539746
2024-03-09,1.9,14210000,"CLACKAMAS RIVER AT ESTACADA, OR",45.29984346,-122.3539746
2024-03-10,1.8,14210000,"CLACKAMAS RIVER AT ESTACADA, OR",45.29984346,-122.3539746
2024-03-11,1.8,14210000,"CLACKAMAS RIVER AT ESTACADA, OR",45.29984346,-122.3539746
2024-03-12,2.7,14210000,"CLACKAMAS RIVER AT ESTACADA, OR",45.29984346,-122.3539746
2024-03-13,3.2,14210000,"CLACKAMAS RIVER AT ESTACADA, OR",45.29984346,-122.3539746
2024-03-14,3.5,14210000,"CLACKAMAS RIVER AT ESTACADA, OR",45.29984346,-122.3539746
2024-03-15,3.0,14210000,"CLACKAMAS RIVER AT ESTACADA, OR",45.29984346,-122.3539746
2024-03-16,2.3,14210000,"CLACKAMAS RIVER AT ESTACADA, OR",45.29984346,-122.3539746
2024-03-17,1.8,14210000,"CLACKAMAS RIVER AT ESTACADA, OR",45.29984346,-122.3539746
2024-03-18,1.7,14210000,"CLACKAMAS RIVER AT ESTACADA, OR",45.29984346,-122.3539746
2024-03-19,1.6,14210000,"CLACKAMAS RIVER AT ESTACADA, OR",45.29984346,-122.3539746
2024-03-20,1.6,14210000,"CLACKAMAS RIVER AT ESTACADA, OR",45.29984346,-122.3539746
2024-03-21,1.7,14210000,"CLACKAMAS RIVER AT ESTACADA, OR",45.29984346,-122.3539746
2024-03-22,1.6,14210000,"CLACKAMAS RIVER AT ESTACADA, OR",45.29984346,-122.3539746
2024-03-23,1.5,14210000,"CLACKAMAS RIVER AT ESTACADA, OR",45.29984346,-122.3539746
2024-03-24,1.5,14210000,"CLACKAMAS RIVER AT ESTACADA, OR",45.29984346,-122.3539746
2024-03-25,1.5,14210000,"CLACKAMAS RIVER AT ESTACADA, OR",45.29984346,-122.3539746
2024-03-26,1.6,14210000,"CLACKAMAS RIVER AT ESTACADA, OR",45.29984346,-122.3539746
2024-03-27,1.6,14210000,"CLACKAMAS RIVER AT ESTACADA, OR",45.29984346,-122.3539746
2024-03-28,2.6,14210000,"CLACKAMAS RIVER AT ESTACADA, OR",45.29984346,-122.3539746
2024-03-29,2.7,14210000,"CLACKAMAS RIVER AT ESTACADA, OR",45.29984346,-122.3539746
2024-03-30,2.3,14210000,"CLACKAMAS RIVER AT ESTACADA, OR",45.29984346,-122.3539746
2024-03-31,2.0,14210000,"CLACKAMAS RIVER AT ESTACADA, OR",45.29984346,-122.3539746
2024-04-01,1.8,14210000,"CLACKAMAS RIVER AT ESTACADA, OR",45.29984346,-122.3539746
2024-04-02,1.6,14210000,"CLACKAMAS RIVER AT ESTACADA, OR",45.29984346,-122.3539746
2024-04-03,1.5,14210000,"CLACKAMAS RIVER AT ESTACADA, OR",45.29984346,-122.3539746
2024-04-04,1.4,14210000,"CLACKAMAS RIVER AT ESTACADA, OR",45.29984346,-122.3539746
2024-04-05,1.5,14210000,"CLACKAMAS RIVER AT ESTACADA, OR",45.29984346,-122.3539746
2024-04-06,1.4,14210000,"CLACKAMAS RIVER AT ESTACADA, OR",45.29984346,-122.3539746
2024-04-07,1.4,14210000,"CLACKAMAS RIVER AT ESTACADA, OR",45.29984346,-122.3539746
2024-04-08,1.5,14210000,"CLACKAMAS RIVER AT ESTACADA, OR",45.29984346,-122.3539746
2024-04-09,1.3,14210000,"CLACKAMAS RIVER AT ESTACADA, OR",45.29984346,-122.3539746
2024-04-10,1.4,14210000,"CLACKAMAS RIVER AT ESTACADA, OR",45.29984346,-122.3539746
2024-04-11,1.9,14210000,"CLACKAMAS RIVER AT ESTACADA, OR",45.29984346,-122.3539746
2024-04-12,1.4,14210000,"CLACKAMAS RIVER AT ESTACADA, OR",45.29984346,-122.3539746
2024-04-13,1.4,14210000,"CLACKAMAS RIVER AT ESTACADA, OR",45.29984346,-122.3539746
2024-04-14,1.4,14210000,"CLACKAMAS RIVER AT ESTACADA, OR",45.29984346,-122.3539746
2024-04-18,1.0,14210000,"CLACKAMAS RIVER AT ESTACADA, OR",45.29984346,-122.3539746
2024-04-19,1.0,14210000,"CLACKAMAS RIVER AT ESTACADA, OR",45.29984346,-122.3539746
2024-04-20,1.1,14210000,"CLACKAMAS RIVER AT ESTACADA, OR",45.29984346,-122.3539746
2024-04-21,1.3,14210000,"CLACKAMAS RIVER AT ESTACADA, OR",45.29984346,-122.3539746
2024-04-22,1.1,14210000,"CLACKAMAS RIVER AT ESTACADA, OR",45.29984346,-122.3539746
2024-04-23,1.2,14210000,"CLACKAMAS RIVER AT ESTACADA, OR",45.29984346,-122.3539746
2024-04-24,1.1,14210000,"CLACKAMAS RIVER AT ESTACADA, OR",45.29984346,-122.3539746
2024-04-25,1.2,14210000,"CLACKAMAS RIVER AT ESTACADA, OR",45.29984346,-122.3539746
2024-04-26,1.2,14210000,"CLACKAMAS RIVER AT ESTACADA, OR",45.29984346,-122.3539746
2024-04-27,1.3,14210000,"CLACKAMAS RIVER AT ESTACADA, OR",45.29984346,-122.3539746
2024-04-28,1.3,14210000,"CLACKAMAS RIVER AT ESTACADA, OR",45.29984346,-122.3539746
2024-04-29,1.3,14210000,"CLACKAMAS RIVER AT ESTACADA, OR",45.29984346,-122.3539746
2024-04-30,1.4,14210000,"CLACKAMAS RIVER AT ESTACADA, OR",45.29984346,-122.3539746
2024-05-01,1.6,14210000,"CLACKAMAS RIVER AT ESTACADA, OR",45.29984346,-122.3539746
2024-05-02,1.6,14210000,"CLACKAMAS RIVER AT ESTACADA, OR",45.29984346,-122.3539746
2024-05-03,1.6,14210000,"CLACKAMAS RIVER AT ESTACADA, OR",45.29984346,-122.3539746
2024-05-04,1.9,14210000,"CLACKAMAS RIVER AT ESTACADA, OR",45.29984346,-122.3539746
2024-05-05,3.0,14210000,"CLACKAMAS RIVER AT ESTACADA, OR",45.29984346,-122.3539746
2024-05-06,3.6,14210000,"CLACKAMAS RIVER AT ESTACADA, OR",45.29984346,-122.3539746
2024-05-07,3.4,14210000,"CLACKAMAS RIVER AT ESTACADA, OR",45.29984346,-122.3539746
2024-05-08,3.1,14210000,"CLACKAMAS RIVER AT ESTACADA, OR",45.29984346,-122.3539746
2024-05-09,2.7,14210000,"CLACKAMAS RIVER AT ESTACADA, OR",45.29984346,-122.3539746
2024-05-10,2.2,14210000,"CLACKAMAS RIVER AT ESTACADA, OR",45.29984346,-122.3539746
2024-05-11,1.9,14210000,"CLACKAMAS RIVER AT ESTACADA, OR",45.29984346,-122.3539746
2024-05-12,1.6,14210000,"CLACKAMAS RIVER AT ESTACADA, OR",45.29984346,-122.3539746
2024-05-13,1.5,14210000,"CLACKAMAS RIVER AT ESTACADA, OR",45.29984346,-122.3539746
2024-05-14,1.5,14210000,"CLACKAMAS RIVER AT ESTACADA, OR",45.29984346,-122.3539746
2024-05-15,1.4,14210000,"CLACKAMAS RIVER AT ESTACADA, OR",45.29984346,-122.3539746
2024-05-16,1.3,14210000,"CLACKAMAS RIVER AT ESTACADA, OR",45.29984346,-122.3539746
2024-05-17,1.3,14210000,"CLACKAMAS RIVER AT ESTACADA, OR",45.29984346,-122.3539746
2024-05-18,1.3,14210000,"CLACKAMAS RIVER AT ESTACADA, OR",45.29984346,-122.3539746
2024-05-19,1.5,14210000,"CLACKAMAS RIVER AT ESTACADA, OR",45.29984346,-122.3539746
2024-05-20,1.5,14210000,"CLACKAMAS RIVER AT ESTACADA, OR",45.29984346,-122.3539746
2024-05-21,1.3,14210000,"CLACKAMAS RIVER AT ESTACADA, OR",45.29984346,-122.3539746
2024-05-22,1.3,14210000,"CLACKAMAS RIVER AT ESTACADA, OR",45.29984346,-122.3539746
2024-05-23,1.4,14210000,"CLACKAMAS RIVER AT ESTACADA, OR",45.29984346,-122.3539746
2024-05-24,1.4,14210000,"CLACKAMAS RIVER AT ESTACADA, OR",45.29984346,-122.3539746
2024-05-25,1.2,14210000,"CLACKAMAS RIVER AT ESTACADA, OR",45.29984346,-122.3539746
2024-05-26,1.4,14210000,"CLACKAMAS RIVER AT ESTACADA, OR",45.29984346,-122.3539746
2024-05-27,1.2,14210000,"CLACKAMAS RIVER AT ESTACADA, OR",45.29984346,-122.3539746
2024-05-28,1.2,14210000,"CLACKAMAS RIVER AT ESTACADA, OR",45.29984346,-122.3539746
2024-05-29,1.2,14210000,"CLACKAMAS RIVER AT ESTACADA, OR",45.29984346,-122.3539746
2024-05-30,1.3,14210000,"CLACKAMAS RIVER AT ESTACADA, OR",45.29984346,-122.3539746
2024-05-31,1.1,14210000,"CLACKAMAS RIVER AT ESTACADA, OR",45.29984346,-122.3539746
2024-06-01,1.1,14210000,"CLACKAMAS RIVER AT ESTACADA, OR",45.29984346,-122.3539746
2024-06-02,1.2,14210000,"CLACKAMAS RIVER AT ESTACADA, OR",45.29984346,-122.3539746
2024-06-03,2.6,14210000,"CLACKAMAS RIVER AT ESTACADA, OR",45.29984346,-122.3539746
2024-06-04,2.9,14210000,"CLACKAMAS RIVER AT ESTACADA, OR",45.29984346,-122.3539746
2024-06-05,2.6,14210000,"CLACKAMAS RIVER AT ESTACADA, OR",45.29984346,-122.3539746
2024-06-06,2.0,14210000,"CLACKAMAS RIVER AT ESTACADA, OR",45.29984346,-122.3539746
2024-06-07,1.7,14210000,"CLACKAMAS RIVER AT ESTACADA, OR",45.29984346,-122.3539746
2024-06-08,1.5,14210000,"CLACKAMAS RIVER AT ESTACADA, OR",45.29984346,-122.3539746
2024-06-09,2.0,14210000,"CLACKAMAS RIVER AT ESTACADA, OR",45.29984346,-122.3539746
2024-06-10,1.3,14210000,"CLACKAMAS RIVER AT ESTACADA, OR",45.29984346,-122.3539746
2024-06-11,1.0,14210000,"CLACKAMAS RIVER AT ESTACADA, OR",45.29984346,-122.3539746
2024-06-12,1.1,14210000,"CLACKAMAS RIVER AT ESTACADA, OR",45.29984346,-122.3539746
2024-06-13,1.1,14210000,"CLACKAMAS RIVER AT ESTACADA, OR",45.29984346,-122.3539746
2024-06-14,1.0,14210000,"CLACKAMAS RIVER AT ESTACADA, OR",45.29984346,-122.3539746
2024-06-15,1.7,14210000,"CLACKAMAS RIVER AT ESTACADA, OR",45.29984346,-122.3539746
2024-06-16,2.2,14210000,"CLACKAMAS RIVER AT ESTACADA, OR",45.29984346,-122.3539746
2024-06-17,1.4,14210000,"CLACKAMAS RIVER AT ESTACADA, OR",45.29984346,-122.3539746
2024-06-18,1.3,14210000,"CLACKAMAS RIVER AT ESTACADA, OR",45.29984346,-122.3539746
2024-06-19,1.0,14210000,"CLACKAMAS RIVER AT ESTACADA, OR",45.29984346,-122.3539746
2024-06-20,1.6,14210000,"CLACKAMAS RIVER AT ESTACADA, OR",45.29984346,-122.3539746
2024-06-21,1.1,14210000,"CLACKAMAS RIVER AT ESTACADA, OR",45.29984346,-122.3539746
2024-06-22,1.6,14210000,"CLACKAMAS RIVER AT ESTACADA, OR",45.29984346,-122.3539746
2024-06-23,1.6,14210000,"CLACKAMAS RIVER AT ESTACADA, OR",45.29984346,-122.3539746
2024-06-24,1.2,14210000,"CLACKAMAS RIVER AT ESTACADA, OR",45.29984346,-122.3539746
2024-06-25,1.3,14210000,"CLACKAMAS RIVER AT ESTACADA, OR",45.29984346,-122.3539746
2024-06-26,1.2,14210000,"CLACKAMAS RIVER AT ESTACADA, OR",45.29984346,-122.3539746
2024-06-27,1.3,14210000,"CLACKAMAS RIVER AT ESTACADA, OR",45.29984346,-122.3539746
2024-06-28,1.3,14210000,"CLACKAMAS RIVER AT ESTACADA, OR",45.29984346,-122.3539746
2024-06-29,1.5,14210000,"CLACKAMAS RIVER AT ESTACADA, OR",45.29984346,-122.3539746
2024-06-30,1.3,14210000,"CLACKAMAS RIVER AT ESTACADA, OR",45.29984346,-122.3539746
2024-07-01,1.8,14210000,"CLACKAMAS RIVER AT ESTACADA, OR",45.29984346,-122.3539746
2024-07-02,1.5,14210000,"CLACKAMAS RIVER AT ESTACADA, OR",45.29984346,-122.3539746
2024-07-03,1.3,14210000,"CLACKAMAS RIVER AT ESTACADA, OR",45.29984346,-122.3539746
2024-07-04,1.4,14210000,"CLACKAMAS RIVER AT ESTACADA, OR",45.29984346,-122.3539746
2024-07-05,1.2,14210000,"CLACKAMAS RIVER AT ESTACADA, OR",45.29984346,-122.3539746
2024-07-06,1.1,14210000,"CLACKAMAS RIVER AT ESTACADA, OR",45.29984346,-122.3539746
2024-07-07,1.3,14210000,"CLACKAMAS RIVER AT ESTACADA, OR",45.29984346,-122.3539746
2024-07-08,1.3,14210000,"CLACKAMAS RIVER AT ESTACADA, OR",45.29984346,-122.3539746
2024-07-09,1.1,14210000,"CLACKAMAS RIVER AT ESTACADA, OR",45.29984346,-122.3539746
2024-07-10,1.2,14210000,"CLACKAMAS RIVER AT ESTACADA, OR",45.29984346,-122.3539746
2024-07-11,1.0,14210000,"CLACKAMAS RIVER AT ESTACADA, OR",45.29984346,-122.3539746
2024-07-12,1.0,14210000,"CLACKAMAS RIVER AT ESTACADA, OR",45.29984346,-122.3539746
2024-07-13,1.0,14210000,"CLACKAMAS RIVER AT ESTACADA, OR",45.29984346,-122.3539746
2024-07-14,1.0,14210000,"CLACKAMAS RIVER AT ESTACADA, OR",45.29984346,-122.3539746
2024-07-15,1.3,14210000,"CLACKAMAS RIVER AT ESTACADA, OR",45.29984346,-122.3539746
2024-07-16,1.3,14210000,"CLACKAMAS RIVER AT ESTACADA, OR",45.29984346,-122.3539746
2024-07-17,1.3,14210000,"CLACKAMAS RIVER AT ESTACADA, OR",45.29984346,-122.3539746
2024-07-18,1.5,14210000,"CLACKAMAS RIVER AT ESTACADA, OR",45.29984346,-122.3539746
2024-07-19,3.3,14210000,"CLACKAMAS RIVER AT ESTACADA, OR",45.29984346,-122.3539746
2024-07-20,2.0,14210000,"CLACKAMAS RIVER AT ESTACADA, OR",45.29984346,-122.3539746
2024-07-21,0.8,14210000,"CLACKAMAS RIVER AT ESTACADA, OR",45.29984346,-122.3539746
2024-07-22,1.1,14210000,"CLACKAMAS RIVER AT ESTACADA, OR",45.29984346,-122.3539746
2024-07-23,2.9,14210000,"CLACKAMAS RIVER AT ESTACADA, OR",45.29984346,-122.3539746
2024-07-24,1.3,14210000,"CLACKAMAS RIVER AT ESTACADA, OR",45.29984346,-122.3539746
2024-07-25,1.0,14210000,"CLACKAMAS RIVER AT ESTACADA, OR",45.29984346,-122.3539746
2024-07-26,0.9,14210000,"CLACKAMAS RIVER AT ESTACADA, OR",45.29984346,-122.3539746
2024-07-27,0.9,14210000,"CLACKAMAS RIVER AT ESTACADA, OR",45.29984346,-122.3539746
2024-07-28,1.3,14210000,"CLACKAMAS RIVER AT ESTACADA, OR",45.29984346,-122.3539746
2024-07-29,0.9,14210000,"CLACKAMAS RIVER AT ESTACADA, OR",45.29984346,-122.3539746
2024-07-30,1.1,14210000,"CLACKAMAS RIVER AT ESTACADA, OR",45.29984346,-122.3539746
2024-07-31,1.2,14210000,"CLACKAMAS RIVER AT ESTACADA, OR",45.29984346,-122.3539746
2024-08-01,1.2,14210000,"CLACKAMAS RIVER AT ESTACADA, OR",45.29984346,-122.3539746
2024-08-02,1.0,14210000,"CLACKAMAS RIVER AT ESTACADA, OR",45.29984346,-122.3539746
2024-08-03,1.5,14210000,"CLACKAMAS RIVER AT ESTACADA, OR",45.29984346,-122.3539746
2024-08-04,1.1,14210000,"CLACKAMAS RIVER AT ESTACADA, OR",45.29984346,-122.3539746
2024-08-05,1.9,14210000,"CLACKAMAS RIVER AT ESTACADA, OR",45.29984346,-122.3539746
2024-08-06,1.4,14210000,"CLACKAMAS RIVER AT ESTACADA, OR",45.29984346,-122.3539746
2024-08-07,1.6,14210000,"CLACKAMAS RIVER AT ESTACADA, OR",45.29984346,-122.3539746
2024-08-08,1.5,14210000,"CLACKAMAS RIVER AT ESTACADA, OR",45.29984346,-122.3539746
2024-08-09,1.0,14210000,"CLACKAMAS RIVER AT ESTACADA, OR",45.29984346,-122.3539746
2024-08-10,0.9,14210000,"CLACKAMAS RIVER AT ESTACADA, OR",45.29984346,-122.3539746
2024-08-11,1.2,14210000,"CLACKAMAS RIVER AT ESTACADA, OR",45.29984346,-122.3539746
2024-08-12,1.0,14210000,"CLACKAMAS RIVER AT ESTACADA, OR",45.29984346,-122.3539746
2024-08-13,1.5,14210000,"CLACKAMAS RIVER AT ESTACADA, OR",45.29984346,-122.3539746
2024-08-14,2.5,14210000,"CLACKAMAS RIVER AT ESTACADA, OR",45.29984346,-122.3539746
2024-08-15,1.3,14210000,"CLACKAMAS RIVER AT ESTACADA, OR",45.29984346,-122.3539746
2024-08-16,1.1,14210000,"CLACKAMAS RIVER AT ESTACADA, OR",45.29984346,-122.3539746
2024-08-17,2.7,14210000,"CLACKAMAS RIVER AT ESTACADA, OR",45.29984346,-122.3539746
2024-08-18,1.5,14210000,"CLACKAMAS RIVER AT ESTACADA, OR",45.29984346,-122.3539746
2024-08-19,1.9,14210000,"CLACKAMAS RIVER AT ESTACADA, OR",45.29984346,-122.3539746
2024-08-20,1.2,14210000,"CLACKAMAS RIVER AT ESTACADA, OR",45.29984346,-122.3539746
2024-08-21,1.3,14210000,"CLACKAMAS RIVER AT ESTACADA, OR",45.29984346,-122.3539746
2024-08-22,1.1,14210000,"CLACKAMAS RIVER AT ESTACADA, OR",45.29984346,-122.3539746
2024-08-23,1.7,14210000,"CLACKAMAS RIVER AT ESTACADA, OR",45.29984346,-122.3539746
2024-08-24,3.1,14210000,"CLACKAMAS RIVER AT ESTACADA, OR",45.29984346,-122.3539746
2024-08-25,1.4,14210000,"CLACKAMAS RIVER AT ESTACADA, OR",45.29984346,-122.3539746
2024-08-26,1.3,14210000,"CLACKAMAS RIVER AT ESTACADA, OR",45.29984346,-122.3539746
2024-08-27,1.7,14210000,"CLACKAMAS RIVER AT ESTACADA, OR",45.29984346,-122.3539746
2024-08-28,1.2,14210000,"CLACKAMAS RIVER AT ESTACADA, OR",45.29984346,-122.3539746
2024-08-29,1.3,14210000,"CLACKAMAS RIVER AT ESTACADA, OR",45.29984346,-122.3539746
2024-08-30,1.4,14210000,"CLACKAMAS RIVER AT ESTACADA, OR",45.29984346,-122.3539746
2024-08-31,1.1,14210000,"CLACKAMAS RIVER AT ESTACADA, OR",45.29984346,-122.3539746
2024-09-01,1.2,14210000,"CLACKAMAS RIVER AT ESTACADA, OR",45.29984346,-122.3539746
2024-09-02,1.7,14210000,"CLACKAMAS RIVER AT ESTACADA, OR",45.29984346,-122.3539746
2024-09-03,1.5,14210000,"CLACKAMAS RIVER AT ESTACADA, OR",45.29984346,-122.3539746
2024-09-04,1.3,14210000,"CLACKAMAS RIVER AT ESTACADA, OR",45.29984346,-122.3539746
2024-09-05,1.7,14210000,"CLACKAMAS RIVER AT ESTACADA, OR",45.29984346,-122.3539746
2024-09-06,1.1,14210000,"CLACKAMAS RIVER AT ESTACADA, OR",45.29984346,-122.3539746
2024-09-07,2.4,14210000,"CLACKAMAS RIVER AT ESTACADA, OR",45.29984346,-122.3539746
2024-09-08,1.1,14210000,"CLACKAMAS RIVER AT ESTACADA, OR",45.29984346,-122.3539746
2024-09-09,1.8,14210000,"CLACKAMAS RIVER AT ESTACADA, OR",45.29984346,-122.3539746
2024-09-10,1.9,14210000,"CLACKAMAS RIVER AT ESTACADA, OR",45.29984346,-122.3539746
2024-09-11,1.8,14210000,"CLACKAMAS RIVER AT ESTACADA, OR",45.29984346,-122.3539746
2024-09-12,1.4,14210000,"CLACKAMAS RIVER AT ESTACADA, OR",45.29984346,-122.3539746
2024-09-13,1.3,14210000,"CLACKAMAS RIVER AT ESTACADA, OR",45.29984346,-122.3539746
2024-09-14,1.5,14210000,"CLACKAMAS RIVER AT ESTACADA, OR",45.29984346,-122.3539746
2024-09-15,1.6,14210000,"CLACKAMAS RIVER AT ESTACADA, OR",45.29984346,-122.3539746
2024-09-16,1.8,14210000,"CLACKAMAS RIVER AT ESTACADA, OR",45.29984346,-122.3539746
2024-09-17,1.4,14210000,"CLACKAMAS RIVER AT ESTACADA, OR",45.29984346,-122.3539746
2024-09-18,1.7,14210000,"CLACKAMAS RIVER AT ESTACADA, OR",45.29984346,-122.3539746
2024-09-19,1.8,14210000,"CLACKAMAS RIVER AT ESTACADA, OR",45.29984346,-122.3539746
2024-09-20,1.5,14210000,"CLACKAMAS RIVER AT ESTACADA, OR",45.29984346,-122.3539746
2024-09-21,1.5,14210000,"CLACKAMAS RIVER AT ESTACADA, OR",45.29984346,-122.3539746
2024-09-22,1.5,14210000,"CLACKAMAS RIVER AT ESTACADA, OR",45.29984346,-122.3539746
2024-09-23,1.3,14210000,"CLACKAMAS RIVER AT ESTACADA, OR",45.29984346,-122.3539746
2024-09-24,1.2,14210000,"CLACKAMAS RIVER AT ESTACADA, OR",45.29984346,-122.3539746
2024-09-25,1.2,14210000,"CLACKAMAS RIVER AT ESTACADA, OR",45.29984346,-122.3539746
2024-09-26,1.3,14210000,"CLACKAMAS RIVER AT ESTACADA, OR",45.29984346,-122.3539746
2024-09-27,1.3,14210000,"CLACKAMAS RIVER AT ESTACADA, OR",45.29984346,-122.3539746
2024-09-28,1.5,14210000,"CLACKAMAS RIVER AT ESTACADA, OR",45.29984346,-122.3539746
2024-09-29,1.3,14210000,"CLACKAMAS RIVER AT ESTACADA, OR",45.29984346,-122.3539746
2024-09-30,1.2,14210000,"CLACKAMAS RIVER AT ESTACADA, OR",45.29984346,-122.3539746
2024-01-01,3.3,14211010,"CLACKAMAS RIVER NEAR OREGON CITY, OR",45.3792874,-122.5773134
2024-01-02,2.5,14211010,"CLACKAMAS RIVER NEAR OREGON CITY, OR",45.3792874,-122.5773134
2024-01-03,2.9,14211010,"CLACKAMAS RIVER NEAR OREGON CITY, OR",45.3792874,-122.5773134
2024-01-04,2.6,14211010,"CLACKAMAS RIVER NEAR OREGON CITY, OR",45.3792874,-122.5773134
2024-01-05,2.6,14211010,"CLACKAMAS RIVER NEAR OREGON CITY, OR",45.3792874,-122.5773134
2024-01-06,6.6,14211010,"CLACKAMAS RIVER NEAR OREGON CITY, OR",45.3792874,-122.5773134
2024-01-07,8.1,14211010,"CLACKAMAS RIVER NEAR OREGON CITY, OR",45.3792874,-122.5773134
2024-01-08,4.9,14211010,"CLACKAMAS RIVER NEAR OREGON CITY, OR",45.3792874,-122.5773134
2024-01-09,13.0,14211010,"CLACKAMAS RIVER NEAR OREGON CITY, OR",45.3792874,-122.5773134
2024-01-10,13.7,14211010,"CLACKAMAS RIVER NEAR OREGON CITY, OR",45.3792874,-122.5773134
2024-01-11,7.6,14211010,"CLACKAMAS RIVER NEAR OREGON CITY, OR",45.3792874,-122.5773134
2024-01-12,7.8,14211010,"CLACKAMAS RIVER NEAR OREGON CITY, OR",45.3792874,-122.5773134
2024-01-13,4.6,14211010,"CLACKAMAS RIVER NEAR OREGON CITY, OR",45.3792874,-122.5773134
2024-01-14,5.1,14211010,"CLACKAMAS RIVER NEAR OREGON CITY, OR",45.3792874,-122.5773134
2024-01-15,5.1,14211010,"CLACKAMAS RIVER NEAR OREGON CITY, OR",45.3792874,-122.5773134
2024-01-16,3.7,14211010,"CLACKAMAS RIVER NEAR OREGON CITY, OR",45.3792874,-122.5773134
2024-01-17,8.2,14211010,"CLACKAMAS RIVER NEAR OREGON CITY, OR",45.3792874,-122.5773134
2024-01-18,14.9,14211010,"CLACKAMAS RIVER NEAR OREGON CITY, OR",45.3792874,-122.5773134
2024-01-19,13.8,14211010,"CLACKAMAS RIVER NEAR OREGON CITY, OR",45.3792874,-122.5773134
2024-01-20,8.2,14211010,"CLACKAMAS RIVER NEAR OREGON CITY, OR",45.3792874,-122.5773134
2024-01-21,8.4,14211010,"CLACKAMAS RIVER NEAR OREGON CITY, OR",45.3792874,-122.5773134
2024-01-22,8.7,14211010,"CLACKAMAS RIVER NEAR OREGON CITY, OR",45.3792874,-122.5773134
2024-01-23,11.8,14211010,"CLACKAMAS RIVER NEAR OREGON CITY, OR",45.3792874,-122.5773134
2024-01-24,12.2,14211010,"CLACKAMAS RIVER NEAR OREGON CITY, OR",45.3792874,-122.5773134
2024-01-25,10.0,14211010,"CLACKAMAS RIVER NEAR OREGON CITY, OR",45.3792874,-122.5773134
2024-01-26,7.5,14211010,"CLACKAMAS RIVER NEAR OREGON CITY, OR",45.3792874,-122.5773134
2024-01-27,47.6,14211010,"CLACKAMAS RIVER NEAR OREGON CITY, OR",45.3792874,-122.5773134
2024-01-28,38.0,14211010,"CLACKAMAS RIVER NEAR OREGON CITY, OR",45.3792874,-122.5773134
2024-01-29,25.6,14211010,"CLACKAMAS RIVER NEAR OREGON CITY, OR",45.3792874,-122.5773134
2024-01-30,13.0,14211010,"CLACKAMAS RIVER NEAR OREGON CITY, OR",45.3792874,-122.5773134
2024-01-31,8.2,14211010,"CLACKAMAS RIVER NEAR OREGON CITY, OR",45.3792874,-122.5773134
2024-02-01,7.3,14211010,"CLACKAMAS RIVER NEAR OREGON CITY, OR",45.3792874,-122.5773134
2024-02-02,6.0,14211010,"CLACKAMAS RIVER NEAR OREGON CITY, OR",45.3792874,-122.5773134
2024-02-03,5.7,14211010,"CLACKAMAS RIVER NEAR OREGON CITY, OR",45.3792874,-122.5773134
2024-02-04,5.2,14211010,"CLACKAMAS RIVER NEAR OREGON CITY, OR",45.3792874,-122.5773134
2024-02-05,3.8,14211010,"CLACKAMAS RIVER NEAR OREGON CITY, OR",45.3792874,-122.5773134
2024-02-06,4.0,14211010,"CLACKAMAS RIVER NEAR OREGON CITY, OR",45.3792874,-122.5773134
2024-02-07,3.7,14211010,"CLACKAMAS RIVER NEAR OREGON CITY, OR",45.3792874,-122.5773134
2024-02-08,3.4,14211010,"CLACKAMAS RIVER NEAR OREGON CITY, OR",45.3792874,-122.5773134
2024-02-09,3.4,14211010,"CLACKAMAS RIVER NEAR OREGON CITY, OR",45.3792874,-122.5773134
2024-02-10,3.2,14211010,"CLACKAMAS RIVER NEAR OREGON CITY, OR",45.3792874,-122.5773134
2024-02-11,3.1,14211010,"CLACKAMAS RIVER NEAR OREGON CITY, OR",45.3792874,-122.5773134
2024-02-12,2.8,14211010,"CLACKAMAS RIVER NEAR OREGON CITY, OR",45.3792874,-122.5773134
2024-02-13,2.4,14211010,"CLACKAMAS RIVER NEAR OREGON CITY, OR",45.3792874,-122.5773134
2024-02-14,2.5,14211010,"CLACKAMAS RIVER NEAR OREGON CITY, OR",45.3792874,-122.5773134
2024-02-15,6.7,14211010,"CLACKAMAS RIVER NEAR OREGON CITY, OR",45.3792874,-122.5773134
2024-02-16,5.2,14211010,"CLACKAMAS RIVER NEAR OREGON CITY, OR",45.3792874,-122.5773134
2024-02-17,3.0,14211010,"CLACKAMAS RIVER NEAR OREGON CITY, OR",45.3792874,-122.5773134
2024-02-18,3.4,14211010,"CLACKAMAS RIVER NEAR OREGON CITY, OR",45.3792874,-122.5773134
2024-02-19,3.1,14211010,"CLACKAMAS RIVER NEAR OREGON CITY, OR",45.3792874,-122.5773134
2024-02-20,3.0,14211010,"CLACKAMAS RIVER NEAR OREGON CITY, OR",45.3792874,-122.5773134
2024-02-21,5.5,14211010,"CLACKAMAS RIVER NEAR OREGON CITY, OR",45.3792874,-122.5773134
2024-02-22,6.8,14211010,"CLACKAMAS RIVER NEAR OREGON CITY, OR",45.3792874,-122.5773134
2024-02-23,3.6,14211010,"CLACKAMAS RIVER NEAR OREGON CITY, OR",45.3792874,-122.5773134
2024-02-24,3.3,14211010,"CLACKAMAS RIVER NEAR OREGON CITY, OR",45.3792874,-122.5773134
2024-02-25,4.4,14211010,"CLACKAMAS RIVER NEAR OREGON CITY, OR",45.3792874,-122.5773134
2024-02-26,11.3,14211010,"CLACKAMAS RIVER NEAR OREGON CITY, OR",45.3792874,-122.5773134
2024-02-27,6.4,14211010,"CLACKAMAS RIVER NEAR OREGON CITY, OR",45.3792874,-122.5773134
2024-02-28,6.6,14211010,"CLACKAMAS RIVER NEAR OREGON CITY, OR",45.3792874,-122.5773134
2024-02-29,22.6,14211010,"CLACKAMAS RIVER NEAR OREGON CITY, OR",45.3792874,-122.5773134
2024-03-01,14.8,14211010,"CLACKAMAS RIVER NEAR OREGON CITY, OR",45.3792874,-122.5773134
2024-03-02,9.3,14211010,"CLACKAMAS RIVER NEAR OREGON CITY, OR",45.3792874,-122.5773134
2024-03-03,11.7,14211010,"CLACKAMAS RIVER NEAR OREGON CITY, OR",45.3792874,-122.5773134
2024-03-04,11.4,14211010,"CLACKAMAS RIVER NEAR OREGON CITY, OR",45.3792874,-122.5773134
2024-03-05,3.4,14211010,"CLACKAMAS RIVER NEAR OREGON CITY, OR",45.3792874,-122.5773134
2024-03-06,3.3,14211010,"CLACKAMAS RIVER NEAR OREGON CITY, OR",45.3792874,-122.5773134
2024-03-07,3.2,14211010,"CLACKAMAS RIVER NEAR OREGON CITY, OR",45.3792874,-122.5773134
2024-03-08,3.7,14211010,"CLACKAMAS RIVER NEAR OREGON CITY, OR",45.3792874,-122.5773134
2024-03-09,2.3,14211010,"CLACKAMAS RIVER NEAR OREGON CITY, OR",45.3792874,-122.5773134
2024-03-10,2.5,14211010,"CLACKAMAS RIVER NEAR OREGON CITY, OR",45.3792874,-122.5773134
2024-03-11,2.5,14211010,"CLACKAMAS RIVER NEAR OREGON CITY, OR",45.3792874,-122.5773134
2024-03-12,3.8,14211010,"CLACKAMAS RIVER NEAR OREGON CITY, OR",45.3792874,-122.5773134
2024-03-13,14.3,14211010,"CLACKAMAS RIVER NEAR OREGON CITY, OR",45.3792874,-122.5773134
2024-03-14,3.7,14211010,"CLACKAMAS RIVER NEAR OREGON CITY, OR",45.3792874,-122.5773134
2024-03-15,3.5,14211010,"CLACKAMAS RIVER NEAR OREGON CITY, OR",45.3792874,-122.5773134
2024-03-16,3.0,14211010,"CLACKAMAS RIVER NEAR OREGON CITY, OR",45.3792874,-122.5773134
2024-03-17,3.1,14211010,"CLACKAMAS RIVER NEAR OREGON CITY, OR",45.3792874,-122.5773134
2024-03-18,2.2,14211010,"CLACKAMAS RIVER NEAR OREGON CITY, OR",45.3792874,-122.5773134
2024-03-19,2.3,14211010,"CLACKAMAS RIVER NEAR OREGON CITY, OR",45.3792874,-122.5773134
2024-03-20,3.2,14211010,"CLACKAMAS RIVER NEAR OREGON CITY, OR",45.3792874,-122.5773134
2024-03-21,2.4,14211010,"CLACKAMAS RIVER NEAR OREGON CITY, OR",45.3792874,-122.5773134
2024-03-22,2.2,14211010,"CLACKAMAS RIVER NEAR OREGON CITY, OR",45.3792874,-122.5773134
2024-03-23,2.3,14211010,"CLACKAMAS RIVER NEAR OREGON CITY, OR",45.3792874,-122.5773134
2024-03-24,1.9,14211010,"CLACKAMAS RIVER NEAR OREGON CITY, OR",45.3792874,-122.5773134
2024-03-25,1.9,14211010,"CLACKAMAS RIVER NEAR OREGON CITY, OR",45.3792874,-122.5773134
2024-03-26,2.3,14211010,"CLACKAMAS RIVER NEAR OREGON CITY, OR",45.3792874,-122.5773134
2024-03-27,5.0,14211010,"CLACKAMAS RIVER NEAR OREGON CITY, OR",45.3792874,-122.5773134
2024-03-28,4.4,14211010,"CLACKAMAS RIVER NEAR OREGON CITY, OR",45.3792874,-122.5773134
2024-03-29,3.5,14211010,"CLACKAMAS RIVER NEAR OREGON CITY, OR",45.3792874,-122.5773134
2024-03-30,2.9,14211010,"CLACKAMAS RIVER NEAR OREGON CITY, OR",45.3792874,-122.5773134
2024-03-31,3.0,14211010,"CLACKAMAS RIVER NEAR OREGON CITY, OR",45.3792874,-122.5773134
2024-04-01,2.1,14211010,"CLACKAMAS RIVER NEAR OREGON CITY, OR",45.3792874,-122.5773134
2024-04-02,2.4,14211010,"CLACKAMAS RIVER NEAR OREGON CITY, OR",45.3792874,-122.5773134
2024-04-03,2.5,14211010,"CLACKAMAS RIVER NEAR OREGON CITY, OR",45.3792874,-122.5773134
2024-04-04,2.4,14211010,"CLACKAMAS RIVER NEAR OREGON CITY, OR",45.3792874,-122.5773134
2024-04-05,2.1,14211010,"CLACKAMAS RIVER NEAR OREGON CITY, OR",45.3792874,-122.5773134
2024-04-06,1.9,14211010,"CLACKAMAS RIVER NEAR OREGON CITY, OR",45.3792874,-122.5773134
2024-04-07,2.0,14211010,"CLACKAMAS RIVER NEAR OREGON CITY, OR",45.3792874,-122.5773134
2024-04-08,3.2,14211010,"CLACKAMAS RIVER NEAR OREGON CITY, OR",45.3792874,-122.5773134
2024-04-09,2.1,14211010,"CLACKAMAS RIVER NEAR OREGON CITY, OR",45.3792874,-122.5773134
2024-04-10,1.8,14211010,"CLACKAMAS RIVER NEAR OREGON CITY, OR",45.3792874,-122.5773134
2024-04-11,1.8,14211010,"CLACKAMAS RIVER NEAR OREGON CITY, OR",45.3792874,-122.5773134
2024-04-12,2.2,14211010,"CLACKAMAS RIVER NEAR OREGON CITY, OR",45.3792874,-122.5773134
2024-04-13,1.8,14211010,"CLACKAMAS RIVER NEAR OREGON CITY, OR",45.3792874,-122.5773134
2024-04-14,2.0,14211010,"CLACKAMAS RIVER NEAR OREGON CITY, OR",45.3792874,-122.5773134
2024-04-15,2.2,14211010,"CLACKAMAS RIVER NEAR OREGON CITY, OR",45.3792874,-122.5773134
2024-04-16,1.9,14211010,"CLACKAMAS RIVER NEAR OREGON CITY, OR",45.3792874,-122.5773134
2024-04-17,1.9,14211010,"CLACKAMAS RIVER NEAR OREGON CITY, OR",45.3792874,-122.5773134
2024-04-18,2.1,14211010,"CLACKAMAS RIVER NEAR OREGON CITY, OR",45.3792874,-122.5773134
2024-04-19,1.6,14211010,"CLACKAMAS RIVER NEAR OREGON CITY, OR",45.3792874,-122.5773134
2024-04-20,2.0,14211010,"CLACKAMAS RIVER NEAR OREGON CITY, OR",45.3792874,-122.5773134
2024-04-21,1.9,14211010,"CLACKAMAS RIVER NEAR OREGON CITY, OR",45.3792874,-122.5773134
2024-04-22,2.1,14211010,"CLACKAMAS RIVER NEAR OREGON CITY, OR",45.3792874,-122.5773134
2024-04-23,1.9,14211010,"CLACKAMAS RIVER NEAR OREGON CITY, OR",45.3792874,-122.5773134
2024-04-24,1.8,14211010,"CLACKAMAS RIVER NEAR OREGON CITY, OR",45.3792874,-122.5773134
2024-04-25,1.9,14211010,"CLACKAMAS RIVER NEAR OREGON CITY, OR",45.3792874,-122.5773134
2024-04-26,2.5,14211010,"CLACKAMAS RIVER NEAR OREGON CITY, OR",45.3792874,-122.5773134
2024-04-27,2.9,14211010,"CLACKAMAS RIVER NEAR OREGON CITY, OR",45.3792874,-122.5773134
2024-04-28,2.0,14211010,"CLACKAMAS RIVER NEAR OREGON CITY, OR",45.3792874,-122.5773134
2024-04-29,2.6,14211010,"CLACKAMAS RIVER NEAR OREGON CITY, OR",45.3792874,-122.5773134
2024-04-30,3.1,14211010,"CLACKAMAS RIVER NEAR OREGON CITY, OR",45.3792874,-122.5773134
2024-05-01,2.8,14211010,"CLACKAMAS RIVER NEAR OREGON CITY, OR",45.3792874,-122.5773134
2024-05-02,2.9,14211010,"CLACKAMAS RIVER NEAR OREGON CITY, OR",45.3792874,-122.5773134
2024-05-03,2.6,14211010,"CLACKAMAS RIVER NEAR OREGON CITY, OR",45.3792874,-122.5773134
2024-05-04,7.7,14211010,"CLACKAMAS RIVER NEAR OREGON CITY, OR",45.3792874,-122.5773134
2024-05-05,9.6,14211010,"CLACKAMAS RIVER NEAR OREGON CITY, OR",45.3792874,-122.5773134
2024-05-06,6.8,14211010,"CLACKAMAS RIVER NEAR OREGON CITY, OR",45.3792874,-122.5773134
2024-05-07,6.1,14211010,"CLACKAMAS RIVER NEAR OREGON CITY, OR",45.3792874,-122.5773134
2024-05-08,4.6,14211010,"CLACKAMAS RIVER NEAR OREGON CITY, OR",45.3792874,-122.5773134
2024-05-09,4.0,14211010,"CLACKAMAS RIVER NEAR OREGON CITY, OR",45.3792874,-122.5773134
2024-05-10,3.4,14211010,"CLACKAMAS RIVER NEAR OREGON CITY, OR",45.3792874,-122.5773134
2024-05-11,3.6,14211010,"CLACKAMAS RIVER NEAR OREGON CITY, OR",45.3792874,-122.5773134
2024-05-12,3.2,14211010,"CLACKAMAS RIVER NEAR OREGON CITY, OR",45.3792874,-122.5773134
2024-05-13,2.3,14211010,"CLACKAMAS RIVER NEAR OREGON CITY, OR",45.3792874,-122.5773134
2024-05-14,2.5,14211010,"CLACKAMAS RIVER NEAR OREGON CITY, OR",45.3792874,-122.5773134
2024-05-15,2.1,14211010,"CLACKAMAS RIVER NEAR OREGON CITY, OR",45.3792874,-122.5773134
2024-05-16,2.8,14211010,"CLACKAMAS RIVER NEAR OREGON CITY, OR",45.3792874,-122.5773134
2024-05-17,2.1,14211010,"CLACKAMAS RIVER NEAR OREGON CITY, OR",45.3792874,-122.5773134
2024-05-18,2.0,14211010,"CLACKAMAS RIVER NEAR OREGON CITY, OR",45.3792874,-122.5773134
2024-05-19,1.8,14211010,"CLACKAMAS RIVER NEAR OREGON CITY, OR",45.3792874,-122.5773134
2024-05-20,1.9,14211010,"CLACKAMAS RIVER NEAR OREGON CITY, OR",45.3792874,-122.5773134
2024-05-21,2.8,14211010,"CLACKAMAS RIVER NEAR OREGON CITY, OR",45.3792874,-122.5773134
2024-05-22,2.7,14211010,"CLACKAMAS RIVER NEAR OREGON CITY, OR",45.3792874,-122.5773134
2024-05-23,2.4,14211010,"CLACKAMAS RIVER NEAR OREGON CITY, OR",45.3792874,-122.5773134
2024-05-24,2.6,14211010,"CLACKAMAS RIVER NEAR OREGON CITY, OR",45.3792874,-122.5773134
2024-05-25,2.3,14211010,"CLACKAMAS RIVER NEAR OREGON CITY, OR",45.3792874,-122.5773134
2024-05-26,1.8,14211010,"CLACKAMAS RIVER NEAR OREGON CITY, OR",45.3792874,-122.5773134
2024-05-27,2.0,14211010,"CLACKAMAS RIVER NEAR OREGON CITY, OR",45.3792874,-122.5773134
2024-05-28,4.2,14211010,"CLACKAMAS RIVER NEAR OREGON CITY, OR",45.3792874,-122.5773134
2024-05-29,1.9,14211010,"CLACKAMAS RIVER NEAR OREGON CITY, OR",45.3792874,-122.5773134
2024-05-30,48.1,14211010,"CLACKAMAS RIVER NEAR OREGON CITY, OR",45.3792874,-122.5773134
2024-05-31,2.8,14211010,"CLACKAMAS RIVER NEAR OREGON CITY, OR",45.3792874,-122.5773134
2024-06-01,2.0,14211010,"CLACKAMAS RIVER NEAR OREGON CITY, OR",45.3792874,-122.5773134
2024-06-02,2.3,14211010,"CLACKAMAS RIVER NEAR OREGON CITY, OR",45.3792874,-122.5773134
2024-06-03,14.3,14211010,"CLACKAMAS RIVER NEAR OREGON CITY, OR",45.3792874,-122.5773134
2024-06-04,5.7,14211010,"CLACKAMAS RIVER NEAR OREGON CITY, OR",45.3792874,-122.5773134
2024-06-05,4.4,14211010,"CLACKAMAS RIVER NEAR OREGON CITY, OR",45.3792874,-122.5773134
2024-06-06,3.8,14211010,"CLACKAMAS RIVER NEAR OREGON CITY, OR",45.3792874,-122.5773134
2024-06-07,5.5,14211010,"CLACKAMAS RIVER NEAR OREGON CITY, OR",45.3792874,-122.5773134
2024-06-08,2.4,14211010,"CLACKAMAS RIVER NEAR OREGON CITY, OR",45.3792874,-122.5773134
2024-06-09,2.2,14211010,"CLACKAMAS RIVER NEAR OREGON CITY, OR",45.3792874,-122.5773134
2024-06-10,2.1,14211010,"CLACKAMAS RIVER NEAR OREGON CITY, OR",45.3792874,-122.5773134
2024-06-11,1.7,14211010,"CLACKAMAS RIVER NEAR OREGON CITY, OR",45.3792874,-122.5773134
2024-06-12,2.0,14211010,"CLACKAMAS RIVER NEAR OREGON CITY, OR",45.3792874,-122.5773134
2024-06-13,1.7,14211010,"CLACKAMAS RIVER NEAR OREGON CITY, OR",45.3792874,-122.5773134
2024-06-14,1.9,14211010,"CLACKAMAS RIVER NEAR OREGON CITY, OR",45.3792874,-122.5773134
2024-06-15,2.7,14211010,"CLACKAMAS RIVER NEAR OREGON CITY, OR",45.3792874,-122.5773134
2024-06-16,2.7,14211010,"CLACKAMAS RIVER NEAR OREGON CITY, OR",45.3792874,-122.5773134
2024-06-17,2.6,14211010,"CLACKAMAS RIVER NEAR OREGON CITY, OR",45.3792874,-122.5773134
2024-06-18,2.5,14211010,"CLACKAMAS RIVER NEAR OREGON CITY, OR",45.3792874,-122.5773134
2024-06-19,2.4,14211010,"CLACKAMAS RIVER NEAR OREGON CITY, OR",45.3792874,-122.5773134
2024-06-20,2.7,14211010,"CLACKAMAS RIVER NEAR OREGON CITY, OR",45.3792874,-122.5773134
2024-06-21,2.5,14211010,"CLACKAMAS RIVER NEAR OREGON CITY, OR",45.3792874,-122.5773134
2024-06-22,2.5,14211010,"CLACKAMAS RIVER NEAR OREGON CITY, OR",45.3792874,-122.5773134
2024-06-23,2.6,14211010,"CLACKAMAS RIVER NEAR OREGON CITY, OR",45.3792874,-122.5773134
2024-06-24,3.2,14211010,"CLACKAMAS RIVER NEAR OREGON CITY, OR",45.3792874,-122.5773134
2024-06-25,2.8,14211010,"CLACKAMAS RIVER NEAR OREGON CITY, OR",45.3792874,-122.5773134
2024-06-26,2.7,14211010,"CLACKAMAS RIVER NEAR OREGON CITY, OR",45.3792874,-122.5773134
2024-06-27,3.4,14211010,"CLACKAMAS RIVER NEAR OREGON CITY, OR",45.3792874,-122.5773134
2024-06-28,2.7,14211010,"CLACKAMAS RIVER NEAR OREGON CITY, OR",45.3792874,-122.5773134
2024-06-29,2.6,14211010,"CLACKAMAS RIVER NEAR OREGON CITY, OR",45.3792874,-122.5773134
2024-06-30,2.7,14211010,"CLACKAMAS RIVER NEAR OREGON CITY, OR",45.3792874,-122.5773134
2024-07-01,3.1,14211010,"CLACKAMAS RIVER NEAR OREGON CITY, OR",45.3792874,-122.5773134
2024-07-02,2.7,14211010,"CLACKAMAS RIVER NEAR OREGON CITY, OR",45.3792874,-122.5773134
2024-07-03,3.2,14211010,"CLACKAMAS RIVER NEAR OREGON CITY, OR",45.3792874,-122.5773134
2024-07-04,2.8,14211010,"CLACKAMAS RIVER NEAR OREGON CITY, OR",45.3792874,-122.5773134
2024-07-05,3.3,14211010,"CLACKAMAS RIVER NEAR OREGON CITY, OR",45.3792874,-122.5773134
2024-07-06,3.3,14211010,"CLACKAMAS RIVER NEAR OREGON CITY, OR",45.3792874,-122.5773134
2024-07-07,3.2,14211010,"CLACKAMAS RIVER NEAR OREGON CITY, OR",45.3792874,-122.5773134
2024-07-08,2.6,14211010,"CLACKAMAS RIVER NEAR OREGON CITY, OR",45.3792874,-122.5773134
2024-07-09,2.5,14211010,"CLACKAMAS RIVER NEAR OREGON CITY, OR",45.3792874,-122.5773134
2024-07-10,2.5,14211010,"CLACKAMAS RIVER NEAR OREGON CITY, OR",45.3792874,-122.5773134
2024-07-11,2.7,14211010,"CLACKAMAS RIVER NEAR OREGON CITY, OR",45.3792874,-122.5773134
2024-07-12,2.7,14211010,"CLACKAMAS RIVER NEAR OREGON CITY, OR",45.3792874,-122.5773134
2024-07-13,2.5,14211010,"CLACKAMAS RIVER NEAR OREGON CITY, OR",45.3792874,-122.5773134
2024-07-14,2.2,14211010,"CLACKAMAS RIVER NEAR OREGON CITY, OR",45.3792874,-122.5773134
2024-07-15,2.8,14211010,"CLACKAMAS RIVER NEAR OREGON CITY, OR",45.3792874,-122.5773134
2024-07-16,2.2,14211010,"CLACKAMAS RIVER NEAR OREGON CITY, OR",45.3792874,-122.5773134
2024-07-17,2.4,14211010,"CLACKAMAS RIVER NEAR OREGON CITY, OR",45.3792874,-122.5773134
2024-07-18,1.7,14211010,"CLACKAMAS RIVER NEAR OREGON CITY, OR",45.3792874,-122.5773134
2024-07-19,1.9,14211010,"CLACKAMAS RIVER NEAR OREGON CITY, OR",45.3792874,-122.5773134
2024-07-20,1.2,14211010,"CLACKAMAS RIVER NEAR OREGON CITY, OR",45.3792874,-122.5773134
2024-07-21,1.7,14211010,"CLACKAMAS RIVER NEAR OREGON CITY, OR",45.3792874,-122.5773134
2024-07-22,1.2,14211010,"CLACKAMAS RIVER NEAR OREGON CITY, OR",45.3792874,-122.5773134
2024-07-23,1.6,14211010,"CLACKAMAS RIVER NEAR OREGON CITY, OR",45.3792874,-122.5773134
2024-07-24,1.0,14211010,"CLACKAMAS RIVER NEAR OREGON CITY, OR",45.3792874,-122.5773134
2024-07-25,1.6,14211010,"CLACKAMAS RIVER NEAR OREGON CITY, OR",45.3792874,-122.5773134
2024-07-26,2.0,14211010,"CLACKAMAS RIVER NEAR OREGON CITY, OR",45.3792874,-122.5773134
2024-07-27,1.3,14211010,"CLACKAMAS RIVER NEAR OREGON CITY, OR",45.3792874,-122.5773134
2024-07-28,2.0,14211010,"CLACKAMAS RIVER NEAR OREGON CITY, OR",45.3792874,-122.5773134
2024-07-29,1.3,14211010,"CLACKAMAS RIVER NEAR OREGON CITY, OR",45.3792874,-122.5773134
2024-07-30,1.3,14211010,"CLACKAMAS RIVER NEAR OREGON CITY, OR",45.3792874,-122.5773134
2024-07-31,1.6,14211010,"CLACKAMAS RIVER NEAR OREGON CITY, OR",45.3792874,-122.5773134
2024-08-01,1.3,14211010,"CLACKAMAS RIVER NEAR OREGON CITY, OR",45.3792874,-122.5773134
2024-08-02,1.4,14211010,"CLACKAMAS RIVER NEAR OREGON CITY, OR",45.3792874,-122.5773134
2024-08-03,1.1,14211010,"CLACKAMAS RIVER NEAR OREGON CITY, OR",45.3792874,-122.5773134
2024-08-04,1.3,14211010,"CLACKAMAS RIVER NEAR OREGON CITY, OR",45.3792874,-122.5773134
2024-08-05,1.4,14211010,"CLACKAMAS RIVER NEAR OREGON CITY, OR",45.3792874,-122.5773134
2024-08-06,1.3,14211010,"CLACKAMAS RIVER NEAR OREGON CITY, OR",45.3792874,-122.5773134
2024-08-07,1.0,14211010,"CLACKAMAS RIVER NEAR OREGON CITY, OR",45.3792874,-122.5773134
2024-08-08,2.2,14211010,"CLACKAMAS RIVER NEAR OREGON CITY, OR",45.3792874,-122.5773134
2024-08-09,1.3,14211010,"CLACKAMAS RIVER NEAR OREGON CITY, OR",45.3792874,-122.5773134
2024-08-10,1.3,14211010,"CLACKAMAS RIVER NEAR OREGON CITY, OR",45.3792874,-122.5773134
2024-08-11,1.2,14211010,"CLACKAMAS RIVER NEAR OREGON CITY, OR",45.3792874,-122.5773134
2024-08-12,1.8,14211010,"CLACKAMAS RIVER NEAR OREGON CITY, OR",45.3792874,-122.5773134
2024-08-13,1.6,14211010,"CLACKAMAS RIVER NEAR OREGON CITY, OR",45.3792874,-122.5773134
2024-08-14,2.0,14211010,"CLACKAMAS RIVER NEAR OREGON CITY, OR",45.3792874,-122.5773134
2024-08-15,1.9,14211010,"CLACKAMAS RIVER NEAR OREGON CITY, OR",45.3792874,-122.5773134
2024-08-16,1.7,14211010,"CLACKAMAS RIVER NEAR OREGON CITY, OR",45.3792874,-122.5773134
2024-08-17,2.1,14211010,"CLACKAMAS RIVER NEAR OREGON CITY, OR",45.3792874,-122.5773134
2024-08-18,2.8,14211010,"CLACKAMAS RIVER NEAR OREGON CITY, OR",45.3792874,-122.5773134
2024-08-19,1.9,14211010,"CLACKAMAS RIVER NEAR OREGON CITY, OR",45.3792874,-122.5773134
2024-08-20,1.8,14211010,"CLACKAMAS RIVER NEAR OREGON CITY, OR",45.3792874,-122.5773134
2024-08-21,1.4,14211010,"CLACKAMAS RIVER NEAR OREGON CITY, OR",45.3792874,-122.5773134
2024-08-22,1.4,14211010,"CLACKAMAS RIVER NEAR OREGON CITY, OR",45.3792874,-122.5773134
2024-08-23,2.2,14211010,"CLACKAMAS RIVER NEAR OREGON CITY, OR",45.3792874,-122.5773134
2024-08-24,2.1,14211010,"CLACKAMAS RIVER NEAR OREGON CITY, OR",45.3792874,-122.5773134
2024-08-25,1.7,14211010,"CLACKAMAS RIVER NEAR OREGON CITY, OR",45.3792874,-122.5773134
2024-08-26,2.0,14211010,"CLACKAMAS RIVER NEAR OREGON CITY, OR",45.3792874,-122.5773134
2024-08-27,1.7,14211010,"CLACKAMAS RIVER NEAR OREGON CITY, OR",45.3792874,-122.5773134
2024-08-28,1.6,14211010,"CLACKAMAS RIVER NEAR OREGON CITY, OR",45.3792874,-122.5773134
2024-08-29,2.0,14211010,"CLACKAMAS RIVER NEAR OREGON CITY, OR",45.3792874,-122.5773134
2024-08-30,2.0,14211010,"CLACKAMAS RIVER NEAR OREGON CITY, OR",45.3792874,-122.5773134
2024-08-31,2.4,14211010,"CLACKAMAS RIVER NEAR OREGON CITY, OR",45.3792874,-122.5773134
2024-09-01,2.6,14211010,"CLACKAMAS RIVER NEAR OREGON CITY, OR",45.3792874,-122.5773134
2024-09-02,3.2,14211010,"CLACKAMAS RIVER NEAR OREGON CITY, OR",45.3792874,-122.5773134
2024-09-03,2.8,14211010,"CLACKAMAS RIVER NEAR OREGON CITY, OR",45.3792874,-122.5773134
2024-09-04,2.9,14211010,"CLACKAMAS RIVER NEAR OREGON CITY, OR",45.3792874,-122.5773134
2024-09-05,3.4,14211010,"CLACKAMAS RIVER NEAR OREGON CITY, OR",45.3792874,-122.5773134
2024-09-06,3.5,14211010,"CLACKAMAS RIVER NEAR OREGON CITY, OR",45.3792874,-122.5773134
2024-09-07,3.3,14211010,"CLACKAMAS RIVER NEAR OREGON CITY, OR",45.3792874,-122.5773134
2024-09-08,3.6,14211010,"CLACKAMAS RIVER NEAR OREGON CITY, OR",45.3792874,-122.5773134
2024-09-09,3.4,14211010,"CLACKAMAS RIVER NEAR OREGON CITY, OR",45.3792874,-122.5773134
2024-09-10,3.9,14211010,"CLACKAMAS RIVER NEAR OREGON CITY, OR",45.3792874,-122.5773134
2024-09-11,3.8,14211010,"CLACKAMAS RIVER NEAR OREGON CITY, OR",45.3792874,-122.5773134
2024-09-12,6.3,14211010,"CLACKAMAS RIVER NEAR OREGON CITY, OR",45.3792874,-122.5773134
2024-09-13,4.8,14211010,"CLACKAMAS RIVER NEAR OREGON CITY, OR",45.3792874,-122.5773134
2024-09-14,4.2,14211010,"CLACKAMAS RIVER NEAR OREGON CITY, OR",45.3792874,-122.5773134
2024-09-15,4.0,14211010,"CLACKAMAS RIVER NEAR OREGON CITY, OR",45.3792874,-122.5773134
2024-09-16,4.3,14211010,"CLACKAMAS RIVER NEAR OREGON CITY, OR",45.3792874,-122.5773134
2024-09-17,4.5,14211010,"CLACKAMAS RIVER NEAR OREGON CITY, OR",45.3792874,-122.5773134
2024-09-18,5.1,14211010,"CLACKAMAS RIVER NEAR OREGON CITY, OR",45.3792874,-122.5773134
2024-09-19,4.4,14211010,"CLACKAMAS RIVER NEAR OREGON CITY, OR",45.3792874,-122.5773134
2024-09-20,4.7,14211010,"CLACKAMAS RIVER NEAR OREGON CITY, OR",45.3792874,-122.5773134
2024-09-21,4.3,14211010,"CLACKAMAS RIVER NEAR OREGON CITY, OR",45.3792874,-122.5773134
2024-09-22,4.3,14211010,"CLACKAMAS RIVER NEAR OREGON CITY, OR",45.3792874,-122.5773134
2024-09-23,4.1,14211010,"CLACKAMAS RIVER NEAR OREGON CITY, OR",45.3792874,-122.5773134
2024-09-24,3.9,14211010,"CLACKAMAS RIVER NEAR OREGON CITY, OR",45.3792874,-122.5773134
2024-09-25,5.0,14211010,"CLACKAMAS RIVER NEAR OREGON CITY, OR",45.3792874,-122.5773134
2024-09-26,4.5,14211010,"CLACKAMAS RIVER NEAR OREGON CITY, OR",45.3792874,-122.5773134
2024-09-27,2.5,14211010,"CLACKAMAS RIVER NEAR OREGON CITY, OR",45.3792874,-122.5773134
2024-09-28,2.6,14211010,"CLACKAMAS RIVER NEAR OREGON CITY, OR",45.3792874,-122.5773134
2024-09-29,1.7,14211010,"CLACKAMAS RIVER NEAR OREGON CITY, OR",45.3792874,-122.5773134
2024-09-30,1.7,14211010,"CLACKAMAS RIVER NEAR OREGON CITY, OR",45.3792874,-122.5773134
2024-01-01,17.2,14211400,"JOHNSON CREEK AT REGNER ROAD, AT GRESHAM, OR",45.4863333,-122.4218333
2024-01-02,13.3,14211400,"JOHNSON CREEK AT REGNER ROAD, AT GRESHAM, OR",45.4863333,-122.4218333
2024-01-03,38.2,14211400,"JOHNSON CREEK AT REGNER ROAD, AT GRESHAM, OR",45.4863333,-122.4218333
2024-01-04,58.9,14211400,"JOHNSON CREEK AT REGNER ROAD, AT GRESHAM, OR",45.4863333,-122.4218333
2024-01-05,33.5,14211400,"JOHNSON CREEK AT REGNER ROAD, AT GRESHAM, OR",45.4863333,-122.4218333
2024-01-06,119.0,14211400,"JOHNSON CREEK AT REGNER ROAD, AT GRESHAM, OR",45.4863333,-122.4218333
2024-01-07,96.8,14211400,"JOHNSON CREEK AT REGNER ROAD, AT GRESHAM, OR",45.4863333,-122.4218333
2024-01-08,50.9,14211400,"JOHNSON CREEK AT REGNER ROAD, AT GRESHAM, OR",45.4863333,-122.4218333
2024-01-09,169.0,14211400,"JOHNSON CREEK AT REGNER ROAD, AT GRESHAM, OR",45.4863333,-122.4218333
2024-01-10,123.0,14211400,"JOHNSON CREEK AT REGNER ROAD, AT GRESHAM, OR",45.4863333,-122.4218333
2024-01-11,44.2,14211400,"JOHNSON CREEK AT REGNER ROAD, AT GRESHAM, OR",45.4863333,-122.4218333
2024-01-12,76.4,14211400,"JOHNSON CREEK AT REGNER ROAD, AT GRESHAM, OR",45.4863333,-122.4218333
2024-01-13,31.3,14211400,"JOHNSON CREEK AT REGNER ROAD, AT GRESHAM, OR",45.4863333,-122.4218333
2024-01-14,25.6,14211400,"JOHNSON CREEK AT REGNER ROAD, AT GRESHAM, OR",45.4863333,-122.4218333
2024-01-15,21.3,14211400,"JOHNSON CREEK AT REGNER ROAD, AT GRESHAM, OR",45.4863333,-122.4218333
2024-01-16,18.3,14211400,"JOHNSON CREEK AT REGNER ROAD, AT GRESHAM, OR",45.4863333,-122.4218333
2024-01-17,30.6,14211400,"JOHNSON CREEK AT REGNER ROAD, AT GRESHAM, OR",45.4863333,-122.4218333
2024-01-18,82.2,14211400,"JOHNSON CREEK AT REGNER ROAD, AT GRESHAM, OR",45.4863333,-122.4218333
2024-01-19,33.3,14211400,"JOHNSON CREEK AT REGNER ROAD, AT GRESHAM, OR",45.4863333,-122.4218333
2024-01-20,18.6,14211400,"JOHNSON CREEK AT REGNER ROAD, AT GRESHAM, OR",45.4863333,-122.4218333
2024-01-21,79.8,14211400,"JOHNSON CREEK AT REGNER ROAD, AT GRESHAM, OR",45.4863333,-122.4218333
2024-01-22,86.1,14211400,"JOHNSON CREEK AT REGNER ROAD, AT GRESHAM, OR",45.4863333,-122.4218333
2024-01-23,51.5,14211400,"JOHNSON CREEK AT REGNER ROAD, AT GRESHAM, OR",45.4863333,-122.4218333
2024-01-24,116.0,14211400,"JOHNSON CREEK AT REGNER ROAD, AT GRESHAM, OR",45.4863333,-122.4218333
2024-01-25,113.0,14211400,"JOHNSON CREEK AT REGNER ROAD, AT GRESHAM, OR",45.4863333,-122.4218333
2024-01-26,96.3,14211400,"JOHNSON CREEK AT REGNER ROAD, AT GRESHAM, OR",45.4863333,-122.4218333
2024-01-27,160.0,14211400,"JOHNSON CREEK AT REGNER ROAD, AT GRESHAM, OR",45.4863333,-122.4218333
2024-01-28,44.9,14211400,"JOHNSON CREEK AT REGNER ROAD, AT GRESHAM, OR",45.4863333,-122.4218333
2024-01-29,24.8,14211400,"JOHNSON CREEK AT REGNER ROAD, AT GRESHAM, OR",45.4863333,-122.4218333
2024-01-30,18.7,14211400,"JOHNSON CREEK AT REGNER ROAD, AT GRESHAM, OR",45.4863333,-122.4218333
2024-01-31,16.8,14211400,"JOHNSON CREEK AT REGNER ROAD, AT GRESHAM, OR",45.4863333,-122.4218333
2024-02-01,15.3,14211400,"JOHNSON CREEK AT REGNER ROAD, AT GRESHAM, OR",45.4863333,-122.4218333
2024-02-02,13.2,14211400,"JOHNSON CREEK AT REGNER ROAD, AT GRESHAM, OR",45.4863333,-122.4218333
2024-02-03,14.1,14211400,"JOHNSON CREEK AT REGNER ROAD, AT GRESHAM, OR",45.4863333,-122.4218333
2024-02-04,13.8,14211400,"JOHNSON CREEK AT REGNER ROAD, AT GRESHAM, OR",45.4863333,-122.4218333
2024-02-05,24.5,14211400,"JOHNSON CREEK AT REGNER ROAD, AT GRESHAM, OR",45.4863333,-122.4218333
2024-02-06,26.2,14211400,"JOHNSON CREEK AT REGNER ROAD, AT GRESHAM, OR",45.4863333,-122.4218333
2024-02-07,20.1,14211400,"JOHNSON CREEK AT REGNER ROAD, AT GRESHAM, OR",45.4863333,-122.4218333
2024-02-08,21.3,14211400,"JOHNSON CREEK AT REGNER ROAD, AT GRESHAM, OR",45.4863333,-122.4218333
2024-02-09,26.4,14211400,"JOHNSON CREEK AT REGNER ROAD, AT GRESHAM, OR",45.4863333,-122.4218333
2024-02-10,21.9,14211400,"JOHNSON CREEK AT REGNER ROAD, AT GRESHAM, OR",45.4863333,-122.4218333
2024-02-11,14.2,14211400,"JOHNSON CREEK AT REGNER ROAD, AT GRESHAM, OR",45.4863333,-122.4218333
2024-02-12,11.8,14211400,"JOHNSON CREEK AT REGNER ROAD, AT GRESHAM, OR",45.4863333,-122.4218333
2024-02-13,11.0,14211400,"JOHNSON CREEK AT REGNER ROAD, AT GRESHAM, OR",45.4863333,-122.4218333
2024-02-14,22.9,14211400,"JOHNSON CREEK AT REGNER ROAD, AT GRESHAM, OR",45.4863333,-122.4218333
2024-02-15,128.0,14211400,"JOHNSON CREEK AT REGNER ROAD, AT GRESHAM, OR",45.4863333,-122.4218333
2024-02-16,88.7,14211400,"JOHNSON CREEK AT REGNER ROAD, AT GRESHAM, OR",45.4863333,-122.4218333
2024-02-17,36.9,14211400,"JOHNSON CREEK AT REGNER ROAD, AT GRESHAM, OR",45.4863333,-122.4218333
2024-02-18,21.8,14211400,"JOHNSON CREEK AT REGNER ROAD, AT GRESHAM, OR",45.4863333,-122.4218333
2024-02-19,15.7,14211400,"JOHNSON CREEK AT REGNER ROAD, AT GRESHAM, OR",45.4863333,-122.4218333
2024-02-20,20.5,14211400,"JOHNSON CREEK AT REGNER ROAD, AT GRESHAM, OR",45.4863333,-122.4218333
2024-02-21,78.0,14211400,"JOHNSON CREEK AT REGNER ROAD, AT GRESHAM, OR",45.4863333,-122.4218333
2024-02-22,92.4,14211400,"JOHNSON CREEK AT REGNER ROAD, AT GRESHAM, OR",45.4863333,-122.4218333
2024-02-23,36.9,14211400,"JOHNSON CREEK AT REGNER ROAD, AT GRESHAM, OR",45.4863333,-122.4218333
2024-02-24,19.3,14211400,"JOHNSON CREEK AT REGNER ROAD, AT GRESHAM, OR",45.4863333,-122.4218333
2024-02-25,41.2,14211400,"JOHNSON CREEK AT REGNER ROAD, AT GRESHAM, OR",45.4863333,-122.4218333
2024-02-26,142.0,14211400,"JOHNSON CREEK AT REGNER ROAD, AT GRESHAM, OR",45.4863333,-122.4218333
2024-02-27,63.1,14211400,"JOHNSON CREEK AT REGNER ROAD, AT GRESHAM, OR",45.4863333,-122.4218333
2024-02-28,36.3,14211400,"JOHNSON CREEK AT REGNER ROAD, AT GRESHAM, OR",45.4863333,-122.4218333
2024-02-29,243.0,14211400,"JOHNSON CREEK AT REGNER ROAD, AT GRESHAM, OR",45.4863333,-122.4218333
2024-03-01,75.1,14211400,"JOHNSON CREEK AT REGNER ROAD, AT GRESHAM, OR",45.4863333,-122.4218333
2024-03-02,49.6,14211400,"JOHNSON CREEK AT REGNER ROAD, AT GRESHAM, OR",45.4863333,-122.4218333
2024-03-03,30.2,14211400,"JOHNSON CREEK AT REGNER ROAD, AT GRESHAM, OR",45.4863333,-122.4218333
2024-03-04,20.7,14211400,"JOHNSON CREEK AT REGNER ROAD, AT GRESHAM, OR",45.4863333,-122.4218333
2024-03-05,17.4,14211400,"JOHNSON CREEK AT REGNER ROAD, AT GRESHAM, OR",45.4863333,-122.4218333
2024-03-06,16.1,14211400,"JOHNSON CREEK AT REGNER ROAD, AT GRESHAM, OR",45.4863333,-122.4218333
2024-03-07,14.0,14211400,"JOHNSON CREEK AT REGNER ROAD, AT GRESHAM, OR",45.4863333,-122.4218333
2024-03-08,11.3,14211400,"JOHNSON CREEK AT REGNER ROAD, AT GRESHAM, OR",45.4863333,-122.4218333
2024-03-09,15.5,14211400,"JOHNSON CREEK AT REGNER ROAD, AT GRESHAM, OR",45.4863333,-122.4218333
2024-03-10,20.9,14211400,"JOHNSON CREEK AT REGNER ROAD, AT GRESHAM, OR",45.4863333,-122.4218333
2024-03-11,21.1,14211400,"JOHNSON CREEK AT REGNER ROAD, AT GRESHAM, OR",45.4863333,-122.4218333
2024-03-12,39.8,14211400,"JOHNSON CREEK AT REGNER ROAD, AT GRESHAM, OR",45.4863333,-122.4218333
2024-03-13,34.3,14211400,"JOHNSON CREEK AT REGNER ROAD, AT GRESHAM, OR",45.4863333,-122.4218333
2024-03-14,18.7,14211400,"JOHNSON CREEK AT REGNER ROAD, AT GRESHAM, OR",45.4863333,-122.4218333
2024-03-15,15.0,14211400,"JOHNSON CREEK AT REGNER ROAD, AT GRESHAM, OR",45.4863333,-122.4218333
2024-03-16,14.4,14211400,"JOHNSON CREEK AT REGNER ROAD, AT GRESHAM, OR",45.4863333,-122.4218333
2024-03-17,12.1,14211400,"JOHNSON CREEK AT REGNER ROAD, AT GRESHAM, OR",45.4863333,-122.4218333
2024-03-18,10.9,14211400,"JOHNSON CREEK AT REGNER ROAD, AT GRESHAM, OR",45.4863333,-122.4218333
2024-03-19,10.9,14211400,"JOHNSON CREEK AT REGNER ROAD, AT GRESHAM, OR",45.4863333,-122.4218333
2024-03-20,10.0,14211400,"JOHNSON CREEK AT REGNER ROAD, AT GRESHAM, OR",45.4863333,-122.4218333
2024-03-21,8.4,14211400,"JOHNSON CREEK AT REGNER ROAD, AT GRESHAM, OR",45.4863333,-122.4218333
2024-03-22,9.9,14211400,"JOHNSON CREEK AT REGNER ROAD, AT GRESHAM, OR",45.4863333,-122.4218333
2024-03-23,11.8,14211400,"JOHNSON CREEK AT REGNER ROAD, AT GRESHAM, OR",45.4863333,-122.4218333
2024-03-24,12.0,14211400,"JOHNSON CREEK AT REGNER ROAD, AT GRESHAM, OR",45.4863333,-122.4218333
2024-03-25,242.0,14211400,"JOHNSON CREEK AT REGNER ROAD, AT GRESHAM, OR",45.4863333,-122.4218333
2024-03-26,198.0,14211400,"JOHNSON CREEK AT REGNER ROAD, AT GRESHAM, OR",45.4863333,-122.4218333
2024-03-27,110.0,14211400,"JOHNSON CREEK AT REGNER ROAD, AT GRESHAM, OR",45.4863333,-122.4218333
2024-03-28,47.3,14211400,"JOHNSON CREEK AT REGNER ROAD, AT GRESHAM, OR",45.4863333,-122.4218333
2024-03-29,26.4,14211400,"JOHNSON CREEK AT REGNER ROAD, AT GRESHAM, OR",45.4863333,-122.4218333
2024-03-30,17.4,14211400,"JOHNSON CREEK AT REGNER ROAD, AT GRESHAM, OR",45.4863333,-122.4218333
2024-03-31,15.6,14211400,"JOHNSON CREEK AT REGNER ROAD, AT GRESHAM, OR",45.4863333,-122.4218333
2024-04-01,14.6,14211400,"JOHNSON CREEK AT REGNER ROAD, AT GRESHAM, OR",45.4863333,-122.4218333
2024-04-02,12.3,14211400,"JOHNSON CREEK AT REGNER ROAD, AT GRESHAM, OR",45.4863333,-122.4218333
2024-04-03,19.4,14211400,"JOHNSON CREEK AT REGNER ROAD, AT GRESHAM, OR",45.4863333,-122.4218333
2024-04-04,28.5,14211400,"JOHNSON CREEK AT REGNER ROAD, AT GRESHAM, OR",45.4863333,-122.4218333
2024-04-05,27.6,14211400,"JOHNSON CREEK AT REGNER ROAD, AT GRESHAM, OR",45.4863333,-122.4218333
2024-04-06,15.8,14211400,"JOHNSON CREEK AT REGNER ROAD, AT GRESHAM, OR",45.4863333,-122.4218333
2024-04-07,15.7,14211400,"JOHNSON CREEK AT REGNER ROAD, AT GRESHAM, OR",45.4863333,-122.4218333
2024-04-08,13.1,14211400,"JOHNSON CREEK AT REGNER ROAD, AT GRESHAM, OR",45.4863333,-122.4218333
2024-04-09,10.3,14211400,"JOHNSON CREEK AT REGNER ROAD, AT GRESHAM, OR",45.4863333,-122.4218333
2024-04-10,10.2,14211400,"JOHNSON CREEK AT REGNER ROAD, AT GRESHAM, OR",45.4863333,-122.4218333
2024-04-11,9.0,14211400,"JOHNSON CREEK AT REGNER ROAD, AT GRESHAM, OR",45.4863333,-122.4218333
2024-04-12,9.1,14211400,"JOHNSON CREEK AT REGNER ROAD, AT GRESHAM, OR",45.4863333,-122.4218333
2024-04-13,10.5,14211400,"JOHNSON CREEK AT REGNER ROAD, AT GRESHAM, OR",45.4863333,-122.4218333
2024-04-14,9.6,14211400,"JOHNSON CREEK AT REGNER ROAD, AT GRESHAM, OR",45.4863333,-122.4218333
2024-04-15,8.3,14211400,"JOHNSON CREEK AT REGNER ROAD, AT GRESHAM, OR",45.4863333,-122.4218333
2024-04-16,7.0,14211400,"JOHNSON CREEK AT REGNER ROAD, AT GRESHAM, OR",45.4863333,-122.4218333
2024-04-17,8.4,14211400,"JOHNSON CREEK AT REGNER ROAD, AT GRESHAM, OR",45.4863333,-122.4218333
2024-04-18,9.9,14211400,"JOHNSON CREEK AT REGNER ROAD, AT GRESHAM, OR",45.4863333,-122.4218333
2024-04-19,7.0,14211400,"JOHNSON CREEK AT REGNER ROAD, AT GRESHAM, OR",45.4863333,-122.4218333
2024-04-20,6.4,14211400,"JOHNSON CREEK AT REGNER ROAD, AT GRESHAM, OR",45.4863333,-122.4218333
2024-04-21,11.1,14211400,"JOHNSON CREEK AT REGNER ROAD, AT GRESHAM, OR",45.4863333,-122.4218333
2024-04-22,8.7,14211400,"JOHNSON CREEK AT REGNER ROAD, AT GRESHAM, OR",45.4863333,-122.4218333
2024-04-23,14.1,14211400,"JOHNSON CREEK AT REGNER ROAD, AT GRESHAM, OR",45.4863333,-122.4218333
2024-04-24,11.3,14211400,"JOHNSON CREEK AT REGNER ROAD, AT GRESHAM, OR",45.4863333,-122.4218333
2024-04-25,94.6,14211400,"JOHNSON CREEK AT REGNER ROAD, AT GRESHAM, OR",45.4863333,-122.4218333
2024-04-26,164.0,14211400,"JOHNSON CREEK AT REGNER ROAD, AT GRESHAM, OR",45.4863333,-122.4218333
2024-04-27,24.8,14211400,"JOHNSON CREEK AT REGNER ROAD, AT GRESHAM, OR",45.4863333,-122.4218333
2024-04-28,11.8,14211400,"JOHNSON CREEK AT REGNER ROAD, AT GRESHAM, OR",45.4863333,-122.4218333
2024-04-29,47.0,14211400,"JOHNSON CREEK AT REGNER ROAD, AT GRESHAM, OR",45.4863333,-122.4218333
2024-04-30,36.1,14211400,"JOHNSON CREEK AT REGNER ROAD, AT GRESHAM, OR",45.4863333,-122.4218333
2024-05-01,35.0,14211400,"JOHNSON CREEK AT REGNER ROAD, AT GRESHAM, OR",45.4863333,-122.4218333
2024-05-02,28.8,14211400,"JOHNSON CREEK AT REGNER ROAD, AT GRESHAM, OR",45.4863333,-122.4218333
2024-05-03,23.8,14211400,"JOHNSON CREEK AT REGNER ROAD, AT GRESHAM, OR",45.4863333,-122.4218333
2024-05-04,128.0,14211400,"JOHNSON CREEK AT REGNER ROAD, AT GRESHAM, OR",45.4863333,-122.4218333
2024-05-05,112.0,14211400,"JOHNSON CREEK AT REGNER ROAD, AT GRESHAM, OR",45.4863333,-122.4218333
2024-05-06,38.0,14211400,"JOHNSON CREEK AT REGNER ROAD, AT GRESHAM, OR",45.4863333,-122.4218333
2024-05-07,31.7,14211400,"JOHNSON CREEK AT REGNER ROAD, AT GRESHAM, OR",45.4863333,-122.4218333
2024-05-08,19.8,14211400,"JOHNSON CREEK AT REGNER ROAD, AT GRESHAM, OR",45.4863333,-122.4218333
2024-05-09,15.1,14211400,"JOHNSON CREEK AT REGNER ROAD, AT GRESHAM, OR",45.4863333,-122.4218333
2024-05-10,14.5,14211400,"JOHNSON CREEK AT REGNER ROAD, AT GRESHAM, OR",45.4863333,-122.4218333
2024-05-11,16.8,14211400,"JOHNSON CREEK AT REGNER ROAD, AT GRESHAM, OR",45.4863333,-122.4218333
2024-05-18,55.7,14211400,"JOHNSON CREEK AT REGNER ROAD, AT GRESHAM, OR",45.4863333,-122.4218333
2024-05-19,15.2,14211400,"JOHNSON CREEK AT REGNER ROAD, AT GRESHAM, OR",45.4863333,-122.4218333
2024-05-20,13.7,14211400,"JOHNSON CREEK AT REGNER ROAD, AT GRESHAM, OR",45.4863333,-122.4218333
2024-05-21,82.9,14211400,"JOHNSON CREEK AT REGNER ROAD, AT GRESHAM, OR",45.4863333,-122.4218333
2024-05-22,48.6,14211400,"JOHNSON CREEK AT REGNER ROAD, AT GRESHAM, OR",45.4863333,-122.4218333
2024-05-23,16.2,14211400,"JOHNSON CREEK AT REGNER ROAD, AT GRESHAM, OR",45.4863333,-122.4218333
2024-05-24,15.4,14211400,"JOHNSON CREEK AT REGNER ROAD, AT GRESHAM, OR",45.4863333,-122.4218333
2024-05-25,15.8,14211400,"JOHNSON CREEK AT REGNER ROAD, AT GRESHAM, OR",45.4863333,-122.4218333
2024-05-26,13.4,14211400,"JOHNSON CREEK AT REGNER ROAD, AT GRESHAM, OR",45.4863333,-122.4218333
2024-05-27,20.1,14211400,"JOHNSON CREEK AT REGNER ROAD, AT GRESHAM, OR",45.4863333,-122.4218333
2024-05-28,13.1,14211400,"JOHNSON CREEK AT REGNER ROAD, AT GRESHAM, OR",45.4863333,-122.4218333
2024-05-29,10.9,14211400,"JOHNSON CREEK AT REGNER ROAD, AT GRESHAM, OR",45.4863333,-122.4218333
2024-05-30,10.0,14211400,"JOHNSON CREEK AT REGNER ROAD, AT GRESHAM, OR",45.4863333,-122.4218333
2024-05-31,12.9,14211400,"JOHNSON CREEK AT REGNER ROAD, AT GRESHAM, OR",45.4863333,-122.4218333
2024-06-01,14.3,14211400,"JOHNSON CREEK AT REGNER ROAD, AT GRESHAM, OR",45.4863333,-122.4218333
2024-06-02,85.4,14211400,"JOHNSON CREEK AT REGNER ROAD, AT GRESHAM, OR",45.4863333,-122.4218333
2024-06-03,174.0,14211400,"JOHNSON CREEK AT REGNER ROAD, AT GRESHAM, OR",45.4863333,-122.4218333
2024-06-04,42.1,14211400,"JOHNSON CREEK AT REGNER ROAD, AT GRESHAM, OR",45.4863333,-122.4218333
2024-06-05,18.3,14211400,"JOHNSON CREEK AT REGNER ROAD, AT GRESHAM, OR",45.4863333,-122.4218333
2024-06-06,14.5,14211400,"JOHNSON CREEK AT REGNER ROAD, AT GRESHAM, OR",45.4863333,-122.4218333
2024-06-07,11.9,14211400,"JOHNSON CREEK AT REGNER ROAD, AT GRESHAM, OR",45.4863333,-122.4218333
2024-06-08,9.9,14211400,"JOHNSON CREEK AT REGNER ROAD, AT GRESHAM, OR",45.4863333,-122.4218333
2024-06-09,10.1,14211400,"JOHNSON CREEK AT REGNER ROAD, AT GRESHAM, OR",45.4863333,-122.4218333
2024-06-10,10.2,14211400,"JOHNSON CREEK AT REGNER ROAD, AT GRESHAM, OR",45.4863333,-122.4218333
2024-06-11,10.0,14211400,"JOHNSON CREEK AT REGNER ROAD, AT GRESHAM, OR",45.4863333,-122.4218333
2024-06-12,9.6,14211400,"JOHNSON CREEK AT REGNER ROAD, AT GRESHAM, OR",45.4863333,-122.4218333
2024-06-22,9.8,14211400,"JOHNSON CREEK AT REGNER ROAD, AT GRESHAM, OR",45.4863333,-122.4218333
2024-06-23,9.6,14211400,"JOHNSON CREEK AT REGNER ROAD, AT GRESHAM, OR",45.4863333,-122.4218333
2024-06-24,9.6,14211400,"JOHNSON CREEK AT REGNER ROAD, AT GRESHAM, OR",45.4863333,-122.4218333
2024-06-25,9.8,14211400,"JOHNSON CREEK AT REGNER ROAD, AT GRESHAM, OR",45.4863333,-122.4218333
2024-06-26,9.1,14211400,"JOHNSON CREEK AT REGNER ROAD, AT GRESHAM, OR",45.4863333,-122.4218333
2024-06-27,9.5,14211400,"JOHNSON CREEK AT REGNER ROAD, AT GRESHAM, OR",45.4863333,-122.4218333
2024-06-28,9.9,14211400,"JOHNSON CREEK AT REGNER ROAD, AT GRESHAM, OR",45.4863333,-122.4218333
2024-06-29,9.9,14211400,"JOHNSON CREEK AT REGNER ROAD, AT GRESHAM, OR",45.4863333,-122.4218333
2024-06-30,9.9,14211400,"JOHNSON CREEK AT REGNER ROAD, AT GRESHAM, OR",45.4863333,-122.4218333
2024-07-01,10.0,14211400,"JOHNSON CREEK AT REGNER ROAD, AT GRESHAM, OR",45.4863333,-122.4218333
2024-07-02,9.9,14211400,"JOHNSON CREEK AT REGNER ROAD, AT GRESHAM, OR",45.4863333,-122.4218333
2024-07-03,9.9,14211400,"JOHNSON CREEK AT REGNER ROAD, AT GRESHAM, OR",45.4863333,-122.4218333
2024-07-04,8.5,14211400,"JOHNSON CREEK AT REGNER ROAD, AT GRESHAM, OR",45.4863333,-122.4218333
2024-07-05,7.0,14211400,"JOHNSON CREEK AT REGNER ROAD, AT GRESHAM, OR",45.4863333,-122.4218333
2024-07-06,8.3,14211400,"JOHNSON CREEK AT REGNER ROAD, AT GRESHAM, OR",45.4863333,-122.4218333
2024-07-07,8.5,14211400,"JOHNSON CREEK AT REGNER ROAD, AT GRESHAM, OR",45.4863333,-122.4218333
2024-07-08,8.3,14211400,"JOHNSON CREEK AT REGNER ROAD, AT GRESHAM, OR",45.4863333,-122.4218333
2024-07-09,8.1,14211400,"JOHNSON CREEK AT REGNER ROAD, AT GRESHAM, OR",45.4863333,-122.4218333
2024-07-10,8.1,14211400,"JOHNSON CREEK AT REGNER ROAD, AT GRESHAM, OR",45.4863333,-122.4218333
2024-07-11,7.6,14211400,"JOHNSON CREEK AT REGNER ROAD, AT GRESHAM, OR",45.4863333,-122.4218333
2024-07-12,6.8,14211400,"JOHNSON CREEK AT REGNER ROAD, AT GRESHAM, OR",45.4863333,-122.4218333
2024-07-13,6.2,14211400,"JOHNSON CREEK AT REGNER ROAD, AT GRESHAM, OR",45.4863333,-122.4218333
2024-07-14,7.0,14211400,"JOHNSON CREEK AT REGNER ROAD, AT GRESHAM, OR",45.4863333,-122.4218333
2024-07-15,6.9,14211400,"JOHNSON CREEK AT REGNER ROAD, AT GRESHAM, OR",45.4863333,-122.4218333
2024-07-16,5.9,14211400,"JOHNSON CREEK AT REGNER ROAD, AT GRESHAM, OR",45.4863333,-122.4218333
2024-07-17,5.2,14211400,"JOHNSON CREEK AT REGNER ROAD, AT GRESHAM, OR",45.4863333,-122.4218333
2024-07-18,6.8,14211400,"JOHNSON CREEK AT REGNER ROAD, AT GRESHAM, OR",45.4863333,-122.4218333
2024-07-19,6.9,14211400,"JOHNSON CREEK AT REGNER ROAD, AT GRESHAM, OR",45.4863333,-122.4218333
2024-07-20,6.9,14211400,"JOHNSON CREEK AT REGNER ROAD, AT GRESHAM, OR",45.4863333,-122.4218333
2024-07-21,6.0,14211400,"JOHNSON CREEK AT REGNER ROAD, AT GRESHAM, OR",45.4863333,-122.4218333
2024-07-22,6.4,14211400,"JOHNSON CREEK AT REGNER ROAD, AT GRESHAM, OR",45.4863333,-122.4218333
2024-07-23,6.5,14211400,"JOHNSON CREEK AT REGNER ROAD, AT GRESHAM, OR",45.4863333,-122.4218333
2024-07-24,6.1,14211400,"JOHNSON CREEK AT REGNER ROAD, AT GRESHAM, OR",45.4863333,-122.4218333
2024-07-25,6.1,14211400,"JOHNSON CREEK AT REGNER ROAD, AT GRESHAM, OR",45.4863333,-122.4218333
2024-07-26,5.5,14211400,"JOHNSON CREEK AT REGNER ROAD, AT GRESHAM, OR",45.4863333,-122.4218333
2024-07-27,6.9,14211400,"JOHNSON CREEK AT REGNER ROAD, AT GRESHAM, OR",45.4863333,-122.4218333
2024-07-28,6.8,14211400,"JOHNSON CREEK AT REGNER ROAD, AT GRESHAM, OR",45.4863333,-122.4218333
2024-07-29,6.8,14211400,"JOHNSON CREEK AT REGNER ROAD, AT GRESHAM, OR",45.4863333,-122.4218333
2024-07-30,6.9,14211400,"JOHNSON CREEK AT REGNER ROAD, AT GRESHAM, OR",45.4863333,-122.4218333
2024-07-31,6.4,14211400,"JOHNSON CREEK AT REGNER ROAD, AT GRESHAM, OR",45.4863333,-122.4218333
2024-08-01,6.9,14211400,"JOHNSON CREEK AT REGNER ROAD, AT GRESHAM, OR",45.4863333,-122.4218333
2024-08-02,6.1,14211400,"JOHNSON CREEK AT REGNER ROAD, AT GRESHAM, OR",45.4863333,-122.4218333
2024-08-03,6.2,14211400,"JOHNSON CREEK AT REGNER ROAD, AT GRESHAM, OR",45.4863333,-122.4218333
2024-08-04,6.6,14211400,"JOHNSON CREEK AT REGNER ROAD, AT GRESHAM, OR",45.4863333,-122.4218333
2024-08-05,6.8,14211400,"JOHNSON CREEK AT REGNER ROAD, AT GRESHAM, OR",45.4863333,-122.4218333
2024-08-06,5.3,14211400,"JOHNSON CREEK AT REGNER ROAD, AT GRESHAM, OR",45.4863333,-122.4218333
2024-08-07,5.3,14211400,"JOHNSON CREEK AT REGNER ROAD, AT GRESHAM, OR",45.4863333,-122.4218333
2024-08-08,6.1,14211400,"JOHNSON CREEK AT REGNER ROAD, AT GRESHAM, OR",45.4863333,-122.4218333
2024-08-09,6.0,14211400,"JOHNSON CREEK AT REGNER ROAD, AT GRESHAM, OR",45.4863333,-122.4218333
2024-08-10,5.6,14211400,"JOHNSON CREEK AT REGNER ROAD, AT GRESHAM, OR",45.4863333,-122.4218333
2024-08-11,5.3,14211400,"JOHNSON CREEK AT REGNER ROAD, AT GRESHAM, OR",45.4863333,-122.4218333
2024-08-12,4.7,14211400,"JOHNSON CREEK AT REGNER ROAD, AT GRESHAM, OR",45.4863333,-122.4218333
2024-08-13,5.7,14211400,"JOHNSON CREEK AT REGNER ROAD, AT GRESHAM, OR",45.4863333,-122.4218333
2024-08-14,4.6,14211400,"JOHNSON CREEK AT REGNER ROAD, AT GRESHAM, OR",45.4863333,-122.4218333
2024-08-15,4.1,14211400,"JOHNSON CREEK AT REGNER ROAD, AT GRESHAM, OR",45.4863333,-122.4218333
2024-08-16,6.0,14211400,"JOHNSON CREEK AT REGNER ROAD, AT GRESHAM, OR",45.4863333,-122.4218333
2024-08-17,65.4,14211400,"JOHNSON CREEK AT REGNER ROAD, AT GRESHAM, OR",45.4863333,-122.4218333
2024-08-18,17.6,14211400,"JOHNSON CREEK AT REGNER ROAD, AT GRESHAM, OR",45.4863333,-122.4218333
2024-08-19,6.2,14211400,"JOHNSON CREEK AT REGNER ROAD, AT GRESHAM, OR",45.4863333,-122.4218333
2024-08-20,6.0,14211400,"JOHNSON CREEK AT REGNER ROAD, AT GRESHAM, OR",45.4863333,-122.4218333
2024-08-21,6.8,14211400,"JOHNSON CREEK AT REGNER ROAD, AT GRESHAM, OR",45.4863333,-122.4218333
2024-08-22,62.8,14211400,"JOHNSON CREEK AT REGNER ROAD, AT GRESHAM, OR",45.4863333,-122.4218333
2024-08-23,369.0,14211400,"JOHNSON CREEK AT REGNER ROAD, AT GRESHAM, OR",45.4863333,-122.4218333
2024-08-24,13.8,14211400,"JOHNSON CREEK AT REGNER ROAD, AT GRESHAM, OR",45.4863333,-122.4218333
2024-08-28,8.9,14211400,"JOHNSON CREEK AT REGNER ROAD, AT GRESHAM, OR",45.4863333,-122.4218333
2024-08-29,7.0,14211400,"JOHNSON CREEK AT REGNER ROAD, AT GRESHAM, OR",45.4863333,-122.4218333
2024-08-30,9.2,14211400,"JOHNSON CREEK AT REGNER ROAD, AT GRESHAM, OR",45.4863333,-122.4218333
2024-08-31,10.1,14211400,"JOHNSON CREEK AT REGNER ROAD, AT GRESHAM, OR",45.4863333,-122.4218333
2024-09-01,6.9,14211400,"JOHNSON CREEK AT REGNER ROAD, AT GRESHAM, OR",45.4863333,-122.4218333
2024-09-02,8.7,14211400,"JOHNSON CREEK AT REGNER ROAD, AT GRESHAM, OR",45.4863333,-122.4218333
2024-09-03,7.4,14211400,"JOHNSON CREEK AT REGNER ROAD, AT GRESHAM, OR",45.4863333,-122.4218333
2024-09-04,7.0,14211400,"JOHNSON CREEK AT REGNER ROAD, AT GRESHAM, OR",45.4863333,-122.4218333
2024-09-05,8.6,14211400,"JOHNSON CREEK AT REGNER ROAD, AT GRESHAM, OR",45.4863333,-122.4218333
2024-09-06,7.1,14211400,"JOHNSON CREEK AT REGNER ROAD, AT GRESHAM, OR",45.4863333,-122.4218333
2024-09-07,7.1,14211400,"JOHNSON CREEK AT REGNER ROAD, AT GRESHAM, OR",45.4863333,-122.4218333
2024-09-08,6.2,14211400,"JOHNSON CREEK AT REGNER ROAD, AT GRESHAM, OR",45.4863333,-122.4218333
2024-09-09,75.6,14211400,"JOHNSON CREEK AT REGNER ROAD, AT GRESHAM, OR",45.4863333,-122.4218333
2024-09-10,14.2,14211400,"JOHNSON CREEK AT REGNER ROAD, AT GRESHAM, OR",45.4863333,-122.4218333
2024-09-11,520.0,14211400,"JOHNSON CREEK AT REGNER ROAD, AT GRESHAM, OR",45.4863333,-122.4218333
2024-09-12,33.8,14211400,"JOHNSON CREEK AT REGNER ROAD, AT GRESHAM, OR",45.4863333,-122.4218333
2024-09-13,20.7,14211400,"JOHNSON CREEK AT REGNER ROAD, AT GRESHAM, OR",45.4863333,-122.4218333
2024-09-14,9.0,14211400,"JOHNSON CREEK AT REGNER ROAD, AT GRESHAM, OR",45.4863333,-122.4218333
2024-09-15,9.5,14211400,"JOHNSON CREEK AT REGNER ROAD, AT GRESHAM, OR",45.4863333,-122.4218333
2024-09-16,8.7,14211400,"JOHNSON CREEK AT REGNER ROAD, AT GRESHAM, OR",45.4863333,-122.4218333
2024-09-17,9.4,14211400,"JOHNSON CREEK AT REGNER ROAD, AT GRESHAM, OR",45.4863333,-122.4218333
2024-09-18,8.8,14211400,"JOHNSON CREEK AT REGNER ROAD, AT GRESHAM, OR",45.4863333,-122.4218333
2024-09-19,8.5,14211400,"JOHNSON CREEK AT REGNER ROAD, AT GRESHAM, OR",45.4863333,-122.4218333
2024-09-20,9.1,14211400,"JOHNSON CREEK AT REGNER ROAD, AT GRESHAM, OR",45.4863333,-122.4218333
2024-09-21,7.9,14211400,"JOHNSON CREEK AT REGNER ROAD, AT GRESHAM, OR",45.4863333,-122.4218333
2024-09-22,9.4,14211400,"JOHNSON CREEK AT REGNER ROAD, AT GRESHAM, OR",45.4863333,-122.4218333
2024-09-23,8.1,14211400,"JOHNSON CREEK AT REGNER ROAD, AT GRESHAM, OR",45.4863333,-122.4218333
2024-09-24,9.0,14211400,"JOHNSON CREEK AT REGNER ROAD, AT GRESHAM, OR",45.4863333,-122.4218333
2024-09-25,78.1,14211400,"JOHNSON CREEK AT REGNER ROAD, AT GRESHAM, OR",45.4863333,-122.4218333
2024-09-26,26.5,14211400,"JOHNSON CREEK AT REGNER ROAD, AT GRESHAM, OR",45.4863333,-122.4218333
2024-09-27,12.2,14211400,"JOHNSON CREEK AT REGNER ROAD, AT GRESHAM, OR",45.4863333,-122.4218333
2024-09-28,13.0,14211400,"JOHNSON CREEK AT REGNER ROAD, AT GRESHAM, OR",45.4863333,-122.4218333
2024-09-29,8.1,14211400,"JOHNSON CREEK AT REGNER ROAD, AT GRESHAM, OR",45.4863333,-122.4218333
2024-09-30,11.1,14211400,"JOHNSON CREEK AT REGNER ROAD, AT GRESHAM, OR",45.4863333,-122.4218333
2024-01-01,9.1,14211550,"JOHNSON CREEK AT MILWAUKIE, OR",45.452897,-122.6431496
2024-01-02,13.4,14211550,"JOHNSON CREEK AT MILWAUKIE, OR",45.452897,-122.6431496
2024-01-03,25.2,14211550,"JOHNSON CREEK AT MILWAUKIE, OR",45.452897,-122.6431496
2024-01-04,27.2,14211550,"JOHNSON CREEK AT MILWAUKIE, OR",45.452897,-122.6431496
2024-01-05,23.1,14211550,"JOHNSON CREEK AT MILWAUKIE, OR",45.452897,-122.6431496
2024-01-06,80.3,14211550,"JOHNSON CREEK AT MILWAUKIE, OR",45.452897,-122.6431496
2024-01-07,90.2,14211550,"JOHNSON CREEK AT MILWAUKIE, OR",45.452897,-122.6431496
2024-01-08,45.2,14211550,"JOHNSON CREEK AT MILWAUKIE, OR",45.452897,-122.6431496
2024-01-09,107.0,14211550,"JOHNSON CREEK AT MILWAUKIE, OR",45.452897,-122.6431496
2024-01-10,89.7,14211550,"JOHNSON CREEK AT MILWAUKIE, OR",45.452897,-122.6431496
2024-01-11,45.0,14211550,"JOHNSON CREEK AT MILWAUKIE, OR",45.452897,-122.6431496
2024-01-12,42.8,14211550,"JOHNSON CREEK AT MILWAUKIE, OR",45.452897,-122.6431496
2024-01-13,35.3,14211550,"JOHNSON CREEK AT MILWAUKIE, OR",45.452897,-122.6431496
2024-01-14,24.0,14211550,"JOHNSON CREEK AT MILWAUKIE, OR",45.452897,-122.6431496
2024-01-15,24.9,14211550,"JOHNSON CREEK AT MILWAUKIE, OR",45.452897,-122.6431496
2024-01-16,15.3,14211550,"JOHNSON CREEK AT MILWAUKIE, OR",45.452897,-122.6431496
2024-01-17,34.9,14211550,"JOHNSON CREEK AT MILWAUKIE, OR",45.452897,-122.6431496
2024-01-18,75.7,14211550,"JOHNSON CREEK AT MILWAUKIE, OR",45.452897,-122.6431496
2024-01-19,59.6,14211550,"JOHNSON CREEK AT MILWAUKIE, OR",45.452897,-122.6431496
2024-01-20,19.8,14211550,"JOHNSON CREEK AT MILWAUKIE, OR",45.452897,-122.6431496
2024-01-21,65.7,14211550,"JOHNSON CREEK AT MILWAUKIE, OR",45.452897,-122.6431496
2024-01-22,96.8,14211550,"JOHNSON CREEK AT MILWAUKIE, OR",45.452897,-122.6431496
2024-01-23,65.8,14211550,"JOHNSON CREEK AT MILWAUKIE, OR",45.452897,-122.6431496
2024-01-24,77.0,14211550,"JOHNSON CREEK AT MILWAUKIE, OR",45.452897,-122.6431496
2024-01-25,65.4,14211550,"JOHNSON CREEK AT MILWAUKIE, OR",45.452897,-122.6431496
2024-01-26,56.3,14211550,"JOHNSON CREEK AT MILWAUKIE, OR",45.452897,-122.6431496
2024-01-27,160.0,14211550,"JOHNSON CREEK AT MILWAUKIE, OR",45.452897,-122.6431496
2024-01-28,69.3,14211550,"JOHNSON CREEK AT MILWAUKIE, OR",45.452897,-122.6431496
2024-01-29,30.0,14211550,"JOHNSON CREEK AT MILWAUKIE, OR",45.452897,-122.6431496
2024-01-30,20.0,14211550,"JOHNSON CREEK AT MILWAUKIE, OR",45.452897,-122.6431496
2024-01-31,23.9,14211550,"JOHNSON CREEK AT MILWAUKIE, OR",45.452897,-122.6431496
2024-02-01,29.5,14211550,"JOHNSON CREEK AT MILWAUKIE, OR",45.452897,-122.6431496
2024-02-02,13.2,14211550,"JOHNSON CREEK AT MILWAUKIE, OR",45.452897,-122.6431496
2024-02-03,11.5,14211550,"JOHNSON CREEK AT MILWAUKIE, OR",45.452897,-122.6431496
2024-02-04,11.7,14211550,"JOHNSON CREEK AT MILWAUKIE, OR",45.452897,-122.6431496
2024-02-05,15.7,14211550,"JOHNSON CREEK AT MILWAUKIE, OR",45.452897,-122.6431496
2024-02-06,25.1,14211550,"JOHNSON CREEK AT MILWAUKIE, OR",45.452897,-122.6431496
2024-02-07,43.3,14211550,"JOHNSON CREEK AT MILWAUKIE, OR",45.452897,-122.6431496
2024-02-08,15.1,14211550,"JOHNSON CREEK AT MILWAUKIE, OR",45.452897,-122.6431496
2024-02-09,18.8,14211550,"JOHNSON CREEK AT MILWAUKIE, OR",45.452897,-122.6431496
2024-02-10,16.5,14211550,"JOHNSON CREEK AT MILWAUKIE, OR",45.452897,-122.6431496
2024-02-11,13.3,14211550,"JOHNSON CREEK AT MILWAUKIE, OR",45.452897,-122.6431496
2024-02-12,13.2,14211550,"JOHNSON CREEK AT MILWAUKIE, OR",45.452897,-122.6431496
2024-02-13,10.6,14211550,"JOHNSON CREEK AT MILWAUKIE, OR",45.452897,-122.6431496
2024-02-14,22.2,14211550,"JOHNSON CREEK AT MILWAUKIE, OR",45.452897,-122.6431496
2024-02-15,79.6,14211550,"JOHNSON CREEK AT MILWAUKIE, OR",45.452897,-122.6431496
2024-02-16,66.8,14211550,"JOHNSON CREEK AT MILWAUKIE, OR",45.452897,-122.6431496
2024-02-17,36.5,14211550,"JOHNSON CREEK AT MILWAUKIE, OR",45.452897,-122.6431496
2024-02-18,23.9,14211550,"JOHNSON CREEK AT MILWAUKIE, OR",45.452897,-122.6431496
2024-02-19,14.9,14211550,"JOHNSON CREEK AT MILWAUKIE, OR",45.452897,-122.6431496
2024-02-20,16.2,14211550,"JOHNSON CREEK AT MILWAUKIE, OR",45.452897,-122.6431496
2024-02-21,47.1,14211550,"JOHNSON CREEK AT MILWAUKIE, OR",45.452897,-122.6431496
2024-02-22,42.7,14211550,"JOHNSON CREEK AT MILWAUKIE, OR",45.452897,-122.6431496
2024-02-23,39.6,14211550,"JOHNSON CREEK AT MILWAUKIE, OR",45.452897,-122.6431496
2024-02-24,17.1,14211550,"JOHNSON CREEK AT MILWAUKIE, OR",45.452897,-122.6431496
2024-02-25,13.7,14211550,"JOHNSON CREEK AT MILWAUKIE, OR",45.452897,-122.6431496
2024-02-26,79.2,14211550,"JOHNSON CREEK AT MILWAUKIE, OR",45.452897,-122.6431496
2024-02-27,62.9,14211550,"JOHNSON CREEK AT MILWAUKIE, OR",45.452897,-122.6431496
2024-02-28,36.4,14211550,"JOHNSON CREEK AT MILWAUKIE, OR",45.452897,-122.6431496
2024-02-29,192.0,14211550,"JOHNSON CREEK AT MILWAUKIE, OR",45.452897,-122.6431496
2024-03-01,96.8,14211550,"JOHNSON CREEK AT MILWAUKIE, OR",45.452897,-122.6431496
2024-03-02,45.6,14211550,"JOHNSON CREEK AT MILWAUKIE, OR",45.452897,-122.6431496
2024-03-03,29.2,14211550,"JOHNSON CREEK AT MILWAUKIE, OR",45.452897,-122.6431496
2024-03-04,18.7,14211550,"JOHNSON CREEK AT MILWAUKIE, OR",45.452897,-122.6431496
2024-03-05,16.3,14211550,"JOHNSON CREEK AT MILWAUKIE, OR",45.452897,-122.6431496
2024-03-06,12.6,14211550,"JOHNSON CREEK AT MILWAUKIE, OR",45.452897,-122.6431496
2024-03-07,11.3,14211550,"JOHNSON CREEK AT MILWAUKIE, OR",45.452897,-122.6431496
2024-03-08,10.2,14211550,"JOHNSON CREEK AT MILWAUKIE, OR",45.452897,-122.6431496
2024-03-09,10.5,14211550,"JOHNSON CREEK AT MILWAUKIE, OR",45.452897,-122.6431496
2024-03-10,16.4,14211550,"JOHNSON CREEK AT MILWAUKIE, OR",45.452897,-122.6431496
2024-03-11,16.7,14211550,"JOHNSON CREEK AT MILWAUKIE, OR",45.452897,-122.6431496
2024-03-12,16.5,14211550,"JOHNSON CREEK AT MILWAUKIE, OR",45.452897,-122.6431496
2024-03-13,15.2,14211550,"JOHNSON CREEK AT MILWAUKIE, OR",45.452897,-122.6431496
2024-03-14,13.4,14211550,"JOHNSON CREEK AT MILWAUKIE, OR",45.452897,-122.6431496
2024-03-15,9.1,14211550,"JOHNSON CREEK AT MILWAUKIE, OR",45.452897,-122.6431496
2024-03-16,7.5,14211550,"JOHNSON CREEK AT MILWAUKIE, OR",45.452897,-122.6431496
2024-03-17,5.8,14211550,"JOHNSON CREEK AT MILWAUKIE, OR",45.452897,-122.6431496
2024-03-18,5.5,14211550,"JOHNSON CREEK AT MILWAUKIE, OR",45.452897,-122.6431496
2024-03-19,5.0,14211550,"JOHNSON CREEK AT MILWAUKIE, OR",45.452897,-122.6431496
2024-03-20,6.6,14211550,"JOHNSON CREEK AT MILWAUKIE, OR",45.452897,-122.6431496
2024-03-21,6.6,14211550,"JOHNSON CREEK AT MILWAUKIE, OR",45.452897,-122.6431496
2024-03-23,6.1,14211550,"JOHNSON CREEK AT MILWAUKIE, OR",45.452897,-122.6431496
2024-03-24,7.2,14211550,"JOHNSON CREEK AT MILWAUKIE, OR",45.452897,-122.6431496
2024-03-25,16.1,14211550,"JOHNSON CREEK AT MILWAUKIE, OR",45.452897,-122.6431496
2024-03-26,39.9,14211550,"JOHNSON CREEK AT MILWAUKIE, OR",45.452897,-122.6431496
2024-03-27,53.4,14211550,"JOHNSON CREEK AT MILWAUKIE, OR",45.452897,-122.6431496
2024-03-28,47.3,14211550,"JOHNSON CREEK AT MILWAUKIE, OR",45.452897,-122.6431496
2024-03-29,27.2,14211550,"JOHNSON CREEK AT MILWAUKIE, OR",45.452897,-122.6431496
2024-03-30,13.7,14211550,"JOHNSON CREEK AT MILWAUKIE, OR",45.452897,-122.6431496
2024-03-31,9.4,14211550,"JOHNSON CREEK AT MILWAUKIE, OR",45.452897,-122.6431496
2024-04-01,8.7,14211550,"JOHNSON CREEK AT MILWAUKIE, OR",45.452897,-122.6431496
2024-04-02,6.8,14211550,"JOHNSON CREEK AT MILWAUKIE, OR",45.452897,-122.6431496
2024-04-03,7.2,14211550,"JOHNSON CREEK AT MILWAUKIE, OR",45.452897,-122.6431496
2024-04-04,7.4,14211550,"JOHNSON CREEK AT MILWAUKIE, OR",45.452897,-122.6431496
2024-04-05,8.3,14211550,"JOHNSON CREEK AT MILWAUKIE, OR",45.452897,-122.6431496
2024-04-06,9.6,14211550,"JOHNSON CREEK AT MILWAUKIE, OR",45.452897,-122.6431496
2024-04-07,10.0,14211550,"JOHNSON CREEK AT MILWAUKIE, OR",45.452897,-122.6431496
2024-04-08,8.8,14211550,"JOHNSON CREEK AT MILWAUKIE, OR",45.452897,-122.6431496
2024-04-09,7.6,14211550,"JOHNSON CREEK AT MILWAUKIE, OR",45.452897,-122.6431496
2024-04-10,7.3,14211550,"JOHNSON CREEK AT MILWAUKIE, OR",45.452897,-122.6431496
2024-04-11,6.5,14211550,"JOHNSON CREEK AT MILWAUKIE, OR",45.452897,-122.6431496
2024-04-12,6.9,14211550,"JOHNSON CREEK AT MILWAUKIE, OR",45.452897,-122.6431496
2024-04-13,5.8,14211550,"JOHNSON CREEK AT MILWAUKIE, OR",45.452897,-122.6431496
2024-04-14,6.4,14211550,"JOHNSON CREEK AT MILWAUKIE, OR",45.452897,-122.6431496
2024-04-15,5.6,14211550,"JOHNSON CREEK AT MILWAUKIE, OR",45.452897,-122.6431496
2024-04-16,5.6,14211550,"JOHNSON CREEK AT MILWAUKIE, OR",45.452897,-122.6431496
2024-04-17,6.1,14211550,"JOHNSON CREEK AT MILWAUKIE, OR",45.452897,-122.6431496
2024-04-18,6.1,14211550,"JOHNSON CREEK AT MILWAUKIE, OR",45.452897,-122.6431496
2024-04-19,6.0,14211550,"JOHNSON CREEK AT MILWAUKIE, OR",45.452897,-122.6431496
2024-04-20,5.9,14211550,"JOHNSON CREEK AT MILWAUKIE, OR",45.452897,-122.6431496
2024-04-21,5.7,14211550,"JOHNSON CREEK AT MILWAUKIE, OR",45.452897,-122.6431496
2024-04-22,5.6,14211550,"JOHNSON CREEK AT MILWAUKIE, OR",45.452897,-122.6431496
2024-04-23,5.7,14211550,"JOHNSON CREEK AT MILWAUKIE, OR",45.452897,-122.6431496
2024-04-24,6.0,14211550,"JOHNSON CREEK AT MILWAUKIE, OR",45.452897,-122.6431496
2024-04-25,31.6,14211550,"JOHNSON CREEK AT MILWAUKIE, OR",45.452897,-122.6431496
2024-04-26,17.2,14211550,"JOHNSON CREEK AT MILWAUKIE, OR",45.452897,-122.6431496
2024-04-27,119.0,14211550,"JOHNSON CREEK AT MILWAUKIE, OR",45.452897,-122.6431496
2024-04-28,9.2,14211550,"JOHNSON CREEK AT MILWAUKIE, OR",45.452897,-122.6431496
2024-04-29,19.0,14211550,"JOHNSON CREEK AT MILWAUKIE, OR",45.452897,-122.6431496
2024-04-30,22.6,14211550,"JOHNSON CREEK AT MILWAUKIE, OR",45.452897,-122.6431496
2024-05-01,14.9,14211550,"JOHNSON CREEK AT MILWAUKIE, OR",45.452897,-122.6431496
2024-05-02,27.7,14211550,"JOHNSON CREEK AT MILWAUKIE, OR",45.452897,-122.6431496
2024-05-03,13.5,14211550,"JOHNSON CREEK AT MILWAUKIE, OR",45.452897,-122.6431496
2024-05-04,89.1,14211550,"JOHNSON CREEK AT MILWAUKIE, OR",45.452897,-122.6431496
2024-05-05,96.0,14211550,"JOHNSON CREEK AT MILWAUKIE, OR",45.452897,-122.6431496
2024-05-06,41.8,14211550,"JOHNSON CREEK AT MILWAUKIE, OR",45.452897,-122.6431496
2024-05-07,27.9,14211550,"JOHNSON CREEK AT MILWAUKIE, OR",45.452897,-122.6431496
2024-05-08,16.5,14211550,"JOHNSON CREEK AT MILWAUKIE, OR",45.452897,-122.6431496
2024-05-09,16.4,14211550,"JOHNSON CREEK AT MILWAUKIE, OR",45.452897,-122.6431496
2024-05-10,16.6,14211550,"JOHNSON CREEK AT MILWAUKIE, OR",45.452897,-122.6431496
2024-05-11,12.6,14211550,"JOHNSON CREEK AT MILWAUKIE, OR",45.452897,-122.6431496
2024-05-12,12.6,14211550,"JOHNSON CREEK AT MILWAUKIE, OR",45.452897,-122.6431496
2024-05-13,9.7,14211550,"JOHNSON CREEK AT MILWAUKIE, OR",45.452897,-122.6431496
2024-05-14,7.7,14211550,"JOHNSON CREEK AT MILWAUKIE, OR",45.452897,-122.6431496
2024-05-15,6.1,14211550,"JOHNSON CREEK AT MILWAUKIE, OR",45.452897,-122.6431496
2024-05-16,7.2,14211550,"JOHNSON CREEK AT MILWAUKIE, OR",45.452897,-122.6431496
2024-05-17,6.5,14211550,"JOHNSON CREEK AT MILWAUKIE, OR",45.452897,-122.6431496
2024-05-18,6.3,14211550,"JOHNSON CREEK AT MILWAUKIE, OR",45.452897,-122.6431496
2024-05-19,7.5,14211550,"JOHNSON CREEK AT MILWAUKIE, OR",45.452897,-122.6431496
2024-05-20,8.6,14211550,"JOHNSON CREEK AT MILWAUKIE, OR",45.452897,-122.6431496
2024-05-21,34.3,14211550,"JOHNSON CREEK AT MILWAUKIE, OR",45.452897,-122.6431496
2024-05-22,66.4,14211550,"JOHNSON CREEK AT MILWAUKIE, OR",45.452897,-122.6431496
2024-05-23,9.5,14211550,"JOHNSON CREEK AT MILWAUKIE, OR",45.452897,-122.6431496
2024-05-24,8.5,14211550,"JOHNSON CREEK AT MILWAUKIE, OR",45.452897,-122.6431496
2024-05-25,6.0,14211550,"JOHNSON CREEK AT MILWAUKIE, OR",45.452897,-122.6431496
2024-05-26,5.9,14211550,"JOHNSON CREEK AT MILWAUKIE, OR",45.452897,-122.6431496
2024-05-27,6.3,14211550,"JOHNSON CREEK AT MILWAUKIE, OR",45.452897,-122.6431496
2024-05-28,7.1,14211550,"JOHNSON CREEK AT MILWAUKIE, OR",45.452897,-122.6431496
2024-05-29,6.1,14211550,"JOHNSON CREEK AT MILWAUKIE, OR",45.452897,-122.6431496
2024-05-30,5.3,14211550,"JOHNSON CREEK AT MILWAUKIE, OR",45.452897,-122.6431496
2024-05-31,5.5,14211550,"JOHNSON CREEK AT MILWAUKIE, OR",45.452897,-122.6431496
2024-06-01,5.9,14211550,"JOHNSON CREEK AT MILWAUKIE, OR",45.452897,-122.6431496
2024-06-02,27.2,14211550,"JOHNSON CREEK AT MILWAUKIE, OR",45.452897,-122.6431496
2024-06-03,75.0,14211550,"JOHNSON CREEK AT MILWAUKIE, OR",45.452897,-122.6431496
2024-06-04,45.9,14211550,"JOHNSON CREEK AT MILWAUKIE, OR",45.452897,-122.6431496
2024-06-05,17.3,14211550,"JOHNSON CREEK AT MILWAUKIE, OR",45.452897,-122.6431496
2024-06-06,8.8,14211550,"JOHNSON CREEK AT MILWAUKIE, OR",45.452897,-122.6431496
2024-06-07,6.7,14211550,"JOHNSON CREEK AT MILWAUKIE, OR",45.452897,-122.6431496
2024-06-08,7.1,14211550,"JOHNSON CREEK AT MILWAUKIE, OR",45.452897,-122.6431496
2024-06-09,5.6,14211550,"JOHNSON CREEK AT MILWAUKIE, OR",45.452897,-122.6431496
2024-06-10,6.6,14211550,"JOHNSON CREEK AT MILWAUKIE, OR",45.452897,-122.6431496
2024-06-11,6.2,14211550,"JOHNSON CREEK AT MILWAUKIE, OR",45.452897,-122.6431496
2024-06-12,6.3,14211550,"JOHNSON CREEK AT MILWAUKIE, OR",45.452897,-122.6431496
2024-06-13,8.1,14211550,"JOHNSON CREEK AT MILWAUKIE, OR",45.452897,-122.6431496
2024-06-14,7.4,14211550,"JOHNSON CREEK AT MILWAUKIE, OR",45.452897,-122.6431496
2024-06-15,10.6,14211550,"JOHNSON CREEK AT MILWAUKIE, OR",45.452897,-122.6431496
2024-06-16,7.6,14211550,"JOHNSON CREEK AT MILWAUKIE, OR",45.452897,-122.6431496
2024-06-17,7.5,14211550,"JOHNSON CREEK AT MILWAUKIE, OR",45.452897,-122.6431496
2024-06-18,7.8,14211550,"JOHNSON CREEK AT MILWAUKIE, OR",45.452897,-122.6431496
2024-06-19,7.2,14211550,"JOHNSON CREEK AT MILWAUKIE, OR",45.452897,-122.6431496
2024-06-20,8.0,14211550,"JOHNSON CREEK AT MILWAUKIE, OR",45.452897,-122.6431496
2024-06-21,7.0,14211550,"JOHNSON CREEK AT MILWAUKIE, OR",45.452897,-122.6431496
2024-06-22,6.2,14211550,"JOHNSON CREEK AT MILWAUKIE, OR",45.452897,-122.6431496
2024-06-23,7.1,14211550,"JOHNSON CREEK AT MILWAUKIE, OR",45.452897,-122.6431496
2024-06-24,6.4,14211550,"JOHNSON CREEK AT MILWAUKIE, OR",45.452897,-122.6431496
2024-06-25,5.1,14211550,"JOHNSON CREEK AT MILWAUKIE, OR",45.452897,-122.6431496
2024-06-26,5.3,14211550,"JOHNSON CREEK AT MILWAUKIE, OR",45.452897,-122.6431496
2024-06-27,6.0,14211550,"JOHNSON CREEK AT MILWAUKIE, OR",45.452897,-122.6431496
2024-06-28,6.3,14211550,"JOHNSON CREEK AT MILWAUKIE, OR",45.452897,-122.6431496
2024-06-29,6.4,14211550,"JOHNSON CREEK AT MILWAUKIE, OR",45.452897,-122.6431496
2024-06-30,5.6,14211550,"JOHNSON CREEK AT MILWAUKIE, OR",45.452897,-122.6431496
2024-07-01,6.1,14211550,"JOHNSON CREEK AT MILWAUKIE, OR",45.452897,-122.6431496
2024-07-02,5.8,14211550,"JOHNSON CREEK AT MILWAUKIE, OR",45.452897,-122.6431496
2024-07-03,5.1,14211550,"JOHNSON CREEK AT MILWAUKIE, OR",45.452897,-122.6431496
2024-07-04,6.2,14211550,"JOHNSON CREEK AT MILWAUKIE, OR",45.452897,-122.6431496
2024-07-05,6.2,14211550,"JOHNSON CREEK AT MILWAUKIE, OR",45.452897,-122.6431496
2024-07-06,5.9,14211550,"JOHNSON CREEK AT MILWAUKIE, OR",45.452897,-122.6431496
2024-07-07,6.0,14211550,"JOHNSON CREEK AT MILWAUKIE, OR",45.452897,-122.6431496
2024-07-08,6.1,14211550,"JOHNSON CREEK AT MILWAUKIE, OR",45.452897,-122.6431496
2024-07-09,6.0,14211550,"JOHNSON CREEK AT MILWAUKIE, OR",45.452897,-122.6431496
2024-07-10,6.2,14211550,"JOHNSON CREEK AT MILWAUKIE, OR",45.452897,-122.6431496
2024-07-11,5.9,14211550,"JOHNSON CREEK AT MILWAUKIE, OR",45.452897,-122.6431496
2024-07-12,5.2,14211550,"JOHNSON CREEK AT MILWAUKIE, OR",45.452897,-122.6431496
2024-07-13,6.0,14211550,"JOHNSON CREEK AT MILWAUKIE, OR",45.452897,-122.6431496
2024-07-14,6.2,14211550,"JOHNSON CREEK AT MILWAUKIE, OR",45.452897,-122.6431496
2024-07-15,6.2,14211550,"JOHNSON CREEK AT MILWAUKIE, OR",45.452897,-122.6431496
2024-07-16,5.5,14211550,"JOHNSON CREEK AT MILWAUKIE, OR",45.452897,-122.6431496
2024-07-17,5.6,14211550,"JOHNSON CREEK AT MILWAUKIE, OR",45.452897,-122.6431496
2024-07-18,5.3,14211550,"JOHNSON CREEK AT MILWAUKIE, OR",45.452897,-122.6431496
2024-07-19,6.2,14211550,"JOHNSON CREEK AT MILWAUKIE, OR",45.452897,-122.6431496
2024-07-20,6.1,14211550,"JOHNSON CREEK AT MILWAUKIE, OR",45.452897,-122.6431496
2024-07-21,6.2,14211550,"JOHNSON CREEK AT MILWAUKIE, OR",45.452897,-122.6431496
2024-07-22,5.2,14211550,"JOHNSON CREEK AT MILWAUKIE, OR",45.452897,-122.6431496
2024-07-23,5.8,14211550,"JOHNSON CREEK AT MILWAUKIE, OR",45.452897,-122.6431496
2024-07-24,4.7,14211550,"JOHNSON CREEK AT MILWAUKIE, OR",45.452897,-122.6431496
2024-07-25,4.7,14211550,"JOHNSON CREEK AT MILWAUKIE, OR",45.452897,-122.6431496
2024-07-26,5.0,14211550,"JOHNSON CREEK AT MILWAUKIE, OR",45.452897,-122.6431496
2024-07-27,4.7,14211550,"JOHNSON CREEK AT MILWAUKIE, OR",45.452897,-122.6431496
2024-07-28,5.0,14211550,"JOHNSON CREEK AT MILWAUKIE, OR",45.452897,-122.6431496
2024-07-29,4.7,14211550,"JOHNSON CREEK AT MILWAUKIE, OR",45.452897,-122.6431496
2024-07-30,6.0,14211550,"JOHNSON CREEK AT MILWAUKIE, OR",45.452897,-122.6431496
2024-07-31,6.2,14211550,"JOHNSON CREEK AT MILWAUKIE, OR",45.452897,-122.6431496
2024-08-01,5.7,14211550,"JOHNSON CREEK AT MILWAUKIE, OR",45.452897,-122.6431496
2024-08-02,5.9,14211550,"JOHNSON CREEK AT MILWAUKIE, OR",45.452897,-122.6431496
2024-08-03,5.5,14211550,"JOHNSON CREEK AT MILWAUKIE, OR",45.452897,-122.6431496
2024-08-04,4.7,14211550,"JOHNSON CREEK AT MILWAUKIE, OR",45.452897,-122.6431496
2024-08-05,4.7,14211550,"JOHNSON CREEK AT MILWAUKIE, OR",45.452897,-122.6431496
2024-08-06,4.8,14211550,"JOHNSON CREEK AT MILWAUKIE, OR",45.452897,-122.6431496
2024-08-07,4.7,14211550,"JOHNSON CREEK AT MILWAUKIE, OR",45.452897,-122.6431496
2024-08-08,5.8,14211550,"JOHNSON CREEK AT MILWAUKIE, OR",45.452897,-122.6431496
2024-08-09,5.6,14211550,"JOHNSON CREEK AT MILWAUKIE, OR",45.452897,-122.6431496
2024-08-10,5.4,14211550,"JOHNSON CREEK AT MILWAUKIE, OR",45.452897,-122.6431496
2024-08-11,5.2,14211550,"JOHNSON CREEK AT MILWAUKIE, OR",45.452897,-122.6431496
2024-08-12,5.1,14211550,"JOHNSON CREEK AT MILWAUKIE, OR",45.452897,-122.6431496
2024-08-13,4.8,14211550,"JOHNSON CREEK AT MILWAUKIE, OR",45.452897,-122.6431496
2024-08-14,4.6,14211550,"JOHNSON CREEK AT MILWAUKIE, OR",45.452897,-122.6431496
2024-08-15,4.7,14211550,"JOHNSON CREEK AT MILWAUKIE, OR",45.452897,-122.6431496
2024-08-16,11.0,14211550,"JOHNSON CREEK AT MILWAUKIE, OR",45.452897,-122.6431496
2024-08-17,13.5,14211550,"JOHNSON CREEK AT MILWAUKIE, OR",45.452897,-122.6431496
2024-08-18,9.9,14211550,"JOHNSON CREEK AT MILWAUKIE, OR",45.452897,-122.6431496
2024-08-19,10.2,14211550,"JOHNSON CREEK AT MILWAUKIE, OR",45.452897,-122.6431496
2024-08-20,8.0,14211550,"JOHNSON CREEK AT MILWAUKIE, OR",45.452897,-122.6431496
2024-08-21,5.7,14211550,"JOHNSON CREEK AT MILWAUKIE, OR",45.452897,-122.6431496
2024-08-22,5.5,14211550,"JOHNSON CREEK AT MILWAUKIE, OR",45.452897,-122.6431496
2024-08-23,11.5,14211550,"JOHNSON CREEK AT MILWAUKIE, OR",45.452897,-122.6431496
2024-08-24,12.3,14211550,"JOHNSON CREEK AT MILWAUKIE, OR",45.452897,-122.6431496
2024-08-25,7.3,14211550,"JOHNSON CREEK AT MILWAUKIE, OR",45.452897,-122.6431496
2024-08-26,6.6,14211550,"JOHNSON CREEK AT MILWAUKIE, OR",45.452897,-122.6431496
2024-08-27,6.1,14211550,"JOHNSON CREEK AT MILWAUKIE, OR",45.452897,-122.6431496
2024-08-28,5.2,14211550,"JOHNSON CREEK AT MILWAUKIE, OR",45.452897,-122.6431496
2024-08-29,7.0,14211550,"JOHNSON CREEK AT MILWAUKIE, OR",45.452897,-122.6431496
2024-08-30,5.6,14211550,"JOHNSON CREEK AT MILWAUKIE, OR",45.452897,-122.6431496
2024-08-31,6.0,14211550,"JOHNSON CREEK AT MILWAUKIE, OR",45.452897,-122.6431496
2024-09-01,6.0,14211550,"JOHNSON CREEK AT MILWAUKIE, OR",45.452897,-122.6431496
2024-09-02,5.8,14211550,"JOHNSON CREEK AT MILWAUKIE, OR",45.452897,-122.6431496
2024-09-03,5.7,14211550,"JOHNSON CREEK AT MILWAUKIE, OR",45.452897,-122.6431496
2024-09-04,5.1,14211550,"JOHNSON CREEK AT MILWAUKIE, OR",45.452897,-122.6431496
2024-09-05,5.1,14211550,"JOHNSON CREEK AT MILWAUKIE, OR",45.452897,-122.6431496
2024-09-06,4.9,14211550,"JOHNSON CREEK AT MILWAUKIE, OR",45.452897,-122.6431496
2024-09-07,6.0,14211550,"JOHNSON CREEK AT MILWAUKIE, OR",45.452897,-122.6431496
2024-09-08,4.5,14211550,"JOHNSON CREEK AT MILWAUKIE, OR",45.452897,-122.6431496
2024-09-09,11.0,14211550,"JOHNSON CREEK AT MILWAUKIE, OR",45.452897,-122.6431496
2024-09-10,5.5,14211550,"JOHNSON CREEK AT MILWAUKIE, OR",45.452897,-122.6431496
2024-09-11,109.0,14211550,"JOHNSON CREEK AT MILWAUKIE, OR",45.452897,-122.6431496
2024-09-12,187.0,14211550,"JOHNSON CREEK AT MILWAUKIE, OR",45.452897,-122.6431496
2024-09-13,9.4,14211550,"JOHNSON CREEK AT MILWAUKIE, OR",45.452897,-122.6431496
2024-09-14,7.0,14211550,"JOHNSON CREEK AT MILWAUKIE, OR",45.452897,-122.6431496
2024-09-15,10.7,14211550,"JOHNSON CREEK AT MILWAUKIE, OR",45.452897,-122.6431496
2024-09-16,8.9,14211550,"JOHNSON CREEK AT MILWAUKIE, OR",45.452897,-122.6431496
2024-09-17,6.4,14211550,"JOHNSON CREEK AT MILWAUKIE, OR",45.452897,-122.6431496
2024-09-18,10.0,14211550,"JOHNSON CREEK AT MILWAUKIE, OR",45.452897,-122.6431496
2024-09-19,7.2,14211550,"JOHNSON CREEK AT MILWAUKIE, OR",45.452897,-122.6431496
2024-09-20,7.5,14211550,"JOHNSON CREEK AT MILWAUKIE, OR",45.452897,-122.6431496
2024-09-21,7.0,14211550,"JOHNSON CREEK AT MILWAUKIE, OR",45.452897,-122.6431496
2024-09-22,6.8,14211550,"JOHNSON CREEK AT MILWAUKIE, OR",45.452897,-122.6431496
2024-09-23,6.6,14211550,"JOHNSON CREEK AT MILWAUKIE, OR",45.452897,-122.6431496
2024-09-24,5.6,14211550,"JOHNSON CREEK AT MILWAUKIE, OR",45.452897,-122.6431496
2024-09-25,54.9,14211550,"JOHNSON CREEK AT MILWAUKIE, OR",45.452897,-122.6431496
2024-09-26,75.8,14211550,"JOHNSON CREEK AT MILWAUKIE, OR",45.452897,-122.6431496
2024-09-27,9.2,14211550,"JOHNSON CREEK AT MILWAUKIE, OR",45.452897,-122.6431496
2024-09-28,7.8,14211550,"JOHNSON CREEK AT MILWAUKIE, OR",45.452897,-122.6431496
2024-09-29,6.7,14211550,"JOHNSON CREEK AT MILWAUKIE, OR",45.452897,-122.6431496
2024-09-30,8.8,14211550,"JOHNSON CREEK AT MILWAUKIE, OR",45.452897,-122.6431496
2024-01-01,9.4,14211720,"WILLAMETTE RIVER AT PORTLAND, OR",45.5175,-122.6691667
2024-01-02,8.7,14211720,"WILLAMETTE RIVER AT PORTLAND, OR",45.5175,-122.6691667
2024-01-03,7.8,14211720,"WILLAMETTE RIVER AT PORTLAND, OR",45.5175,-122.6691667
2024-01-04,7.4,14211720,"WILLAMETTE RIVER AT PORTLAND, OR",45.5175,-122.6691667
2024-01-05,6.8,14211720,"WILLAMETTE RIVER AT PORTLAND, OR",45.5175,-122.6691667
2024-01-06,7.2,14211720,"WILLAMETTE RIVER AT PORTLAND, OR",45.5175,-122.6691667
2024-01-07,13.0,14211720,"WILLAMETTE RIVER AT PORTLAND, OR",45.5175,-122.6691667
2024-01-08,18.5,14211720,"WILLAMETTE RIVER AT PORTLAND, OR",45.5175,-122.6691667
2024-01-09,19.1,14211720,"WILLAMETTE RIVER AT PORTLAND, OR",45.5175,-122.6691667
2024-01-10,25.4,14211720,"WILLAMETTE RIVER AT PORTLAND, OR",45.5175,-122.6691667
2024-01-11,29.6,14211720,"WILLAMETTE RIVER AT PORTLAND, OR",45.5175,-122.6691667
2024-01-12,28.0,14211720,"WILLAMETTE RIVER AT PORTLAND, OR",45.5175,-122.6691667
2024-01-13,21.4,14211720,"WILLAMETTE RIVER AT PORTLAND, OR",45.5175,-122.6691667
2024-01-14,16.9,14211720,"WILLAMETTE RIVER AT PORTLAND, OR",45.5175,-122.6691667
2024-01-15,15.7,14211720,"WILLAMETTE RIVER AT PORTLAND, OR",45.5175,-122.6691667
2024-01-16,19.2,14211720,"WILLAMETTE RIVER AT PORTLAND, OR",45.5175,-122.6691667
2024-01-17,18.3,14211720,"WILLAMETTE RIVER AT PORTLAND, OR",45.5175,-122.6691667
2024-01-18,13.3,14211720,"WILLAMETTE RIVER AT PORTLAND, OR",45.5175,-122.6691667
2024-01-19,24.3,14211720,"WILLAMETTE RIVER AT PORTLAND, OR",45.5175,-122.6691667
2024-01-20,218.0,14211720,"WILLAMETTE RIVER AT PORTLAND, OR",45.5175,-122.6691667
2024-01-21,23.3,14211720,"WILLAMETTE RIVER AT PORTLAND, OR",45.5175,-122.6691667
2024-01-22,16.7,14211720,"WILLAMETTE RIVER AT PORTLAND, OR",45.5175,-122.6691667
2024-01-23,16.2,14211720,"WILLAMETTE RIVER AT PORTLAND, OR",45.5175,-122.6691667
2024-01-24,16.4,14211720,"WILLAMETTE RIVER AT PORTLAND, OR",45.5175,-122.6691667
2024-01-25,15.3,14211720,"WILLAMETTE RIVER AT PORTLAND, OR",45.5175,-122.6691667
2024-01-26,15.1,14211720,"WILLAMETTE RIVER AT PORTLAND, OR",45.5175,-122.6691667
2024-01-27,15.6,14211720,"WILLAMETTE RIVER AT PORTLAND, OR",45.5175,-122.6691667
2024-01-28,17.5,14211720,"WILLAMETTE RIVER AT PORTLAND, OR",45.5175,-122.6691667
2024-01-29,17.5,14211720,"WILLAMETTE RIVER AT PORTLAND, OR",45.5175,-122.6691667
2024-01-30,15.7,14211720,"WILLAMETTE RIVER AT PORTLAND, OR",45.5175,-122.6691667
2024-01-31,12.9,14211720,"WILLAMETTE RIVER AT PORTLAND, OR",45.5175,-122.6691667
2024-02-01,11.2,14211720,"WILLAMETTE RIVER AT PORTLAND, OR",45.5175,-122.6691667
2024-02-02,10.5,14211720,"WILLAMETTE RIVER AT PORTLAND, OR",45.5175,-122.6691667
2024-02-03,10.2,14211720,"WILLAMETTE RIVER AT PORTLAND, OR",45.5175,-122.6691667
2024-02-04,10.4,14211720,"WILLAMETTE RIVER AT PORTLAND, OR",45.5175,-122.6691667
2024-02-05,10.5,14211720,"WILLAMETTE RIVER AT PORTLAND, OR",45.5175,-122.6691667
2024-02-06,8.5,14211720,"WILLAMETTE RIVER AT PORTLAND, OR",45.5175,-122.6691667
2024-02-07,8.4,14211720,"WILLAMETTE RIVER AT PORTLAND, OR",45.5175,-122.6691667
2024-02-08,8.3,14211720,"WILLAMETTE RIVER AT PORTLAND, OR",45.5175,-122.6691667
2024-02-09,8.4,14211720,"WILLAMETTE RIVER AT PORTLAND, OR",45.5175,-122.6691667
2024-02-10,7.8,14211720,"WILLAMETTE RIVER AT PORTLAND, OR",45.5175,-122.6691667
2024-02-11,7.3,14211720,"WILLAMETTE RIVER AT PORTLAND, OR",45.5175,-122.6691667
2024-02-12,7.1,14211720,"WILLAMETTE RIVER AT PORTLAND, OR",45.5175,-122.6691667
2024-02-14,6.5,14211720,"WILLAMETTE RIVER AT PORTLAND, OR",45.5175,-122.6691667
2024-02-15,6.0,14211720,"WILLAMETTE RIVER AT PORTLAND, OR",45.5175,-122.6691667
2024-02-16,8.4,14211720,"WILLAMETTE RIVER AT PORTLAND, OR",45.5175,-122.6691667
2024-02-17,15.8,14211720,"WILLAMETTE RIVER AT PORTLAND, OR",45.5175,-122.6691667
2024-02-18,19.8,14211720,"WILLAMETTE RIVER AT PORTLAND, OR",45.5175,-122.6691667
2024-02-19,19.1,14211720,"WILLAMETTE RIVER AT PORTLAND, OR",45.5175,-122.6691667
2024-02-20,14.4,14211720,"WILLAMETTE RIVER AT PORTLAND, OR",45.5175,-122.6691667
2024-02-21,11.7,14211720,"WILLAMETTE RIVER AT PORTLAND, OR",45.5175,-122.6691667
2024-02-22,11.0,14211720,"WILLAMETTE RIVER AT PORTLAND, OR",45.5175,-122.6691667
2024-02-23,12.7,14211720,"WILLAMETTE RIVER AT PORTLAND, OR",45.5175,-122.6691667
2024-02-24,13.0,14211720,"WILLAMETTE RIVER AT PORTLAND, OR",45.5175,-122.6691667
2024-02-25,10.8,14211720,"WILLAMETTE RIVER AT PORTLAND, OR",45.5175,-122.6691667
2024-02-26,8.7,14211720,"WILLAMETTE RIVER AT PORTLAND, OR",45.5175,-122.6691667
2024-02-27,7.5,14211720,"WILLAMETTE RIVER AT PORTLAND, OR",45.5175,-122.6691667
2024-02-28,7.6,14211720,"WILLAMETTE RIVER AT PORTLAND, OR",45.5175,-122.6691667
2024-02-29,14.7,14211720,"WILLAMETTE RIVER AT PORTLAND, OR",45.5175,-122.6691667
2024-03-01,36.0,14211720,"WILLAMETTE RIVER AT PORTLAND, OR",45.5175,-122.6691667
2024-03-02,41.2,14211720,"WILLAMETTE RIVER AT PORTLAND, OR",45.5175,-122.6691667
2024-03-03,37.9,14211720,"WILLAMETTE RIVER AT PORTLAND, OR",45.5175,-122.6691667
2024-03-04,28.7,14211720,"WILLAMETTE RIVER AT PORTLAND, OR",45.5175,-122.6691667
2024-03-05,21.6,14211720,"WILLAMETTE RIVER AT PORTLAND, OR",45.5175,-122.6691667
2024-03-06,18.0,14211720,"WILLAMETTE RIVER AT PORTLAND, OR",45.5175,-122.6691667
2024-03-07,15.1,14211720,"WILLAMETTE RIVER AT PORTLAND, OR",45.5175,-122.6691667
2024-03-08,12.8,14211720,"WILLAMETTE RIVER AT PORTLAND, OR",45.5175,-122.6691667
2024-03-09,11.1,14211720,"WILLAMETTE RIVER AT PORTLAND, OR",45.5175,-122.6691667
2024-03-10,9.6,14211720,"WILLAMETTE RIVER AT PORTLAND, OR",45.5175,-122.6691667
2024-03-11,9.0,14211720,"WILLAMETTE RIVER AT PORTLAND, OR",45.5175,-122.6691667
2024-03-12,11.6,14211720,"WILLAMETTE RIVER AT PORTLAND, OR",45.5175,-122.6691667
2024-03-13,14.9,14211720,"WILLAMETTE RIVER AT PORTLAND, OR",45.5175,-122.6691667
2024-03-14,17.8,14211720,"WILLAMETTE RIVER AT PORTLAND, OR",45.5175,-122.6691667
2024-03-15,17.1,14211720,"WILLAMETTE RIVER AT PORTLAND, OR",45.5175,-122.6691667
2024-03-16,12.3,14211720,"WILLAMETTE RIVER AT PORTLAND, OR",45.5175,-122.6691667
2024-03-17,9.6,14211720,"WILLAMETTE RIVER AT PORTLAND, OR",45.5175,-122.6691667
2024-03-18,7.7,14211720,"WILLAMETTE RIVER AT PORTLAND, OR",45.5175,-122.6691667
2024-03-19,7.1,14211720,"WILLAMETTE RIVER AT PORTLAND, OR",45.5175,-122.6691667
2024-03-20,5.7,14211720,"WILLAMETTE RIVER AT PORTLAND, OR",45.5175,-122.6691667
2024-03-21,5.3,14211720,"WILLAMETTE RIVER AT PORTLAND, OR",45.5175,-122.6691667
2024-03-22,4.6,14211720,"WILLAMETTE RIVER AT PORTLAND, OR",45.5175,-122.6691667
2024-03-23,4.0,14211720,"WILLAMETTE RIVER AT PORTLAND, OR",45.5175,-122.6691667
2024-03-24,3.8,14211720,"WILLAMETTE RIVER AT PORTLAND, OR",45.5175,-122.6691667
2024-03-25,4.2,14211720,"WILLAMETTE RIVER AT PORTLAND, OR",45.5175,-122.6691667
2024-03-26,3.4,14211720,"WILLAMETTE RIVER AT PORTLAND, OR",45.5175,-122.6691667
2024-03-27,3.5,14211720,"WILLAMETTE RIVER AT PORTLAND, OR",45.5175,-122.6691667
2024-03-28,3.6,14211720,"WILLAMETTE RIVER AT PORTLAND, OR",45.5175,-122.6691667
2024-03-29,5.1,14211720,"WILLAMETTE RIVER AT PORTLAND, OR",45.5175,-122.6691667
2024-03-30,9.1,14211720,"WILLAMETTE RIVER AT PORTLAND, OR",45.5175,-122.6691667
2024-03-31,10.5,14211720,"WILLAMETTE RIVER AT PORTLAND, OR",45.5175,-122.6691667
2024-04-01,10.1,14211720,"WILLAMETTE RIVER AT PORTLAND, OR",45.5175,-122.6691667
2024-04-02,6.5,14211720,"WILLAMETTE RIVER AT PORTLAND, OR",45.5175,-122.6691667
2024-04-03,4.8,14211720,"WILLAMETTE RIVER AT PORTLAND, OR",45.5175,-122.6691667
2024-04-04,3.9,14211720,"WILLAMETTE RIVER AT PORTLAND, OR",45.5175,-122.6691667
2024-04-05,4.0,14211720,"WILLAMETTE RIVER AT PORTLAND, OR",45.5175,-122.6691667
2024-04-06,3.0,14211720,"WILLAMETTE RIVER AT PORTLAND, OR",45.5175,-122.6691667
2024-04-07,2.8,14211720,"WILLAMETTE RIVER AT PORTLAND, OR",45.5175,-122.6691667
2024-04-08,3.2,14211720,"WILLAMETTE RIVER AT PORTLAND, OR",45.5175,-122.6691667
2024-04-09,3.0,14211720,"WILLAMETTE RIVER AT PORTLAND, OR",45.5175,-122.6691667
2024-04-10,2.6,14211720,"WILLAMETTE RIVER AT PORTLAND, OR",45.5175,-122.6691667
2024-04-11,2.4,14211720,"WILLAMETTE RIVER AT PORTLAND, OR",45.5175,-122.6691667
2024-04-12,2.2,14211720,"WILLAMETTE RIVER AT PORTLAND, OR",45.5175,-122.6691667
2024-04-13,2.3,14211720,"WILLAMETTE RIVER AT PORTLAND, OR",45.5175,-122.6691667
2024-04-14,2.0,14211720,"WILLAMETTE RIVER AT PORTLAND, OR",45.5175,-122.6691667
2024-04-15,1.8,14211720,"WILLAMETTE RIVER AT PORTLAND, OR",45.5175,-122.6691667
2024-04-16,2.0,14211720,"WILLAMETTE RIVER AT PORTLAND, OR",45.5175,-122.6691667
2024-04-17,1.9,14211720,"WILLAMETTE RIVER AT PORTLAND, OR",45.5175,-122.6691667
2024-04-18,1.9,14211720,"WILLAMETTE RIVER AT PORTLAND, OR",45.5175,-122.6691667
2024-04-19,2.1,14211720,"WILLAMETTE RIVER AT PORTLAND, OR",45.5175,-122.6691667
2024-04-20,2.0,14211720,"WILLAMETTE RIVER AT PORTLAND, OR",45.5175,-122.6691667
2024-04-21,2.4,14211720,"WILLAMETTE RIVER AT PORTLAND, OR",45.5175,-122.6691667
2024-04-22,2.0,14211720,"WILLAMETTE RIVER AT PORTLAND, OR",45.5175,-122.6691667
2024-04-23,2.0,14211720,"WILLAMETTE RIVER AT PORTLAND, OR",45.5175,-122.6691667
2024-04-24,1.8,14211720,"WILLAMETTE RIVER AT PORTLAND, OR",45.5175,-122.6691667
2024-04-25,1.8,14211720,"WILLAMETTE RIVER AT PORTLAND, OR",45.5175,-122.6691667
2024-04-26,2.2,14211720,"WILLAMETTE RIVER AT PORTLAND, OR",45.5175,-122.6691667
2024-04-27,2.2,14211720,"WILLAMETTE RIVER AT PORTLAND, OR",45.5175,-122.6691667
2024-04-28,2.3,14211720,"WILLAMETTE RIVER AT PORTLAND, OR",45.5175,-122.6691667
2024-04-29,2.0,14211720,"WILLAMETTE RIVER AT PORTLAND, OR",45.5175,-122.6691667
2024-04-30,2.2,14211720,"WILLAMETTE RIVER AT PORTLAND, OR",45.5175,-122.6691667
2024-05-01,3.0,14211720,"WILLAMETTE RIVER AT PORTLAND, OR",45.5175,-122.6691667
2024-05-02,2.7,14211720,"WILLAMETTE RIVER AT PORTLAND, OR",45.5175,-122.6691667
2024-05-03,2.8,14211720,"WILLAMETTE RIVER AT PORTLAND, OR",45.5175,-122.6691667
2024-05-04,3.4,14211720,"WILLAMETTE RIVER AT PORTLAND, OR",45.5175,-122.6691667
2024-05-05,6.6,14211720,"WILLAMETTE RIVER AT PORTLAND, OR",45.5175,-122.6691667
2024-05-06,14.9,14211720,"WILLAMETTE RIVER AT PORTLAND, OR",45.5175,-122.6691667
2024-05-07,22.5,14211720,"WILLAMETTE RIVER AT PORTLAND, OR",45.5175,-122.6691667
2024-05-08,20.4,14211720,"WILLAMETTE RIVER AT PORTLAND, OR",45.5175,-122.6691667
2024-05-09,14.1,14211720,"WILLAMETTE RIVER AT PORTLAND, OR",45.5175,-122.6691667
2024-05-10,10.7,14211720,"WILLAMETTE RIVER AT PORTLAND, OR",45.5175,-122.6691667
2024-05-11,8.1,14211720,"WILLAMETTE RIVER AT PORTLAND, OR",45.5175,-122.6691667
2024-05-12,6.2,14211720,"WILLAMETTE RIVER AT PORTLAND, OR",45.5175,-122.6691667
2024-05-13,4.9,14211720,"WILLAMETTE RIVER AT PORTLAND, OR",45.5175,-122.6691667
2024-05-14,4.8,14211720,"WILLAMETTE RIVER AT PORTLAND, OR",45.5175,-122.6691667
2024-05-15,3.7,14211720,"WILLAMETTE RIVER AT PORTLAND, OR",45.5175,-122.6691667
2024-05-16,3.4,14211720,"WILLAMETTE RIVER AT PORTLAND, OR",45.5175,-122.6691667
2024-05-17,3.3,14211720,"WILLAMETTE RIVER AT PORTLAND, OR",45.5175,-122.6691667
2024-05-18,2.7,14211720,"WILLAMETTE RIVER AT PORTLAND, OR",45.5175,-122.6691667
2024-05-19,2.7,14211720,"WILLAMETTE RIVER AT PORTLAND, OR",45.5175,-122.6691667
2024-05-20,2.2,14211720,"WILLAMETTE RIVER AT PORTLAND, OR",45.5175,-122.6691667
2024-05-21,2.4,14211720,"WILLAMETTE RIVER AT PORTLAND, OR",45.5175,-122.6691667
2024-05-22,2.6,14211720,"WILLAMETTE RIVER AT PORTLAND, OR",45.5175,-122.6691667
2024-05-23,2.4,14211720,"WILLAMETTE RIVER AT PORTLAND, OR",45.5175,-122.6691667
2024-05-24,2.4,14211720,"WILLAMETTE RIVER AT PORTLAND, OR",45.5175,-122.6691667
2024-05-25,2.4,14211720,"WILLAMETTE RIVER AT PORTLAND, OR",45.5175,-122.6691667
2024-05-26,2.9,14211720,"WILLAMETTE RIVER AT PORTLAND, OR",45.5175,-122.6691667
2024-05-27,2.0,14211720,"WILLAMETTE RIVER AT PORTLAND, OR",45.5175,-122.6691667
2024-05-28,2.6,14211720,"WILLAMETTE RIVER AT PORTLAND, OR",45.5175,-122.6691667
2024-05-29,3.3,14211720,"WILLAMETTE RIVER AT PORTLAND, OR",45.5175,-122.6691667
2024-05-30,2.1,14211720,"WILLAMETTE RIVER AT PORTLAND, OR",45.5175,-122.6691667
2024-05-31,2.2,14211720,"WILLAMETTE RIVER AT PORTLAND, OR",45.5175,-122.6691667
2024-06-01,2.8,14211720,"WILLAMETTE RIVER AT PORTLAND, OR",45.5175,-122.6691667
2024-06-02,2.2,14211720,"WILLAMETTE RIVER AT PORTLAND, OR",45.5175,-122.6691667
2024-06-03,3.4,14211720,"WILLAMETTE RIVER AT PORTLAND, OR",45.5175,-122.6691667
2024-06-04,3.5,14211720,"WILLAMETTE RIVER AT PORTLAND, OR",45.5175,-122.6691667
2024-06-05,3.4,14211720,"WILLAMETTE RIVER AT PORTLAND, OR",45.5175,-122.6691667
2024-06-06,3.9,14211720,"WILLAMETTE RIVER AT PORTLAND, OR",45.5175,-122.6691667
2024-06-07,3.5,14211720,"WILLAMETTE RIVER AT PORTLAND, OR",45.5175,-122.6691667
2024-06-08,3.8,14211720,"WILLAMETTE RIVER AT PORTLAND, OR",45.5175,-122.6691667
2024-06-09,2.9,14211720,"WILLAMETTE RIVER AT PORTLAND, OR",45.5175,-122.6691667
2024-06-10,2.9,14211720,"WILLAMETTE RIVER AT PORTLAND, OR",45.5175,-122.6691667
2024-06-11,2.5,14211720,"WILLAMETTE RIVER AT PORTLAND, OR",45.5175,-122.6691667
2024-06-12,2.4,14211720,"WILLAMETTE RIVER AT PORTLAND, OR",45.5175,-122.6691667
2024-06-13,2.6,14211720,"WILLAMETTE RIVER AT PORTLAND, OR",45.5175,-122.6691667
2024-06-14,2.6,14211720,"WILLAMETTE RIVER AT PORTLAND, OR",45.5175,-122.6691667
2024-06-15,2.5,14211720,"WILLAMETTE RIVER AT PORTLAND, OR",45.5175,-122.6691667
2024-06-16,2.8,14211720,"WILLAMETTE RIVER AT PORTLAND, OR",45.5175,-122.6691667
2024-06-27,2.9,14211720,"WILLAMETTE RIVER AT PORTLAND, OR",45.5175,-122.6691667
2024-06-28,2.3,14211720,"WILLAMETTE RIVER AT PORTLAND, OR",45.5175,-122.6691667
2024-06-29,2.2,14211720,"WILLAMETTE RIVER AT PORTLAND, OR",45.5175,-122.6691667
2024-06-30,2.8,14211720,"WILLAMETTE RIVER AT PORTLAND, OR",45.5175,-122.6691667
2024-07-01,2.3,14211720,"WILLAMETTE RIVER AT PORTLAND, OR",45.5175,-122.6691667
2024-07-02,2.8,14211720,"WILLAMETTE RIVER AT PORTLAND, OR",45.5175,-122.6691667
2024-07-03,2.6,14211720,"WILLAMETTE RIVER AT PORTLAND, OR",45.5175,-122.6691667
2024-07-04,2.7,14211720,"WILLAMETTE RIVER AT PORTLAND, OR",45.5175,-122.6691667
2024-07-05,2.4,14211720,"WILLAMETTE RIVER AT PORTLAND, OR",45.5175,-122.6691667
2024-07-06,2.5,14211720,"WILLAMETTE RIVER AT PORTLAND, OR",45.5175,-122.6691667
2024-07-07,2.2,14211720,"WILLAMETTE RIVER AT PORTLAND, OR",45.5175,-122.6691667
2024-07-08,2.5,14211720,"WILLAMETTE RIVER AT PORTLAND, OR",45.5175,-122.6691667
2024-07-09,2.2,14211720,"WILLAMETTE RIVER AT PORTLAND, OR",45.5175,-122.6691667
2024-07-10,2.3,14211720,"WILLAMETTE RIVER AT PORTLAND, OR",45.5175,-122.6691667
2024-07-11,2.9,14211720,"WILLAMETTE RIVER AT PORTLAND, OR",45.5175,-122.6691667
2024-07-12,3.1,14211720,"WILLAMETTE RIVER AT PORTLAND, OR",45.5175,-122.6691667
2024-07-13,2.8,14211720,"WILLAMETTE RIVER AT PORTLAND, OR",45.5175,-122.6691667
2024-07-14,3.4,14211720,"WILLAMETTE RIVER AT PORTLAND, OR",45.5175,-122.6691667
2024-07-15,3.3,14211720,"WILLAMETTE RIVER AT PORTLAND, OR",45.5175,-122.6691667
2024-07-16,3.0,14211720,"WILLAMETTE RIVER AT PORTLAND, OR",45.5175,-122.6691667
2024-07-17,3.4,14211720,"WILLAMETTE RIVER AT PORTLAND, OR",45.5175,-122.6691667
2024-07-18,3.2,14211720,"WILLAMETTE RIVER AT PORTLAND, OR",45.5175,-122.6691667
2024-07-19,2.8,14211720,"WILLAMETTE RIVER AT PORTLAND, OR",45.5175,-122.6691667
2024-07-20,3.9,14211720,"WILLAMETTE RIVER AT PORTLAND, OR",45.5175,-122.6691667
2024-07-21,4.1,14211720,"WILLAMETTE RIVER AT PORTLAND, OR",45.5175,-122.6691667
2024-07-22,3.4,14211720,"WILLAMETTE RIVER AT PORTLAND, OR",45.5175,-122.6691667
2024-07-23,4.6,14211720,"WILLAMETTE RIVER AT PORTLAND, OR",45.5175,-122.6691667
2024-07-24,3.7,14211720,"WILLAMETTE RIVER AT PORTLAND, OR",45.5175,-122.6691667
2024-07-25,4.9,14211720,"WILLAMETTE RIVER AT PORTLAND, OR",45.5175,-122.6691667
2024-07-26,5.3,14211720,"WILLAMETTE RIVER AT PORTLAND, OR",45.5175,-122.6691667
2024-07-27,4.7,14211720,"WILLAMETTE RIVER AT PORTLAND, OR",45.5175,-122.6691667
2024-07-28,5.4,14211720,"WILLAMETTE RIVER AT PORTLAND, OR",45.5175,-122.6691667
2024-07-29,5.1,14211720,"WILLAMETTE RIVER AT PORTLAND, OR",45.5175,-122.6691667
2024-07-30,3.7,14211720,"WILLAMETTE RIVER AT PORTLAND, OR",45.5175,-122.6691667
2024-07-31,3.5,14211720,"WILLAMETTE RIVER AT PORTLAND, OR",45.5175,-122.6691667
2024-08-01,2.5,14211720,"WILLAMETTE RIVER AT PORTLAND, OR",45.5175,-122.6691667
2024-08-02,3.5,14211720,"WILLAMETTE RIVER AT PORTLAND, OR",45.5175,-122.6691667
2024-08-03,2.0,14211720,"WILLAMETTE RIVER AT PORTLAND, OR",45.5175,-122.6691667
2024-08-04,2.9,14211720,"WILLAMETTE RIVER AT PORTLAND, OR",45.5175,-122.6691667
2024-08-05,3.0,14211720,"WILLAMETTE RIVER AT PORTLAND, OR",45.5175,-122.6691667
2024-08-06,2.7,14211720,"WILLAMETTE RIVER AT PORTLAND, OR",45.5175,-122.6691667
2024-08-07,2.9,14211720,"WILLAMETTE RIVER AT PORTLAND, OR",45.5175,-122.6691667
2024-08-08,2.8,14211720,"WILLAMETTE RIVER AT PORTLAND, OR",45.5175,-122.6691667
2024-08-09,4.2,14211720,"WILLAMETTE RIVER AT PORTLAND, OR",45.5175,-122.6691667
2024-08-10,4.1,14211720,"WILLAMETTE RIVER AT PORTLAND, OR",45.5175,-122.6691667
2024-08-11,2.8,14211720,"WILLAMETTE RIVER AT PORTLAND, OR",45.5175,-122.6691667
2024-08-12,4.0,14211720,"WILLAMETTE RIVER AT PORTLAND, OR",45.5175,-122.6691667
2024-08-13,3.0,14211720,"WILLAMETTE RIVER AT PORTLAND, OR",45.5175,-122.6691667
2024-08-14,2.9,14211720,"WILLAMETTE RIVER AT PORTLAND, OR",45.5175,-122.6691667
2024-08-15,8.6,14211720,"WILLAMETTE RIVER AT PORTLAND, OR",45.5175,-122.6691667
2024-08-16,3.5,14211720,"WILLAMETTE RIVER AT PORTLAND, OR",45.5175,-122.6691667
2024-08-17,3.1,14211720,"WILLAMETTE RIVER AT PORTLAND, OR",45.5175,-122.6691667
2024-08-18,3.0,14211720,"WILLAMETTE RIVER AT PORTLAND, OR",45.5175,-122.6691667
2024-08-19,3.3,14211720,"WILLAMETTE RIVER AT PORTLAND, OR",45.5175,-122.6691667
2024-08-20,3.2,14211720,"WILLAMETTE RIVER AT PORTLAND, OR",45.5175,-122.6691667
2024-08-21,3.1,14211720,"WILLAMETTE RIVER AT PORTLAND, OR",45.5175,-122.6691667
2024-08-22,2.8,14211720,"WILLAMETTE RIVER AT PORTLAND, OR",45.5175,-122.6691667
2024-08-23,2.8,14211720,"WILLAMETTE RIVER AT PORTLAND, OR",45.5175,-122.6691667
2024-08-24,2.8,14211720,"WILLAMETTE RIVER AT PORTLAND, OR",45.5175,-122.6691667
2024-08-25,2.8,14211720,"WILLAMETTE RIVER AT PORTLAND, OR",45.5175,-122.6691667
2024-08-26,3.1,14211720,"WILLAMETTE RIVER AT PORTLAND, OR",45.5175,-122.6691667
2024-08-27,3.2,14211720,"WILLAMETTE RIVER AT PORTLAND, OR",45.5175,-122.6691667
2024-08-28,2.8,14211720,"WILLAMETTE RIVER AT PORTLAND, OR",45.5175,-122.6691667
2024-08-29,2.8,14211720,"WILLAMETTE RIVER AT PORTLAND, OR",45.5175,-122.6691667
2024-08-30,3.2,14211720,"WILLAMETTE RIVER AT PORTLAND, OR",45.5175,-122.6691667
2024-08-31,2.4,14211720,"WILLAMETTE RIVER AT PORTLAND, OR",45.5175,-122.6691667
2024-09-01,2.8,14211720,"WILLAMETTE RIVER AT PORTLAND, OR",45.5175,-122.6691667
2024-09-02,2.9,14211720,"WILLAMETTE RIVER AT PORTLAND, OR",45.5175,-122.6691667
2024-09-03,3.0,14211720,"WILLAMETTE RIVER AT PORTLAND, OR",45.5175,-122.6691667
2024-09-04,2.6,14211720,"WILLAMETTE RIVER AT PORTLAND, OR",45.5175,-122.6691667
2024-09-05,2.8,14211720,"WILLAMETTE RIVER AT PORTLAND, OR",45.5175,-122.6691667
2024-09-06,2.8,14211720,"WILLAMETTE RIVER AT PORTLAND, OR",45.5175,-122.6691667
2024-09-07,3.3,14211720,"WILLAMETTE RIVER AT PORTLAND, OR",45.5175,-122.6691667
2024-09-08,3.2,14211720,"WILLAMETTE RIVER AT PORTLAND, OR",45.5175,-122.6691667
2024-09-09,2.5,14211720,"WILLAMETTE RIVER AT PORTLAND, OR",45.5175,-122.6691667
2024-09-10,3.0,14211720,"WILLAMETTE RIVER AT PORTLAND, OR",45.5175,-122.6691667
2024-09-11,2.7,14211720,"WILLAMETTE RIVER AT PORTLAND, OR",45.5175,-122.6691667
2024-09-12,3.4,14211720,"WILLAMETTE RIVER AT PORTLAND, OR",45.5175,-122.6691667
2024-09-13,2.4,14211720,"WILLAMETTE RIVER AT PORTLAND, OR",45.5175,-122.6691667
2024-09-14,2.4,14211720,"WILLAMETTE RIVER AT PORTLAND, OR",45.5175,-122.6691667
2024-09-15,3.2,14211720,"WILLAMETTE RIVER AT PORTLAND, OR",45.5175,-122.6691667
2024-09-16,4.7,14211720,"WILLAMETTE RIVER AT PORTLAND, OR",45.5175,-122.6691667
2024-09-17,2.9,14211720,"WILLAMETTE RIVER AT PORTLAND, OR",45.5175,-122.6691667
2024-09-18,3.0,14211720,"WILLAMETTE RIVER AT PORTLAND, OR",45.5175,-122.6691667
2024-09-19,2.8,14211720,"WILLAMETTE RIVER AT PORTLAND, OR",45.5175,-122.6691667
2024-09-20,2.6,14211720,"WILLAMETTE RIVER AT PORTLAND, OR",45.5175,-122.6691667
2024-09-21,2.7,14211720,"WILLAMETTE RIVER AT PORTLAND, OR",45.5175,-122.6691667
2024-09-22,2.5,14211720,"WILLAMETTE RIVER AT PORTLAND, OR",45.5175,-122.6691667
2024-09-23,2.2,14211720,"WILLAMETTE RIVER AT PORTLAND, OR",45.5175,-122.6691667
2024-09-24,2.2,14211720,"WILLAMETTE RIVER AT PORTLAND, OR",45.5175,-122.6691667
2024-09-25,2.3,14211720,"WILLAMETTE RIVER AT PORTLAND, OR",45.5175,-122.6691667
2024-09-26,2.8,14211720,"WILLAMETTE RIVER AT PORTLAND, OR",45.5175,-122.6691667
2024-09-27,2.4,14211720,"WILLAMETTE RIVER AT PORTLAND, OR",45.5175,-122.6691667
2024-09-28,2.6,14211720,"WILLAMETTE RIVER AT PORTLAND, OR",45.5175,-122.6691667
2024-09-29,2.5,14211720,"WILLAMETTE RIVER AT PORTLAND, OR",45.5175,-122.6691667
2024-09-30,2.0,14211720,"WILLAMETTE RIVER AT PORTLAND, OR",45.5175,-122.6691667
2024-01-01,49.3,442453122394900,"FOSTER LAKE BELOW GEDNEY CREEK, AT FOSTER, OR",44.4148361,-122.6636167
2024-01-02,52.5,442453122394900,"FOSTER LAKE BELOW GEDNEY CREEK, AT FOSTER, OR",44.4148361,-122.6636167
2024-01-03,49.6,442453122394900,"FOSTER LAKE BELOW GEDNEY CREEK, AT FOSTER, OR",44.4148361,-122.6636167
2024-01-04,44.1,442453122394900,"FOSTER LAKE BELOW GEDNEY CREEK, AT FOSTER, OR",44.4148361,-122.6636167
2024-01-05,40.8,442453122394900,"FOSTER LAKE BELOW GEDNEY CREEK, AT FOSTER, OR",44.4148361,-122.6636167
2024-01-06,35.4,442453122394900,"FOSTER LAKE BELOW GEDNEY CREEK, AT FOSTER, OR",44.4148361,-122.6636167
2024-01-07,34.5,442453122394900,"FOSTER LAKE BELOW GEDNEY CREEK, AT FOSTER, OR",44.4148361,-122.6636167
2024-01-08,35.6,442453122394900,"FOSTER LAKE BELOW GEDNEY CREEK, AT FOSTER, OR",44.4148361,-122.6636167
2024-01-09,31.0,442453122394900,"FOSTER LAKE BELOW GEDNEY CREEK, AT FOSTER, OR",44.4148361,-122.6636167
2024-01-10,28.4,442453122394900,"FOSTER LAKE BELOW GEDNEY CREEK, AT FOSTER, OR",44.4148361,-122.6636167
2024-01-11,25.0,442453122394900,"FOSTER LAKE BELOW GEDNEY CREEK, AT FOSTER, OR",44.4148361,-122.6636167
2024-01-12,27.8,442453122394900,"FOSTER LAKE BELOW GEDNEY CREEK, AT FOSTER, OR",44.4148361,-122.6636167
2024-01-13,30.4,442453122394900,"FOSTER LAKE BELOW GEDNEY CREEK, AT FOSTER, OR",44.4148361,-122.6636167
2024-01-14,31.2,442453122394900,"FOSTER LAKE BELOW GEDNEY CREEK, AT FOSTER, OR",44.4148361,-122.6636167
2024-01-15,27.0,442453122394900,"FOSTER LAKE BELOW GEDNEY CREEK, AT FOSTER, OR",44.4148361,-122.6636167
2024-01-16,26.6,442453122394900,"FOSTER LAKE BELOW GEDNEY CREEK, AT FOSTER, OR",44.4148361,-122.6636167
2024-01-17,30.2,442453122394900,"FOSTER LAKE BELOW GEDNEY CREEK, AT FOSTER, OR",44.4148361,-122.6636167
2024-01-18,68.6,442453122394900,"FOSTER LAKE BELOW GEDNEY CREEK, AT FOSTER, OR",44.4148361,-122.6636167
2024-01-19,55.7,442453122394900,"FOSTER LAKE BELOW GEDNEY CREEK, AT FOSTER, OR",44.4148361,-122.6636167
2024-01-20,34.1,442453122394900,"FOSTER LAKE BELOW GEDNEY CREEK, AT FOSTER, OR",44.4148361,-122.6636167
2024-01-21,26.4,442453122394900,"FOSTER LAKE BELOW GEDNEY CREEK, AT FOSTER, OR",44.4148361,-122.6636167
2024-01-22,22.6,442453122394900,"FOSTER LAKE BELOW GEDNEY CREEK, AT FOSTER, OR",44.4148361,-122.6636167
2024-01-23,19.6,442453122394900,"FOSTER LAKE BELOW GEDNEY CREEK, AT FOSTER, OR",44.4148361,-122.6636167
2024-01-24,18.3,442453122394900,"FOSTER LAKE BELOW GEDNEY CREEK, AT FOSTER, OR",44.4148361,-122.6636167
2024-01-25,19.5,442453122394900,"FOSTER LAKE BELOW GEDNEY CREEK, AT FOSTER, OR",44.4148361,-122.6636167
2024-01-26,19.6,442453122394900,"FOSTER LAKE BELOW GEDNEY CREEK, AT FOSTER, OR",44.4148361,-122.6636167
2024-01-27,26.7,442453122394900,"FOSTER LAKE BELOW GEDNEY CREEK, AT FOSTER, OR",44.4148361,-122.6636167
2024-01-28,25.7,442453122394900,"FOSTER LAKE BELOW GEDNEY CREEK, AT FOSTER, OR",44.4148361,-122.6636167
2024-01-29,20.0,442453122394900,"FOSTER LAKE BELOW GEDNEY CREEK, AT FOSTER, OR",44.4148361,-122.6636167
2024-01-30,15.8,442453122394900,"FOSTER LAKE BELOW GEDNEY CREEK, AT FOSTER, OR",44.4148361,-122.6636167
2024-01-31,13.2,442453122394900,"FOSTER LAKE BELOW GEDNEY CREEK, AT FOSTER, OR",44.4148361,-122.6636167
2024-02-01,14.0,442453122394900,"FOSTER LAKE BELOW GEDNEY CREEK, AT FOSTER, OR",44.4148361,-122.6636167
2024-02-02,16.4,442453122394900,"FOSTER LAKE BELOW GEDNEY CREEK, AT FOSTER, OR",44.4148361,-122.6636167
2024-02-03,19.3,442453122394900,"FOSTER LAKE BELOW GEDNEY CREEK, AT FOSTER, OR",44.4148361,-122.6636167
2024-02-04,20.2,442453122394900,"FOSTER LAKE BELOW GEDNEY CREEK, AT FOSTER, OR",44.4148361,-122.6636167
2024-02-05,19.5,442453122394900,"FOSTER LAKE BELOW GEDNEY CREEK, AT FOSTER, OR",44.4148361,-122.6636167
2024-02-06,16.6,442453122394900,"FOSTER LAKE BELOW GEDNEY CREEK, AT FOSTER, OR",44.4148361,-122.6636167
2024-02-07,17.3,442453122394900,"FOSTER LAKE BELOW GEDNEY CREEK, AT FOSTER, OR",44.4148361,-122.6636167
2024-02-08,14.2,442453122394900,"FOSTER LAKE BELOW GEDNEY CREEK, AT FOSTER, OR",44.4148361,-122.6636167
2024-02-09,17.7,442453122394900,"FOSTER LAKE BELOW GEDNEY CREEK, AT FOSTER, OR",44.4148361,-122.6636167
2024-02-10,15.9,442453122394900,"FOSTER LAKE BELOW GEDNEY CREEK, AT FOSTER, OR",44.4148361,-122.6636167
2024-02-11,14.4,442453122394900,"FOSTER LAKE BELOW GEDNEY CREEK, AT FOSTER, OR",44.4148361,-122.6636167
2024-02-12,12.6,442453122394900,"FOSTER LAKE BELOW GEDNEY CREEK, AT FOSTER, OR",44.4148361,-122.6636167
2024-02-13,14.1,442453122394900,"FOSTER LAKE BELOW GEDNEY CREEK, AT FOSTER, OR",44.4148361,-122.6636167
2024-02-14,13.1,442453122394900,"FOSTER LAKE BELOW GEDNEY CREEK, AT FOSTER, OR",44.4148361,-122.6636167
2024-02-15,13.3,442453122394900,"FOSTER LAKE BELOW GEDNEY CREEK, AT FOSTER, OR",44.4148361,-122.6636167
2024-02-16,11.7,442453122394900,"FOSTER LAKE BELOW GEDNEY CREEK, AT FOSTER, OR",44.4148361,-122.6636167
2024-02-17,11.4,442453122394900,"FOSTER LAKE BELOW GEDNEY CREEK, AT FOSTER, OR",44.4148361,-122.6636167
2024-02-18,10.1,442453122394900,"FOSTER LAKE BELOW GEDNEY CREEK, AT FOSTER, OR",44.4148361,-122.6636167
2024-02-19,8.3,442453122394900,"FOSTER LAKE BELOW GEDNEY CREEK, AT FOSTER, OR",44.4148361,-122.6636167
2024-02-20,7.2,442453122394900,"FOSTER LAKE BELOW GEDNEY CREEK, AT FOSTER, OR",44.4148361,-122.6636167
2024-02-21,5.6,442453122394900,"FOSTER LAKE BELOW GEDNEY CREEK, AT FOSTER, OR",44.4148361,-122.6636167
2024-02-22,5.1,442453122394900,"FOSTER LAKE BELOW GEDNEY CREEK, AT FOSTER, OR",44.4148361,-122.6636167
2024-02-23,5.8,442453122394900,"FOSTER LAKE BELOW GEDNEY CREEK, AT FOSTER, OR",44.4148361,-122.6636167
2024-02-24,5.4,442453122394900,"FOSTER LAKE BELOW GEDNEY CREEK, AT FOSTER, OR",44.4148361,-122.6636167
2024-02-25,5.2,442453122394900,"FOSTER LAKE BELOW GEDNEY CREEK, AT FOSTER, OR",44.4148361,-122.6636167
2024-02-26,5.7,442453122394900,"FOSTER LAKE BELOW GEDNEY CREEK, AT FOSTER, OR",44.4148361,-122.6636167
2024-02-27,5.0,442453122394900,"FOSTER LAKE BELOW GEDNEY CREEK, AT FOSTER, OR",44.4148361,-122.6636167
2024-02-28,6.2,442453122394900,"FOSTER LAKE BELOW GEDNEY CREEK, AT FOSTER, OR",44.4148361,-122.6636167
2024-02-29,5.6,442453122394900,"FOSTER LAKE BELOW GEDNEY CREEK, AT FOSTER, OR",44.4148361,-122.6636167
2024-03-01,6.7,442453122394900,"FOSTER LAKE BELOW GEDNEY CREEK, AT FOSTER, OR",44.4148361,-122.6636167
2024-03-02,8.0,442453122394900,"FOSTER LAKE BELOW GEDNEY CREEK, AT FOSTER, OR",44.4148361,-122.6636167
2024-03-03,5.5,442453122394900,"FOSTER LAKE BELOW GEDNEY CREEK, AT FOSTER, OR",44.4148361,-122.6636167
2024-03-04,5.3,442453122394900,"FOSTER LAKE BELOW GEDNEY CREEK, AT FOSTER, OR",44.4148361,-122.6636167
2024-03-05,4.6,442453122394900,"FOSTER LAKE BELOW GEDNEY CREEK, AT FOSTER, OR",44.4148361,-122.6636167
2024-03-06,3.8,442453122394900,"FOSTER LAKE BELOW GEDNEY CREEK, AT FOSTER, OR",44.4148361,-122.6636167
2024-03-07,3.0,442453122394900,"FOSTER LAKE BELOW GEDNEY CREEK, AT FOSTER, OR",44.4148361,-122.6636167
2024-03-08,2.6,442453122394900,"FOSTER LAKE BELOW GEDNEY CREEK, AT FOSTER, OR",44.4148361,-122.6636167
2024-03-09,2.8,442453122394900,"FOSTER LAKE BELOW GEDNEY CREEK, AT FOSTER, OR",44.4148361,-122.6636167
2024-03-10,2.7,442453122394900,"FOSTER LAKE BELOW GEDNEY CREEK, AT FOSTER, OR",44.4148361,-122.6636167
2024-03-11,2.1,442453122394900,"FOSTER LAKE BELOW GEDNEY CREEK, AT FOSTER, OR",44.4148361,-122.6636167
2024-03-12,1.8,442453122394900,"FOSTER LAKE BELOW GEDNEY CREEK, AT FOSTER, OR",44.4148361,-122.6636167
2024-03-13,1.2,442453122394900,"FOSTER LAKE BELOW GEDNEY CREEK, AT FOSTER, OR",44.4148361,-122.6636167
2024-03-14,1.3,442453122394900,"FOSTER LAKE BELOW GEDNEY CREEK, AT FOSTER, OR",44.4148361,-122.6636167
2024-03-15,1.0,442453122394900,"FOSTER LAKE BELOW GEDNEY CREEK, AT FOSTER, OR",44.4148361,-122.6636167
2024-03-16,1.0,442453122394900,"FOSTER LAKE BELOW GEDNEY CREEK, AT FOSTER, OR",44.4148361,-122.6636167
2024-03-17,0.8,442453122394900,"FOSTER LAKE BELOW GEDNEY CREEK, AT FOSTER, OR",44.4148361,-122.6636167
2024-03-18,0.6,442453122394900,"FOSTER LAKE BELOW GEDNEY CREEK, AT FOSTER, OR",44.4148361,-122.6636167
2024-03-19,0.6,442453122394900,"FOSTER LAKE BELOW GEDNEY CREEK, AT FOSTER, OR",44.4148361,-122.6636167
2024-03-20,1.0,442453122394900,"FOSTER LAKE BELOW GEDNEY CREEK, AT FOSTER, OR",44.4148361,-122.6636167
2024-03-21,0.9,442453122394900,"FOSTER LAKE BELOW GEDNEY CREEK, AT FOSTER, OR",44.4148361,-122.6636167
2024-03-22,0.5,442453122394900,"FOSTER LAKE BELOW GEDNEY CREEK, AT FOSTER, OR",44.4148361,-122.6636167
2024-03-23,0.3,442453122394900,"FOSTER LAKE BELOW GEDNEY CREEK, AT FOSTER, OR",44.4148361,-122.6636167
2024-03-24,0.9,442453122394900,"FOSTER LAKE BELOW GEDNEY CREEK, AT FOSTER, OR",44.4148361,-122.6636167
2024-03-25,0.3,442453122394900,"FOSTER LAKE BELOW GEDNEY CREEK, AT FOSTER, OR",44.4148361,-122.6636167
2024-03-26,0.2,442453122394900,"FOSTER LAKE BELOW GEDNEY CREEK, AT FOSTER, OR",44.4148361,-122.6636167
2024-03-27,0.9,442453122394900,"FOSTER LAKE BELOW GEDNEY CREEK, AT FOSTER, OR",44.4148361,-122.6636167
2024-03-28,0.8,442453122394900,"FOSTER LAKE BELOW GEDNEY CREEK, AT FOSTER, OR",44.4148361,-122.6636167
2024-03-29,1.0,442453122394900,"FOSTER LAKE BELOW GEDNEY CREEK, AT FOSTER, OR",44.4148361,-122.6636167
2024-03-30,1.0,442453122394900,"FOSTER LAKE BELOW GEDNEY CREEK, AT FOSTER, OR",44.4148361,-122.6636167
2024-03-31,0.9,442453122394900,"FOSTER LAKE BELOW GEDNEY CREEK, AT FOSTER, OR",44.4148361,-122.6636167
2024-04-01,0.6,442453122394900,"FOSTER LAKE BELOW GEDNEY CREEK, AT FOSTER, OR",44.4148361,-122.6636167
2024-04-02,0.6,442453122394900,"FOSTER LAKE BELOW GEDNEY CREEK, AT FOSTER, OR",44.4148361,-122.6636167
2024-04-03,0.3,442453122394900,"FOSTER LAKE BELOW GEDNEY CREEK, AT FOSTER, OR",44.4148361,-122.6636167
2024-04-04,0.2,442453122394900,"FOSTER LAKE BELOW GEDNEY CREEK, AT FOSTER, OR",44.4148361,-122.6636167
2024-04-05,0.5,442453122394900,"FOSTER LAKE BELOW GEDNEY CREEK, AT FOSTER, OR",44.4148361,-122.6636167
2024-04-06,0.0,442453122394900,"FOSTER LAKE BELOW GEDNEY CREEK, AT FOSTER, OR",44.4148361,-122.6636167
2024-04-07,0.3,442453122394900,"FOSTER LAKE BELOW GEDNEY CREEK, AT FOSTER, OR",44.4148361,-122.6636167
2024-04-08,0.3,442453122394900,"FOSTER LAKE BELOW GEDNEY CREEK, AT FOSTER, OR",44.4148361,-122.6636167
2024-04-09,0.9,442453122394900,"FOSTER LAKE BELOW GEDNEY CREEK, AT FOSTER, OR",44.4148361,-122.6636167
2024-04-10,0.4,442453122394900,"FOSTER LAKE BELOW GEDNEY CREEK, AT FOSTER, OR",44.4148361,-122.6636167
2024-04-11,0.7,442453122394900,"FOSTER LAKE BELOW GEDNEY CREEK, AT FOSTER, OR",44.4148361,-122.6636167
2024-04-12,0.2,442453122394900,"FOSTER LAKE BELOW GEDNEY CREEK, AT FOSTER, OR",44.4148361,-122.6636167
2024-04-13,0.3,442453122394900,"FOSTER LAKE BELOW GEDNEY CREEK, AT FOSTER, OR",44.4148361,-122.6636167
2024-04-14,0.4,442453122394900,"FOSTER LAKE BELOW GEDNEY CREEK, AT FOSTER, OR",44.4148361,-122.6636167
2024-04-15,0.0,442453122394900,"FOSTER LAKE BELOW GEDNEY CREEK, AT FOSTER, OR",44.4148361,-122.6636167
2024-04-16,0.3,442453122394900,"FOSTER LAKE BELOW GEDNEY CREEK, AT FOSTER, OR",44.4148361,-122.6636167
2024-04-17,0.3,442453122394900,"FOSTER LAKE BELOW GEDNEY CREEK, AT FOSTER, OR",44.4148361,-122.6636167
2024-04-18,0.5,442453122394900,"FOSTER LAKE BELOW GEDNEY CREEK, AT FOSTER, OR",44.4148361,-122.6636167
2024-04-19,0.2,442453122394900,"FOSTER LAKE BELOW GEDNEY CREEK, AT FOSTER, OR",44.4148361,-122.6636167
2024-04-20,0.0,442453122394900,"FOSTER LAKE BELOW GEDNEY CREEK, AT FOSTER, OR",44.4148361,-122.6636167
2024-04-21,0.0,442453122394900,"FOSTER LAKE BELOW GEDNEY CREEK, AT FOSTER, OR",44.4148361,-122.6636167
2024-04-22,0.0,442453122394900,"FOSTER LAKE BELOW GEDNEY CREEK, AT FOSTER, OR",44.4148361,-122.6636167
2024-04-23,0.0,442453122394900,"FOSTER LAKE BELOW GEDNEY CREEK, AT FOSTER, OR",44.4148361,-122.6636167
2024-04-24,0.0,442453122394900,"FOSTER LAKE BELOW GEDNEY CREEK, AT FOSTER, OR",44.4148361,-122.6636167
2024-04-25,0.0,442453122394900,"FOSTER LAKE BELOW GEDNEY CREEK, AT FOSTER, OR",44.4148361,-122.6636167
2024-04-26,0.7,442453122394900,"FOSTER LAKE BELOW GEDNEY CREEK, AT FOSTER, OR",44.4148361,-122.6636167
2024-04-27,0.7,442453122394900,"FOSTER LAKE BELOW GEDNEY CREEK, AT FOSTER, OR",44.4148361,-122.6636167
2024-04-28,0.3,442453122394900,"FOSTER LAKE BELOW GEDNEY CREEK, AT FOSTER, OR",44.4148361,-122.6636167
2024-04-29,0.4,442453122394900,"FOSTER LAKE BELOW GEDNEY CREEK, AT FOSTER, OR",44.4148361,-122.6636167
2024-04-30,0.2,442453122394900,"FOSTER LAKE BELOW GEDNEY CREEK, AT FOSTER, OR",44.4148361,-122.6636167
2024-05-01,0.4,442453122394900,"FOSTER LAKE BELOW GEDNEY CREEK, AT FOSTER, OR",44.4148361,-122.6636167
2024-05-02,0.5,442453122394900,"FOSTER LAKE BELOW GEDNEY CREEK, AT FOSTER, OR",44.4148361,-122.6636167
2024-05-03,0.1,442453122394900,"FOSTER LAKE BELOW GEDNEY CREEK, AT FOSTER, OR",44.4148361,-122.6636167
2024-05-04,0.2,442453122394900,"FOSTER LAKE BELOW GEDNEY CREEK, AT FOSTER, OR",44.4148361,-122.6636167
2024-05-05,0.8,442453122394900,"FOSTER LAKE BELOW GEDNEY CREEK, AT FOSTER, OR",44.4148361,-122.6636167
2024-05-06,3.1,442453122394900,"FOSTER LAKE BELOW GEDNEY CREEK, AT FOSTER, OR",44.4148361,-122.6636167
2024-05-07,3.4,442453122394900,"FOSTER LAKE BELOW GEDNEY CREEK, AT FOSTER, OR",44.4148361,-122.6636167
2024-05-08,3.3,442453122394900,"FOSTER LAKE BELOW GEDNEY CREEK, AT FOSTER, OR",44.4148361,-122.6636167
2024-05-09,2.7,442453122394900,"FOSTER LAKE BELOW GEDNEY CREEK, AT FOSTER, OR",44.4148361,-122.6636167
2024-05-10,1.5,442453122394900,"FOSTER LAKE BELOW GEDNEY CREEK, AT FOSTER, OR",44.4148361,-122.6636167
2024-05-11,0.8,442453122394900,"FOSTER LAKE BELOW GEDNEY CREEK, AT FOSTER, OR",44.4148361,-122.6636167
2024-05-12,1.2,442453122394900,"FOSTER LAKE BELOW GEDNEY CREEK, AT FOSTER, OR",44.4148361,-122.6636167
2024-05-13,0.8,442453122394900,"FOSTER LAKE BELOW GEDNEY CREEK, AT FOSTER, OR",44.4148361,-122.6636167
2024-05-14,0.8,442453122394900,"FOSTER LAKE BELOW GEDNEY CREEK, AT FOSTER, OR",44.4148361,-122.6636167
2024-05-15,0.8,442453122394900,"FOSTER LAKE BELOW GEDNEY CREEK, AT FOSTER, OR",44.4148361,-122.6636167
2024-05-16,0.1,442453122394900,"FOSTER LAKE BELOW GEDNEY CREEK, AT FOSTER, OR",44.4148361,-122.6636167
2024-05-17,0.3,442453122394900,"FOSTER LAKE BELOW GEDNEY CREEK, AT FOSTER, OR",44.4148361,-122.6636167
2024-05-18,0.1,442453122394900,"FOSTER LAKE BELOW GEDNEY CREEK, AT FOSTER, OR",44.4148361,-122.6636167
2024-05-19,0.4,442453122394900,"FOSTER LAKE BELOW GEDNEY CREEK, AT FOSTER, OR",44.4148361,-122.6636167
2024-05-20,0.4,442453122394900,"FOSTER LAKE BELOW GEDNEY CREEK, AT FOSTER, OR",44.4148361,-122.6636167
2024-05-21,0.2,442453122394900,"FOSTER LAKE BELOW GEDNEY CREEK, AT FOSTER, OR",44.4148361,-122.6636167
2024-05-22,0.2,442453122394900,"FOSTER LAKE BELOW GEDNEY CREEK, AT FOSTER, OR",44.4148361,-122.6636167
2024-05-23,0.3,442453122394900,"FOSTER LAKE BELOW GEDNEY CREEK, AT FOSTER, OR",44.4148361,-122.6636167
2024-05-24,0.3,442453122394900,"FOSTER LAKE BELOW GEDNEY CREEK, AT FOSTER, OR",44.4148361,-122.6636167
2024-05-25,0.4,442453122394900,"FOSTER LAKE BELOW GEDNEY CREEK, AT FOSTER, OR",44.4148361,-122.6636167
2024-05-26,0.2,442453122394900,"FOSTER LAKE BELOW GEDNEY CREEK, AT FOSTER, OR",44.4148361,-122.6636167
2024-05-27,0.3,442453122394900,"FOSTER LAKE BELOW GEDNEY CREEK, AT FOSTER, OR",44.4148361,-122.6636167
2024-05-28,0.4,442453122394900,"FOSTER LAKE BELOW GEDNEY CREEK, AT FOSTER, OR",44.4148361,-122.6636167
2024-05-29,0.1,442453122394900,"FOSTER LAKE BELOW GEDNEY CREEK, AT FOSTER, OR",44.4148361,-122.6636167
2024-05-30,0.1,442453122394900,"FOSTER LAKE BELOW GEDNEY CREEK, AT FOSTER, OR",44.4148361,-122.6636167
2024-05-31,0.3,442453122394900,"FOSTER LAKE BELOW GEDNEY CREEK, AT FOSTER, OR",44.4148361,-122.6636167
2024-06-01,0.3,442453122394900,"FOSTER LAKE BELOW GEDNEY CREEK, AT FOSTER, OR",44.4148361,-122.6636167
2024-06-02,0.6,442453122394900,"FOSTER LAKE BELOW GEDNEY CREEK, AT FOSTER, OR",44.4148361,-122.6636167
2024-06-03,1.5,442453122394900,"FOSTER LAKE BELOW GEDNEY CREEK, AT FOSTER, OR",44.4148361,-122.6636167
2024-06-04,2.0,442453122394900,"FOSTER LAKE BELOW GEDNEY CREEK, AT FOSTER, OR",44.4148361,-122.6636167
2024-06-05,1.8,442453122394900,"FOSTER LAKE BELOW GEDNEY CREEK, AT FOSTER, OR",44.4148361,-122.6636167
2024-06-06,2.2,442453122394900,"FOSTER LAKE BELOW GEDNEY CREEK, AT FOSTER, OR",44.4148361,-122.6636167
2024-06-07,2.0,442453122394900,"FOSTER LAKE BELOW GEDNEY CREEK, AT FOSTER, OR",44.4148361,-122.6636167
2024-06-08,2.1,442453122394900,"FOSTER LAKE BELOW GEDNEY CREEK, AT FOSTER, OR",44.4148361,-122.6636167
2024-06-09,1.9,442453122394900,"FOSTER LAKE BELOW GEDNEY CREEK, AT FOSTER, OR",44.4148361,-122.6636167
2024-06-10,1.9,442453122394900,"FOSTER LAKE BELOW GEDNEY CREEK, AT FOSTER, OR",44.4148361,-122.6636167
2024-06-11,1.8,442453122394900,"FOSTER LAKE BELOW GEDNEY CREEK, AT FOSTER, OR",44.4148361,-122.6636167
2024-06-12,1.9,442453122394900,"FOSTER LAKE BELOW GEDNEY CREEK, AT FOSTER, OR",44.4148361,-122.6636167
2024-06-13,2.1,442453122394900,"FOSTER LAKE BELOW GEDNEY CREEK, AT FOSTER, OR",44.4148361,-122.6636167
2024-06-14,1.2,442453122394900,"FOSTER LAKE BELOW GEDNEY CREEK, AT FOSTER, OR",44.4148361,-122.6636167
2024-06-15,1.7,442453122394900,"FOSTER LAKE BELOW GEDNEY CREEK, AT FOSTER, OR",44.4148361,-122.6636167
2024-06-16,1.3,442453122394900,"FOSTER LAKE BELOW GEDNEY CREEK, AT FOSTER, OR",44.4148361,-122.6636167
2024-06-17,1.9,442453122394900,"FOSTER LAKE BELOW GEDNEY CREEK, AT FOSTER, OR",44.4148361,-122.6636167
2024-06-18,1.7,442453122394900,"FOSTER LAKE BELOW GEDNEY CREEK, AT FOSTER, OR",44.4148361,-122.6636167
2024-06-19,1.8,442453122394900,"FOSTER LAKE BELOW GEDNEY CREEK, AT FOSTER, OR",44.4148361,-122.6636167
2024-06-20,2.0,442453122394900,"FOSTER LAKE BELOW GEDNEY CREEK, AT FOSTER, OR",44.4148361,-122.6636167
2024-06-21,1.9,442453122394900,"FOSTER LAKE BELOW GEDNEY CREEK, AT FOSTER, OR",44.4148361,-122.6636167
2024-06-22,1.6,442453122394900,"FOSTER LAKE BELOW GEDNEY CREEK, AT FOSTER, OR",44.4148361,-122.6636167
2024-06-23,2.1,442453122394900,"FOSTER LAKE BELOW GEDNEY CREEK, AT FOSTER, OR",44.4148361,-122.6636167
2024-06-24,2.1,442453122394900,"FOSTER LAKE BELOW GEDNEY CREEK, AT FOSTER, OR",44.4148361,-122.6636167
2024-06-25,1.9,442453122394900,"FOSTER LAKE BELOW GEDNEY CREEK, AT FOSTER, OR",44.4148361,-122.6636167
2024-06-26,1.9,442453122394900,"FOSTER LAKE BELOW GEDNEY CREEK, AT FOSTER, OR",44.4148361,-122.6636167
2024-06-27,1.5,442453122394900,"FOSTER LAKE BELOW GEDNEY CREEK, AT FOSTER, OR",44.4148361,-122.6636167
2024-06-28,2.1,442453122394900,"FOSTER LAKE BELOW GEDNEY CREEK, AT FOSTER, OR",44.4148361,-122.6636167
2024-06-29,1.4,442453122394900,"FOSTER LAKE BELOW GEDNEY CREEK, AT FOSTER, OR",44.4148361,-122.6636167
2024-06-30,2.0,442453122394900,"FOSTER LAKE BELOW GEDNEY CREEK, AT FOSTER, OR",44.4148361,-122.6636167
2024-07-01,1.9,442453122394900,"FOSTER LAKE BELOW GEDNEY CREEK, AT FOSTER, OR",44.4148361,-122.6636167
2024-07-02,1.9,442453122394900,"FOSTER LAKE BELOW GEDNEY CREEK, AT FOSTER, OR",44.4148361,-122.6636167
2024-07-03,1.7,442453122394900,"FOSTER LAKE BELOW GEDNEY CREEK, AT FOSTER, OR",44.4148361,-122.6636167
2024-07-04,2.1,442453122394900,"FOSTER LAKE BELOW GEDNEY CREEK, AT FOSTER, OR",44.4148361,-122.6636167
2024-07-05,2.1,442453122394900,"FOSTER LAKE BELOW GEDNEY CREEK, AT FOSTER, OR",44.4148361,-122.6636167
2024-07-06,2.0,442453122394900,"FOSTER LAKE BELOW GEDNEY CREEK, AT FOSTER, OR",44.4148361,-122.6636167
2024-07-07,2.1,442453122394900,"FOSTER LAKE BELOW GEDNEY CREEK, AT FOSTER, OR",44.4148361,-122.6636167
2024-07-08,2.0,442453122394900,"FOSTER LAKE BELOW GEDNEY CREEK, AT FOSTER, OR",44.4148361,-122.6636167
2024-07-09,1.9,442453122394900,"FOSTER LAKE BELOW GEDNEY CREEK, AT FOSTER, OR",44.4148361,-122.6636167
2024-07-10,1.3,442453122394900,"FOSTER LAKE BELOW GEDNEY CREEK, AT FOSTER, OR",44.4148361,-122.6636167
2024-07-11,1.2,442453122394900,"FOSTER LAKE BELOW GEDNEY CREEK, AT FOSTER, OR",44.4148361,-122.6636167
2024-07-12,1.7,442453122394900,"FOSTER LAKE BELOW GEDNEY CREEK, AT FOSTER, OR",44.4148361,-122.6636167
2024-07-13,1.8,442453122394900,"FOSTER LAKE BELOW GEDNEY CREEK, AT FOSTER, OR",44.4148361,-122.6636167
2024-07-14,2.0,442453122394900,"FOSTER LAKE BELOW GEDNEY CREEK, AT FOSTER, OR",44.4148361,-122.6636167
2024-07-15,1.9,442453122394900,"FOSTER LAKE BELOW GEDNEY CREEK, AT FOSTER, OR",44.4148361,-122.6636167
2024-07-16,1.7,442453122394900,"FOSTER LAKE BELOW GEDNEY CREEK, AT FOSTER, OR",44.4148361,-122.6636167
2024-07-17,1.3,442453122394900,"FOSTER LAKE BELOW GEDNEY CREEK, AT FOSTER, OR",44.4148361,-122.6636167
2024-07-18,1.3,442453122394900,"FOSTER LAKE BELOW GEDNEY CREEK, AT FOSTER, OR",44.4148361,-122.6636167
2024-07-19,1.7,442453122394900,"FOSTER LAKE BELOW GEDNEY CREEK, AT FOSTER, OR",44.4148361,-122.6636167
2024-07-20,1.5,442453122394900,"FOSTER LAKE BELOW GEDNEY CREEK, AT FOSTER, OR",44.4148361,-122.6636167
2024-07-21,1.4,442453122394900,"FOSTER LAKE BELOW GEDNEY CREEK, AT FOSTER, OR",44.4148361,-122.6636167
2024-07-22,1.4,442453122394900,"FOSTER LAKE BELOW GEDNEY CREEK, AT FOSTER, OR",44.4148361,-122.6636167
2024-07-23,1.4,442453122394900,"FOSTER LAKE BELOW GEDNEY CREEK, AT FOSTER, OR",44.4148361,-122.6636167
2024-07-24,1.8,442453122394900,"FOSTER LAKE BELOW GEDNEY CREEK, AT FOSTER, OR",44.4148361,-122.6636167
2024-07-25,1.1,442453122394900,"FOSTER LAKE BELOW GEDNEY CREEK, AT FOSTER, OR",44.4148361,-122.6636167
2024-07-26,1.8,442453122394900,"FOSTER LAKE BELOW GEDNEY CREEK, AT FOSTER, OR",44.4148361,-122.6636167
2024-07-27,1.1,442453122394900,"FOSTER LAKE BELOW GEDNEY CREEK, AT FOSTER, OR",44.4148361,-122.6636167
2024-07-28,1.1,442453122394900,"FOSTER LAKE BELOW GEDNEY CREEK, AT FOSTER, OR",44.4148361,-122.6636167
2024-07-29,1.1,442453122394900,"FOSTER LAKE BELOW GEDNEY CREEK, AT FOSTER, OR",44.4148361,-122.6636167
2024-07-30,1.2,442453122394900,"FOSTER LAKE BELOW GEDNEY CREEK, AT FOSTER, OR",44.4148361,-122.6636167
2024-07-31,1.2,442453122394900,"FOSTER LAKE BELOW GEDNEY CREEK, AT FOSTER, OR",44.4148361,-122.6636167
2024-08-01,1.5,442453122394900,"FOSTER LAKE BELOW GEDNEY CREEK, AT FOSTER, OR",44.4148361,-122.6636167
2024-08-02,1.5,442453122394900,"FOSTER LAKE BELOW GEDNEY CREEK, AT FOSTER, OR",44.4148361,-122.6636167
2024-08-03,1.3,442453122394900,"FOSTER LAKE BELOW GEDNEY CREEK, AT FOSTER, OR",44.4148361,-122.6636167
2024-08-04,1.4,442453122394900,"FOSTER LAKE BELOW GEDNEY CREEK, AT FOSTER, OR",44.4148361,-122.6636167
2024-08-05,1.7,442453122394900,"FOSTER LAKE BELOW GEDNEY CREEK, AT FOSTER, OR",44.4148361,-122.6636167
2024-08-06,1.3,442453122394900,"FOSTER LAKE BELOW GEDNEY CREEK, AT FOSTER, OR",44.4148361,-122.6636167
2024-08-07,1.4,442453122394900,"FOSTER LAKE BELOW GEDNEY CREEK, AT FOSTER, OR",44.4148361,-122.6636167
2024-08-08,1.9,442453122394900,"FOSTER LAKE BELOW GEDNEY CREEK, AT FOSTER, OR",44.4148361,-122.6636167
2024-08-09,1.9,442453122394900,"FOSTER LAKE BELOW GEDNEY CREEK, AT FOSTER, OR",44.4148361,-122.6636167
2024-08-10,1.7,442453122394900,"FOSTER LAKE BELOW GEDNEY CREEK, AT FOSTER, OR",44.4148361,-122.6636167
2024-08-11,1.4,442453122394900,"FOSTER LAKE BELOW GEDNEY CREEK, AT FOSTER, OR",44.4148361,-122.6636167
2024-08-12,1.3,442453122394900,"FOSTER LAKE BELOW GEDNEY CREEK, AT FOSTER, OR",44.4148361,-122.6636167
2024-08-13,1.3,442453122394900,"FOSTER LAKE BELOW GEDNEY CREEK, AT FOSTER, OR",44.4148361,-122.6636167
2024-08-14,1.3,442453122394900,"FOSTER LAKE BELOW GEDNEY CREEK, AT FOSTER, OR",44.4148361,-122.6636167
2024-08-15,1.2,442453122394900,"FOSTER LAKE BELOW GEDNEY CREEK, AT FOSTER, OR",44.4148361,-122.6636167
2024-08-16,1.6,442453122394900,"FOSTER LAKE BELOW GEDNEY CREEK, AT FOSTER, OR",44.4148361,-122.6636167
2024-08-17,1.5,442453122394900,"FOSTER LAKE BELOW GEDNEY CREEK, AT FOSTER, OR",44.4148361,-122.6636167
2024-08-18,1.5,442453122394900,"FOSTER LAKE BELOW GEDNEY CREEK, AT FOSTER, OR",44.4148361,-122.6636167
2024-08-19,1.2,442453122394900,"FOSTER LAKE BELOW GEDNEY CREEK, AT FOSTER, OR",44.4148361,-122.6636167
2024-08-20,1.3,442453122394900,"FOSTER LAKE BELOW GEDNEY CREEK, AT FOSTER, OR",44.4148361,-122.6636167
2024-08-21,1.3,442453122394900,"FOSTER LAKE BELOW GEDNEY CREEK, AT FOSTER, OR",44.4148361,-122.6636167
2024-08-22,1.3,442453122394900,"FOSTER LAKE BELOW GEDNEY CREEK, AT FOSTER, OR",44.4148361,-122.6636167
2024-08-23,1.9,442453122394900,"FOSTER LAKE BELOW GEDNEY CREEK, AT FOSTER, OR",44.4148361,-122.6636167
2024-08-24,1.3,442453122394900,"FOSTER LAKE BELOW GEDNEY CREEK, AT FOSTER, OR",44.4148361,-122.6636167
2024-08-25,1.4,442453122394900,"FOSTER LAKE BELOW GEDNEY CREEK, AT FOSTER, OR",44.4148361,-122.6636167
2024-08-26,1.7,442453122394900,"FOSTER LAKE BELOW GEDNEY CREEK, AT FOSTER, OR",44.4148361,-122.6636167
2024-08-27,1.5,442453122394900,"FOSTER LAKE BELOW GEDNEY CREEK, AT FOSTER, OR",44.4148361,-122.6636167
2024-08-28,1.9,442453122394900,"FOSTER LAKE BELOW GEDNEY CREEK, AT FOSTER, OR",44.4148361,-122.6636167
2024-08-29,1.6,442453122394900,"FOSTER LAKE BELOW GEDNEY CREEK, AT FOSTER, OR",44.4148361,-122.6636167
2024-08-30,1.7,442453122394900,"FOSTER LAKE BELOW GEDNEY CREEK, AT FOSTER, OR",44.4148361,-122.6636167
2024-08-31,1.8,442453122394900,"FOSTER LAKE BELOW GEDNEY CREEK, AT FOSTER, OR",44.4148361,-122.6636167
2024-09-01,2.0,442453122394900,"FOSTER LAKE BELOW GEDNEY CREEK, AT FOSTER, OR",44.4148361,-122.6636167
2024-09-02,1.9,442453122394900,"FOSTER LAKE BELOW GEDNEY CREEK, AT FOSTER, OR",44.4148361,-122.6636167
2024-09-03,1.9,442453122394900,"FOSTER LAKE BELOW GEDNEY CREEK, AT FOSTER, OR",44.4148361,-122.6636167
2024-09-04,2.0,442453122394900,"FOSTER LAKE BELOW GEDNEY CREEK, AT FOSTER, OR",44.4148361,-122.6636167
2024-09-05,2.5,442453122394900,"FOSTER LAKE BELOW GEDNEY CREEK, AT FOSTER, OR",44.4148361,-122.6636167
2024-09-06,2.2,442453122394900,"FOSTER LAKE BELOW GEDNEY CREEK, AT FOSTER, OR",44.4148361,-122.6636167
2024-09-07,2.3,442453122394900,"FOSTER LAKE BELOW GEDNEY CREEK, AT FOSTER, OR",44.4148361,-122.6636167
2024-09-08,2.4,442453122394900,"FOSTER LAKE BELOW GEDNEY CREEK, AT FOSTER, OR",44.4148361,-122.6636167
2024-09-09,2.4,442453122394900,"FOSTER LAKE BELOW GEDNEY CREEK, AT FOSTER, OR",44.4148361,-122.6636167
2024-09-10,2.5,442453122394900,"FOSTER LAKE BELOW GEDNEY CREEK, AT FOSTER, OR",44.4148361,-122.6636167
2024-09-11,2.4,442453122394900,"FOSTER LAKE BELOW GEDNEY CREEK, AT FOSTER, OR",44.4148361,-122.6636167
2024-09-12,2.7,442453122394900,"FOSTER LAKE BELOW GEDNEY CREEK, AT FOSTER, OR",44.4148361,-122.6636167
2024-09-13,2.6,442453122394900,"FOSTER LAKE BELOW GEDNEY CREEK, AT FOSTER, OR",44.4148361,-122.6636167
2024-09-14,2.6,442453122394900,"FOSTER LAKE BELOW GEDNEY CREEK, AT FOSTER, OR",44.4148361,-122.6636167
2024-09-15,2.6,442453122394900,"FOSTER LAKE BELOW GEDNEY CREEK, AT FOSTER, OR",44.4148361,-122.6636167
2024-09-16,2.6,442453122394900,"FOSTER LAKE BELOW GEDNEY CREEK, AT FOSTER, OR",44.4148361,-122.6636167
2024-09-17,2.6,442453122394900,"FOSTER LAKE BELOW GEDNEY CREEK, AT FOSTER, OR",44.4148361,-122.6636167
2024-09-18,2.7,442453122394900,"FOSTER LAKE BELOW GEDNEY CREEK, AT FOSTER, OR",44.4148361,-122.6636167
2024-09-19,2.7,442453122394900,"FOSTER LAKE BELOW GEDNEY CREEK, AT FOSTER, OR",44.4148361,-122.6636167
2024-09-20,2.8,442453122394900,"FOSTER LAKE BELOW GEDNEY CREEK, AT FOSTER, OR",44.4148361,-122.6636167
2024-09-21,2.8,442453122394900,"FOSTER LAKE BELOW GEDNEY CREEK, AT FOSTER, OR",44.4148361,-122.6636167
2024-09-22,2.8,442453122394900,"FOSTER LAKE BELOW GEDNEY CREEK, AT FOSTER, OR",44.4148361,-122.6636167
2024-09-23,3.0,442453122394900,"FOSTER LAKE BELOW GEDNEY CREEK, AT FOSTER, OR",44.4148361,-122.6636167
2024-09-24,3.1,442453122394900,"FOSTER LAKE BELOW GEDNEY CREEK, AT FOSTER, OR",44.4148361,-122.6636167
2024-09-25,3.0,442453122394900,"FOSTER LAKE BELOW GEDNEY CREEK, AT FOSTER, OR",44.4148361,-122.6636167
2024-09-26,3.1,442453122394900,"FOSTER LAKE BELOW GEDNEY CREEK, AT FOSTER, OR",44.4148361,-122.6636167
2024-09-27,3.1,442453122394900,"FOSTER LAKE BELOW GEDNEY CREEK, AT FOSTER, OR",44.4148361,-122.6636167
2024-09-28,3.1,442453122394900,"FOSTER LAKE BELOW GEDNEY CREEK, AT FOSTER, OR",44.4148361,-122.6636167
2024-09-29,3.1,442453122394900,"FOSTER LAKE BELOW GEDNEY CREEK, AT FOSTER, OR",44.4148361,-122.6636167
2024-09-30,3.9,442453122394900,"FOSTER LAKE BELOW GEDNEY CREEK, AT FOSTER, OR",44.4148361,-122.6636167
2024-01-01,7.6,452230122512201,"CHICKEN CREEK AT SCHOLLS-SHERWOOD HWY, SHERWOOD OR",45.3748654,-122.8572543
2024-01-02,7.7,452230122512201,"CHICKEN CREEK AT SCHOLLS-SHERWOOD HWY, SHERWOOD OR",45.3748654,-122.8572543
2024-01-03,8.8,452230122512201,"CHICKEN CREEK AT SCHOLLS-SHERWOOD HWY, SHERWOOD OR",45.3748654,-122.8572543
2024-01-04,8.9,452230122512201,"CHICKEN CREEK AT SCHOLLS-SHERWOOD HWY, SHERWOOD OR",45.3748654,-122.8572543
2024-01-05,8.0,452230122512201,"CHICKEN CREEK AT SCHOLLS-SHERWOOD HWY, SHERWOOD OR",45.3748654,-122.8572543
2024-01-06,56.0,452230122512201,"CHICKEN CREEK AT SCHOLLS-SHERWOOD HWY, SHERWOOD OR",45.3748654,-122.8572543
2024-01-07,22.1,452230122512201,"CHICKEN CREEK AT SCHOLLS-SHERWOOD HWY, SHERWOOD OR",45.3748654,-122.8572543
2024-01-08,17.5,452230122512201,"CHICKEN CREEK AT SCHOLLS-SHERWOOD HWY, SHERWOOD OR",45.3748654,-122.8572543
2024-01-09,39.3,452230122512201,"CHICKEN CREEK AT SCHOLLS-SHERWOOD HWY, SHERWOOD OR",45.3748654,-122.8572543
2024-01-10,32.6,452230122512201,"CHICKEN CREEK AT SCHOLLS-SHERWOOD HWY, SHERWOOD OR",45.3748654,-122.8572543
2024-01-11,15.5,452230122512201,"CHICKEN CREEK AT SCHOLLS-SHERWOOD HWY, SHERWOOD OR",45.3748654,-122.8572543
2024-01-12,13.2,452230122512201,"CHICKEN CREEK AT SCHOLLS-SHERWOOD HWY, SHERWOOD OR",45.3748654,-122.8572543
2024-01-13,12.1,452230122512201,"CHICKEN CREEK AT SCHOLLS-SHERWOOD HWY, SHERWOOD OR",45.3748654,-122.8572543
2024-01-14,10.9,452230122512201,"CHICKEN CREEK AT SCHOLLS-SHERWOOD HWY, SHERWOOD OR",45.3748654,-122.8572543
2024-01-15,9.4,452230122512201,"CHICKEN CREEK AT SCHOLLS-SHERWOOD HWY, SHERWOOD OR",45.3748654,-122.8572543
2024-01-16,9.4,452230122512201,"CHICKEN CREEK AT SCHOLLS-SHERWOOD HWY, SHERWOOD OR",45.3748654,-122.8572543
2024-01-17,13.4,452230122512201,"CHICKEN CREEK AT SCHOLLS-SHERWOOD HWY, SHERWOOD OR",45.3748654,-122.8572543
2024-01-18,21.6,452230122512201,"CHICKEN CREEK AT SCHOLLS-SHERWOOD HWY, SHERWOOD OR",45.3748654,-122.8572543
2024-01-19,16.1,452230122512201,"CHICKEN CREEK AT SCHOLLS-SHERWOOD HWY, SHERWOOD OR",45.3748654,-122.8572543
2024-01-20,12.1,452230122512201,"CHICKEN CREEK AT SCHOLLS-SHERWOOD HWY, SHERWOOD OR",45.3748654,-122.8572543
2024-01-21,17.8,452230122512201,"CHICKEN CREEK AT SCHOLLS-SHERWOOD HWY, SHERWOOD OR",45.3748654,-122.8572543
2024-01-22,19.0,452230122512201,"CHICKEN CREEK AT SCHOLLS-SHERWOOD HWY, SHERWOOD OR",45.3748654,-122.8572543
2024-01-23,17.3,452230122512201,"CHICKEN CREEK AT SCHOLLS-SHERWOOD HWY, SHERWOOD OR",45.3748654,-122.8572543
2024-01-24,20.8,452230122512201,"CHICKEN CREEK AT SCHOLLS-SHERWOOD HWY, SHERWOOD OR",45.3748654,-122.8572543
2024-01-25,17.3,452230122512201,"CHICKEN CREEK AT SCHOLLS-SHERWOOD HWY, SHERWOOD OR",45.3748654,-122.8572543
2024-01-26,14.3,452230122512201,"CHICKEN CREEK AT SCHOLLS-SHERWOOD HWY, SHERWOOD OR",45.3748654,-122.8572543
2024-01-27,19.1,452230122512201,"CHICKEN CREEK AT SCHOLLS-SHERWOOD HWY, SHERWOOD OR",45.3748654,-122.8572543
2024-01-28,14.8,452230122512201,"CHICKEN CREEK AT SCHOLLS-SHERWOOD HWY, SHERWOOD OR",45.3748654,-122.8572543
2024-01-29,12.0,452230122512201,"CHICKEN CREEK AT SCHOLLS-SHERWOOD HWY, SHERWOOD OR",45.3748654,-122.8572543
2024-01-30,12.0,452230122512201,"CHICKEN CREEK AT SCHOLLS-SHERWOOD HWY, SHERWOOD OR",45.3748654,-122.8572543
2024-01-31,11.5,452230122512201,"CHICKEN CREEK AT SCHOLLS-SHERWOOD HWY, SHERWOOD OR",45.3748654,-122.8572543
2024-02-01,11.2,452230122512201,"CHICKEN CREEK AT SCHOLLS-SHERWOOD HWY, SHERWOOD OR",45.3748654,-122.8572543
2024-02-02,10.0,452230122512201,"CHICKEN CREEK AT SCHOLLS-SHERWOOD HWY, SHERWOOD OR",45.3748654,-122.8572543
2024-02-03,9.6,452230122512201,"CHICKEN CREEK AT SCHOLLS-SHERWOOD HWY, SHERWOOD OR",45.3748654,-122.8572543
2024-02-04,8.1,452230122512201,"CHICKEN CREEK AT SCHOLLS-SHERWOOD HWY, SHERWOOD OR",45.3748654,-122.8572543
2024-02-05,8.1,452230122512201,"CHICKEN CREEK AT SCHOLLS-SHERWOOD HWY, SHERWOOD OR",45.3748654,-122.8572543
2024-02-06,9.4,452230122512201,"CHICKEN CREEK AT SCHOLLS-SHERWOOD HWY, SHERWOOD OR",45.3748654,-122.8572543
2024-02-07,8.3,452230122512201,"CHICKEN CREEK AT SCHOLLS-SHERWOOD HWY, SHERWOOD OR",45.3748654,-122.8572543
2024-02-08,8.7,452230122512201,"CHICKEN CREEK AT SCHOLLS-SHERWOOD HWY, SHERWOOD OR",45.3748654,-122.8572543
2024-02-09,8.8,452230122512201,"CHICKEN CREEK AT SCHOLLS-SHERWOOD HWY, SHERWOOD OR",45.3748654,-122.8572543
2024-02-10,7.4,452230122512201,"CHICKEN CREEK AT SCHOLLS-SHERWOOD HWY, SHERWOOD OR",45.3748654,-122.8572543
2024-02-11,8.4,452230122512201,"CHICKEN CREEK AT SCHOLLS-SHERWOOD HWY, SHERWOOD OR",45.3748654,-122.8572543
2024-02-12,8.2,452230122512201,"CHICKEN CREEK AT SCHOLLS-SHERWOOD HWY, SHERWOOD OR",45.3748654,-122.8572543
2024-02-13,8.2,452230122512201,"CHICKEN CREEK AT SCHOLLS-SHERWOOD HWY, SHERWOOD OR",45.3748654,-122.8572543
2024-02-14,16.6,452230122512201,"CHICKEN CREEK AT SCHOLLS-SHERWOOD HWY, SHERWOOD OR",45.3748654,-122.8572543
2024-02-15,30.1,452230122512201,"CHICKEN CREEK AT SCHOLLS-SHERWOOD HWY, SHERWOOD OR",45.3748654,-122.8572543
2024-02-16,14.7,452230122512201,"CHICKEN CREEK AT SCHOLLS-SHERWOOD HWY, SHERWOOD OR",45.3748654,-122.8572543
2024-02-17,13.1,452230122512201,"CHICKEN CREEK AT SCHOLLS-SHERWOOD HWY, SHERWOOD OR",45.3748654,-122.8572543
2024-02-18,12.1,452230122512201,"CHICKEN CREEK AT SCHOLLS-SHERWOOD HWY, SHERWOOD OR",45.3748654,-122.8572543
2024-02-19,10.3,452230122512201,"CHICKEN CREEK AT SCHOLLS-SHERWOOD HWY, SHERWOOD OR",45.3748654,-122.8572543
2024-02-20,11.7,452230122512201,"CHICKEN CREEK AT SCHOLLS-SHERWOOD HWY, SHERWOOD OR",45.3748654,-122.8572543
2024-02-21,21.3,452230122512201,"CHICKEN CREEK AT SCHOLLS-SHERWOOD HWY, SHERWOOD OR",45.3748654,-122.8572543
2024-02-22,14.3,452230122512201,"CHICKEN CREEK AT SCHOLLS-SHERWOOD HWY, SHERWOOD OR",45.3748654,-122.8572543
2024-02-23,10.7,452230122512201,"CHICKEN CREEK AT SCHOLLS-SHERWOOD HWY, SHERWOOD OR",45.3748654,-122.8572543
2024-02-24,9.0,452230122512201,"CHICKEN CREEK AT SCHOLLS-SHERWOOD HWY, SHERWOOD OR",45.3748654,-122.8572543
2024-02-25,16.9,452230122512201,"CHICKEN CREEK AT SCHOLLS-SHERWOOD HWY, SHERWOOD OR",45.3748654,-122.8572543
2024-02-26,18.3,452230122512201,"CHICKEN CREEK AT SCHOLLS-SHERWOOD HWY, SHERWOOD OR",45.3748654,-122.8572543
2024-02-27,9.4,452230122512201,"CHICKEN CREEK AT SCHOLLS-SHERWOOD HWY, SHERWOOD OR",45.3748654,-122.8572543
2024-02-28,36.2,452230122512201,"CHICKEN CREEK AT SCHOLLS-SHERWOOD HWY, SHERWOOD OR",45.3748654,-122.8572543
2024-02-29,46.3,452230122512201,"CHICKEN CREEK AT SCHOLLS-SHERWOOD HWY, SHERWOOD OR",45.3748654,-122.8572543
2024-03-01,29.7,452230122512201,"CHICKEN CREEK AT SCHOLLS-SHERWOOD HWY, SHERWOOD OR",45.3748654,-122.8572543
2024-03-02,18.8,452230122512201,"CHICKEN CREEK AT SCHOLLS-SHERWOOD HWY, SHERWOOD OR",45.3748654,-122.8572543
2024-03-03,16.3,452230122512201,"CHICKEN CREEK AT SCHOLLS-SHERWOOD HWY, SHERWOOD OR",45.3748654,-122.8572543
2024-03-04,14.3,452230122512201,"CHICKEN CREEK AT SCHOLLS-SHERWOOD HWY, SHERWOOD OR",45.3748654,-122.8572543
2024-03-05,13.6,452230122512201,"CHICKEN CREEK AT SCHOLLS-SHERWOOD HWY, SHERWOOD OR",45.3748654,-122.8572543
2024-03-06,11.6,452230122512201,"CHICKEN CREEK AT SCHOLLS-SHERWOOD HWY, SHERWOOD OR",45.3748654,-122.8572543
2024-03-07,10.3,452230122512201,"CHICKEN CREEK AT SCHOLLS-SHERWOOD HWY, SHERWOOD OR",45.3748654,-122.8572543
2024-03-08,9.3,452230122512201,"CHICKEN CREEK AT SCHOLLS-SHERWOOD HWY, SHERWOOD OR",45.3748654,-122.8572543
2024-03-09,9.0,452230122512201,"CHICKEN CREEK AT SCHOLLS-SHERWOOD HWY, SHERWOOD OR",45.3748654,-122.8572543
2024-03-10,23.6,452230122512201,"CHICKEN CREEK AT SCHOLLS-SHERWOOD HWY, SHERWOOD OR",45.3748654,-122.8572543
2024-03-11,14.7,452230122512201,"CHICKEN CREEK AT SCHOLLS-SHERWOOD HWY, SHERWOOD OR",45.3748654,-122.8572543
2024-03-12,12.9,452230122512201,"CHICKEN CREEK AT SCHOLLS-SHERWOOD HWY, SHERWOOD OR",45.3748654,-122.8572543
2024-03-13,10.6,452230122512201,"CHICKEN CREEK AT SCHOLLS-SHERWOOD HWY, SHERWOOD OR",45.3748654,-122.8572543
2024-03-14,8.7,452230122512201,"CHICKEN CREEK AT SCHOLLS-SHERWOOD HWY, SHERWOOD OR",45.3748654,-122.8572543
2024-03-15,8.8,452230122512201,"CHICKEN CREEK AT SCHOLLS-SHERWOOD HWY, SHERWOOD OR",45.3748654,-122.8572543
2024-03-16,8.6,452230122512201,"CHICKEN CREEK AT SCHOLLS-SHERWOOD HWY, SHERWOOD OR",45.3748654,-122.8572543
2024-03-17,8.1,452230122512201,"CHICKEN CREEK AT SCHOLLS-SHERWOOD HWY, SHERWOOD OR",45.3748654,-122.8572543
2024-03-18,8.9,452230122512201,"CHICKEN CREEK AT SCHOLLS-SHERWOOD HWY, SHERWOOD OR",45.3748654,-122.8572543
2024-03-19,8.4,452230122512201,"CHICKEN CREEK AT SCHOLLS-SHERWOOD HWY, SHERWOOD OR",45.3748654,-122.8572543
2024-03-20,8.9,452230122512201,"CHICKEN CREEK AT SCHOLLS-SHERWOOD HWY, SHERWOOD OR",45.3748654,-122.8572543
2024-03-21,9.3,452230122512201,"CHICKEN CREEK AT SCHOLLS-SHERWOOD HWY, SHERWOOD OR",45.3748654,-122.8572543
2024-03-22,8.2,452230122512201,"CHICKEN CREEK AT SCHOLLS-SHERWOOD HWY, SHERWOOD OR",45.3748654,-122.8572543
2024-03-23,10.2,452230122512201,"CHICKEN CREEK AT SCHOLLS-SHERWOOD HWY, SHERWOOD OR",45.3748654,-122.8572543
2024-03-24,9.8,452230122512201,"CHICKEN CREEK AT SCHOLLS-SHERWOOD HWY, SHERWOOD OR",45.3748654,-122.8572543
2024-03-25,9.7,452230122512201,"CHICKEN CREEK AT SCHOLLS-SHERWOOD HWY, SHERWOOD OR",45.3748654,-122.8572543
2024-03-26,10.2,452230122512201,"CHICKEN CREEK AT SCHOLLS-SHERWOOD HWY, SHERWOOD OR",45.3748654,-122.8572543
2024-03-27,24.6,452230122512201,"CHICKEN CREEK AT SCHOLLS-SHERWOOD HWY, SHERWOOD OR",45.3748654,-122.8572543
2024-03-28,21.6,452230122512201,"CHICKEN CREEK AT SCHOLLS-SHERWOOD HWY, SHERWOOD OR",45.3748654,-122.8572543
2024-03-29,19.2,452230122512201,"CHICKEN CREEK AT SCHOLLS-SHERWOOD HWY, SHERWOOD OR",45.3748654,-122.8572543
2024-03-30,12.5,452230122512201,"CHICKEN CREEK AT SCHOLLS-SHERWOOD HWY, SHERWOOD OR",45.3748654,-122.8572543
2024-03-31,10.2,452230122512201,"CHICKEN CREEK AT SCHOLLS-SHERWOOD HWY, SHERWOOD OR",45.3748654,-122.8572543
2024-04-01,9.6,452230122512201,"CHICKEN CREEK AT SCHOLLS-SHERWOOD HWY, SHERWOOD OR",45.3748654,-122.8572543
2024-04-02,8.8,452230122512201,"CHICKEN CREEK AT SCHOLLS-SHERWOOD HWY, SHERWOOD OR",45.3748654,-122.8572543
2024-04-03,11.9,452230122512201,"CHICKEN CREEK AT SCHOLLS-SHERWOOD HWY, SHERWOOD OR",45.3748654,-122.8572543
2024-04-04,7.8,452230122512201,"CHICKEN CREEK AT SCHOLLS-SHERWOOD HWY, SHERWOOD OR",45.3748654,-122.8572543
2024-04-05,25.5,452230122512201,"CHICKEN CREEK AT SCHOLLS-SHERWOOD HWY, SHERWOOD OR",45.3748654,-122.8572543
2024-04-06,14.8,452230122512201,"CHICKEN CREEK AT SCHOLLS-SHERWOOD HWY, SHERWOOD OR",45.3748654,-122.8572543
2024-04-07,10.7,452230122512201,"CHICKEN CREEK AT SCHOLLS-SHERWOOD HWY, SHERWOOD OR",45.3748654,-122.8572543
2024-04-08,8.6,452230122512201,"CHICKEN CREEK AT SCHOLLS-SHERWOOD HWY, SHERWOOD OR",45.3748654,-122.8572543
2024-04-09,6.8,452230122512201,"CHICKEN CREEK AT SCHOLLS-SHERWOOD HWY, SHERWOOD OR",45.3748654,-122.8572543
2024-04-10,6.7,452230122512201,"CHICKEN CREEK AT SCHOLLS-SHERWOOD HWY, SHERWOOD OR",45.3748654,-122.8572543
2024-04-11,7.4,452230122512201,"CHICKEN CREEK AT SCHOLLS-SHERWOOD HWY, SHERWOOD OR",45.3748654,-122.8572543
2024-04-12,7.0,452230122512201,"CHICKEN CREEK AT SCHOLLS-SHERWOOD HWY, SHERWOOD OR",45.3748654,-122.8572543
2024-04-13,7.9,452230122512201,"CHICKEN CREEK AT SCHOLLS-SHERWOOD HWY, SHERWOOD OR",45.3748654,-122.8572543
2024-04-14,9.1,452230122512201,"CHICKEN CREEK AT SCHOLLS-SHERWOOD HWY, SHERWOOD OR",45.3748654,-122.8572543
2024-04-15,8.2,452230122512201,"CHICKEN CREEK AT SCHOLLS-SHERWOOD HWY, SHERWOOD OR",45.3748654,-122.8572543
2024-04-16,7.8,452230122512201,"CHICKEN CREEK AT SCHOLLS-SHERWOOD HWY, SHERWOOD OR",45.3748654,-122.8572543
2024-04-17,9.1,452230122512201,"CHICKEN CREEK AT SCHOLLS-SHERWOOD HWY, SHERWOOD OR",45.3748654,-122.8572543
2024-04-18,10.1,452230122512201,"CHICKEN CREEK AT SCHOLLS-SHERWOOD HWY, SHERWOOD OR",45.3748654,-122.8572543
2024-04-19,8.6,452230122512201,"CHICKEN CREEK AT SCHOLLS-SHERWOOD HWY, SHERWOOD OR",45.3748654,-122.8572543
2024-04-20,9.6,452230122512201,"CHICKEN CREEK AT SCHOLLS-SHERWOOD HWY, SHERWOOD OR",45.3748654,-122.8572543
2024-04-21,9.4,452230122512201,"CHICKEN CREEK AT SCHOLLS-SHERWOOD HWY, SHERWOOD OR",45.3748654,-122.8572543
2024-04-22,9.0,452230122512201,"CHICKEN CREEK AT SCHOLLS-SHERWOOD HWY, SHERWOOD OR",45.3748654,-122.8572543
2024-04-23,9.3,452230122512201,"CHICKEN CREEK AT SCHOLLS-SHERWOOD HWY, SHERWOOD OR",45.3748654,-122.8572543
2024-04-24,9.3,452230122512201,"CHICKEN CREEK AT SCHOLLS-SHERWOOD HWY, SHERWOOD OR",45.3748654,-122.8572543
2024-04-25,14.6,452230122512201,"CHICKEN CREEK AT SCHOLLS-SHERWOOD HWY, SHERWOOD OR",45.3748654,-122.8572543
2024-04-26,11.1,452230122512201,"CHICKEN CREEK AT SCHOLLS-SHERWOOD HWY, SHERWOOD OR",45.3748654,-122.8572543
2024-04-27,9.3,452230122512201,"CHICKEN CREEK AT SCHOLLS-SHERWOOD HWY, SHERWOOD OR",45.3748654,-122.8572543
2024-04-28,7.6,452230122512201,"CHICKEN CREEK AT SCHOLLS-SHERWOOD HWY, SHERWOOD OR",45.3748654,-122.8572543
2024-04-29,8.0,452230122512201,"CHICKEN CREEK AT SCHOLLS-SHERWOOD HWY, SHERWOOD OR",45.3748654,-122.8572543
2024-04-30,7.8,452230122512201,"CHICKEN CREEK AT SCHOLLS-SHERWOOD HWY, SHERWOOD OR",45.3748654,-122.8572543
2024-05-01,8.3,452230122512201,"CHICKEN CREEK AT SCHOLLS-SHERWOOD HWY, SHERWOOD OR",45.3748654,-122.8572543
2024-05-02,17.3,452230122512201,"CHICKEN CREEK AT SCHOLLS-SHERWOOD HWY, SHERWOOD OR",45.3748654,-122.8572543
2024-05-03,15.1,452230122512201,"CHICKEN CREEK AT SCHOLLS-SHERWOOD HWY, SHERWOOD OR",45.3748654,-122.8572543
2024-05-04,43.7,452230122512201,"CHICKEN CREEK AT SCHOLLS-SHERWOOD HWY, SHERWOOD OR",45.3748654,-122.8572543
2024-05-05,30.0,452230122512201,"CHICKEN CREEK AT SCHOLLS-SHERWOOD HWY, SHERWOOD OR",45.3748654,-122.8572543
2024-05-06,31.0,452230122512201,"CHICKEN CREEK AT SCHOLLS-SHERWOOD HWY, SHERWOOD OR",45.3748654,-122.8572543
2024-05-07,18.6,452230122512201,"CHICKEN CREEK AT SCHOLLS-SHERWOOD HWY, SHERWOOD OR",45.3748654,-122.8572543
2024-05-08,14.3,452230122512201,"CHICKEN CREEK AT SCHOLLS-SHERWOOD HWY, SHERWOOD OR",45.3748654,-122.8572543
2024-05-09,10.8,452230122512201,"CHICKEN CREEK AT SCHOLLS-SHERWOOD HWY, SHERWOOD OR",45.3748654,-122.8572543
2024-05-10,11.4,452230122512201,"CHICKEN CREEK AT SCHOLLS-SHERWOOD HWY, SHERWOOD OR",45.3748654,-122.8572543
2024-05-11,8.8,452230122512201,"CHICKEN CREEK AT SCHOLLS-SHERWOOD HWY, SHERWOOD OR",45.3748654,-122.8572543
2024-05-12,8.4,452230122512201,"CHICKEN CREEK AT SCHOLLS-SHERWOOD HWY, SHERWOOD OR",45.3748654,-122.8572543
2024-05-13,14.2,452230122512201,"CHICKEN CREEK AT SCHOLLS-SHERWOOD HWY, SHERWOOD OR",45.3748654,-122.8572543
2024-05-14,14.2,452230122512201,"CHICKEN CREEK AT SCHOLLS-SHERWOOD HWY, SHERWOOD OR",45.3748654,-122.8572543
2024-05-15,7.8,452230122512201,"CHICKEN CREEK AT SCHOLLS-SHERWOOD HWY, SHERWOOD OR",45.3748654,-122.8572543
2024-05-16,8.3,452230122512201,"CHICKEN CREEK AT SCHOLLS-SHERWOOD HWY, SHERWOOD OR",45.3748654,-122.8572543
2024-05-17,7.6,452230122512201,"CHICKEN CREEK AT SCHOLLS-SHERWOOD HWY, SHERWOOD OR",45.3748654,-122.8572543
2024-05-18,7.8,452230122512201,"CHICKEN CREEK AT SCHOLLS-SHERWOOD HWY, SHERWOOD OR",45.3748654,-122.8572543
2024-05-19,8.0,452230122512201,"CHICKEN CREEK AT SCHOLLS-SHERWOOD HWY, SHERWOOD OR",45.3748654,-122.8572543
2024-05-20,8.3,452230122512201,"CHICKEN CREEK AT SCHOLLS-SHERWOOD HWY, SHERWOOD OR",45.3748654,-122.8572543
2024-05-21,8.0,452230122512201,"CHICKEN CREEK AT SCHOLLS-SHERWOOD HWY, SHERWOOD OR",45.3748654,-122.8572543
2024-05-22,8.1,452230122512201,"CHICKEN CREEK AT SCHOLLS-SHERWOOD HWY, SHERWOOD OR",45.3748654,-122.8572543
2024-05-23,7.8,452230122512201,"CHICKEN CREEK AT SCHOLLS-SHERWOOD HWY, SHERWOOD OR",45.3748654,-122.8572543
2024-05-24,7.3,452230122512201,"CHICKEN CREEK AT SCHOLLS-SHERWOOD HWY, SHERWOOD OR",45.3748654,-122.8572543
2024-05-25,8.6,452230122512201,"CHICKEN CREEK AT SCHOLLS-SHERWOOD HWY, SHERWOOD OR",45.3748654,-122.8572543
2024-05-26,8.7,452230122512201,"CHICKEN CREEK AT SCHOLLS-SHERWOOD HWY, SHERWOOD OR",45.3748654,-122.8572543
2024-05-27,8.2,452230122512201,"CHICKEN CREEK AT SCHOLLS-SHERWOOD HWY, SHERWOOD OR",45.3748654,-122.8572543
2024-05-28,8.2,452230122512201,"CHICKEN CREEK AT SCHOLLS-SHERWOOD HWY, SHERWOOD OR",45.3748654,-122.8572543
2024-05-29,8.2,452230122512201,"CHICKEN CREEK AT SCHOLLS-SHERWOOD HWY, SHERWOOD OR",45.3748654,-122.8572543
2024-05-30,9.0,452230122512201,"CHICKEN CREEK AT SCHOLLS-SHERWOOD HWY, SHERWOOD OR",45.3748654,-122.8572543
2024-05-31,11.5,452230122512201,"CHICKEN CREEK AT SCHOLLS-SHERWOOD HWY, SHERWOOD OR",45.3748654,-122.8572543
2024-06-01,10.4,452230122512201,"CHICKEN CREEK AT SCHOLLS-SHERWOOD HWY, SHERWOOD OR",45.3748654,-122.8572543
2024-06-02,20.9,452230122512201,"CHICKEN CREEK AT SCHOLLS-SHERWOOD HWY, SHERWOOD OR",45.3748654,-122.8572543
2024-06-03,29.3,452230122512201,"CHICKEN CREEK AT SCHOLLS-SHERWOOD HWY, SHERWOOD OR",45.3748654,-122.8572543
2024-06-04,10.5,452230122512201,"CHICKEN CREEK AT SCHOLLS-SHERWOOD HWY, SHERWOOD OR",45.3748654,-122.8572543
2024-06-05,8.6,452230122512201,"CHICKEN CREEK AT SCHOLLS-SHERWOOD HWY, SHERWOOD OR",45.3748654,-122.8572543
2024-06-06,9.0,452230122512201,"CHICKEN CREEK AT SCHOLLS-SHERWOOD HWY, SHERWOOD OR",45.3748654,-122.8572543
2024-06-07,8.0,452230122512201,"CHICKEN CREEK AT SCHOLLS-SHERWOOD HWY, SHERWOOD OR",45.3748654,-122.8572543
2024-06-08,9.6,452230122512201,"CHICKEN CREEK AT SCHOLLS-SHERWOOD HWY, SHERWOOD OR",45.3748654,-122.8572543
2024-06-09,8.2,452230122512201,"CHICKEN CREEK AT SCHOLLS-SHERWOOD HWY, SHERWOOD OR",45.3748654,-122.8572543
2024-06-10,9.0,452230122512201,"CHICKEN CREEK AT SCHOLLS-SHERWOOD HWY, SHERWOOD OR",45.3748654,-122.8572543
2024-06-11,8.8,452230122512201,"CHICKEN CREEK AT SCHOLLS-SHERWOOD HWY, SHERWOOD OR",45.3748654,-122.8572543
2024-06-12,10.0,452230122512201,"CHICKEN CREEK AT SCHOLLS-SHERWOOD HWY, SHERWOOD OR",45.3748654,-122.8572543
2024-06-13,8.9,452230122512201,"CHICKEN CREEK AT SCHOLLS-SHERWOOD HWY, SHERWOOD OR",45.3748654,-122.8572543
2024-06-14,10.4,452230122512201,"CHICKEN CREEK AT SCHOLLS-SHERWOOD HWY, SHERWOOD OR",45.3748654,-122.8572543
2024-06-15,10.6,452230122512201,"CHICKEN CREEK AT SCHOLLS-SHERWOOD HWY, SHERWOOD OR",45.3748654,-122.8572543
2024-06-16,8.8,452230122512201,"CHICKEN CREEK AT SCHOLLS-SHERWOOD HWY, SHERWOOD OR",45.3748654,-122.8572543
2024-06-17,8.9,452230122512201,"CHICKEN CREEK AT SCHOLLS-SHERWOOD HWY, SHERWOOD OR",45.3748654,-122.8572543
2024-06-18,9.9,452230122512201,"CHICKEN CREEK AT SCHOLLS-SHERWOOD HWY, SHERWOOD OR",45.3748654,-122.8572543
2024-06-19,11.3,452230122512201,"CHICKEN CREEK AT SCHOLLS-SHERWOOD HWY, SHERWOOD OR",45.3748654,-122.8572543
2024-06-20,9.5,452230122512201,"CHICKEN CREEK AT SCHOLLS-SHERWOOD HWY, SHERWOOD OR",45.3748654,-122.8572543
2024-06-21,9.5,452230122512201,"CHICKEN CREEK AT SCHOLLS-SHERWOOD HWY, SHERWOOD OR",45.3748654,-122.8572543
2024-06-22,9.5,452230122512201,"CHICKEN CREEK AT SCHOLLS-SHERWOOD HWY, SHERWOOD OR",45.3748654,-122.8572543
2024-06-23,9.6,452230122512201,"CHICKEN CREEK AT SCHOLLS-SHERWOOD HWY, SHERWOOD OR",45.3748654,-122.8572543
2024-06-24,9.5,452230122512201,"CHICKEN CREEK AT SCHOLLS-SHERWOOD HWY, SHERWOOD OR",45.3748654,-122.8572543
2024-06-25,10.2,452230122512201,"CHICKEN CREEK AT SCHOLLS-SHERWOOD HWY, SHERWOOD OR",45.3748654,-122.8572543
2024-06-26,11.6,452230122512201,"CHICKEN CREEK AT SCHOLLS-SHERWOOD HWY, SHERWOOD OR",45.3748654,-122.8572543
2024-06-27,10.1,452230122512201,"CHICKEN CREEK AT SCHOLLS-SHERWOOD HWY, SHERWOOD OR",45.3748654,-122.8572543
2024-06-28,10.7,452230122512201,"CHICKEN CREEK AT SCHOLLS-SHERWOOD HWY, SHERWOOD OR",45.3748654,-122.8572543
2024-06-29,10.7,452230122512201,"CHICKEN CREEK AT SCHOLLS-SHERWOOD HWY, SHERWOOD OR",45.3748654,-122.8572543
2024-06-30,9.9,452230122512201,"CHICKEN CREEK AT SCHOLLS-SHERWOOD HWY, SHERWOOD OR",45.3748654,-122.8572543
2024-07-01,9.6,452230122512201,"CHICKEN CREEK AT SCHOLLS-SHERWOOD HWY, SHERWOOD OR",45.3748654,-122.8572543
2024-07-02,10.7,452230122512201,"CHICKEN CREEK AT SCHOLLS-SHERWOOD HWY, SHERWOOD OR",45.3748654,-122.8572543
2024-07-03,11.0,452230122512201,"CHICKEN CREEK AT SCHOLLS-SHERWOOD HWY, SHERWOOD OR",45.3748654,-122.8572543
2024-07-04,13.1,452230122512201,"CHICKEN CREEK AT SCHOLLS-SHERWOOD HWY, SHERWOOD OR",45.3748654,-122.8572543
2024-07-05,11.3,452230122512201,"CHICKEN CREEK AT SCHOLLS-SHERWOOD HWY, SHERWOOD OR",45.3748654,-122.8572543
2024-07-06,12.0,452230122512201,"CHICKEN CREEK AT SCHOLLS-SHERWOOD HWY, SHERWOOD OR",45.3748654,-122.8572543
2024-07-07,11.1,452230122512201,"CHICKEN CREEK AT SCHOLLS-SHERWOOD HWY, SHERWOOD OR",45.3748654,-122.8572543
2024-07-08,10.6,452230122512201,"CHICKEN CREEK AT SCHOLLS-SHERWOOD HWY, SHERWOOD OR",45.3748654,-122.8572543
2024-07-09,11.0,452230122512201,"CHICKEN CREEK AT SCHOLLS-SHERWOOD HWY, SHERWOOD OR",45.3748654,-122.8572543
2024-07-10,10.8,452230122512201,"CHICKEN CREEK AT SCHOLLS-SHERWOOD HWY, SHERWOOD OR",45.3748654,-122.8572543
2024-07-11,12.1,452230122512201,"CHICKEN CREEK AT SCHOLLS-SHERWOOD HWY, SHERWOOD OR",45.3748654,-122.8572543
2024-07-12,11.3,452230122512201,"CHICKEN CREEK AT SCHOLLS-SHERWOOD HWY, SHERWOOD OR",45.3748654,-122.8572543
2024-07-13,11.3,452230122512201,"CHICKEN CREEK AT SCHOLLS-SHERWOOD HWY, SHERWOOD OR",45.3748654,-122.8572543
2024-07-14,11.5,452230122512201,"CHICKEN CREEK AT SCHOLLS-SHERWOOD HWY, SHERWOOD OR",45.3748654,-122.8572543
2024-07-15,17.0,452230122512201,"CHICKEN CREEK AT SCHOLLS-SHERWOOD HWY, SHERWOOD OR",45.3748654,-122.8572543
2024-07-16,11.2,452230122512201,"CHICKEN CREEK AT SCHOLLS-SHERWOOD HWY, SHERWOOD OR",45.3748654,-122.8572543
2024-07-17,10.3,452230122512201,"CHICKEN CREEK AT SCHOLLS-SHERWOOD HWY, SHERWOOD OR",45.3748654,-122.8572543
2024-07-18,11.1,452230122512201,"CHICKEN CREEK AT SCHOLLS-SHERWOOD HWY, SHERWOOD OR",45.3748654,-122.8572543
2024-07-19,12.2,452230122512201,"CHICKEN CREEK AT SCHOLLS-SHERWOOD HWY, SHERWOOD OR",45.3748654,-122.8572543
2024-07-20,10.0,452230122512201,"CHICKEN CREEK AT SCHOLLS-SHERWOOD HWY, SHERWOOD OR",45.3748654,-122.8572543
2024-07-21,10.5,452230122512201,"CHICKEN CREEK AT SCHOLLS-SHERWOOD HWY, SHERWOOD OR",45.3748654,-122.8572543
2024-07-22,10.8,452230122512201,"CHICKEN CREEK AT SCHOLLS-SHERWOOD HWY, SHERWOOD OR",45.3748654,-122.8572543
2024-07-23,11.2,452230122512201,"CHICKEN CREEK AT SCHOLLS-SHERWOOD HWY, SHERWOOD OR",45.3748654,-122.8572543
2024-07-24,10.4,452230122512201,"CHICKEN CREEK AT SCHOLLS-SHERWOOD HWY, SHERWOOD OR",45.3748654,-122.8572543
2024-07-25,11.0,452230122512201,"CHICKEN CREEK AT SCHOLLS-SHERWOOD HWY, SHERWOOD OR",45.3748654,-122.8572543
2024-07-26,10.2,452230122512201,"CHICKEN CREEK AT SCHOLLS-SHERWOOD HWY, SHERWOOD OR",45.3748654,-122.8572543
2024-07-27,12.9,452230122512201,"CHICKEN CREEK AT SCHOLLS-SHERWOOD HWY, SHERWOOD OR",45.3748654,-122.8572543
2024-07-28,12.7,452230122512201,"CHICKEN CREEK AT SCHOLLS-SHERWOOD HWY, SHERWOOD OR",45.3748654,-122.8572543
2024-07-29,11.5,452230122512201,"CHICKEN CREEK AT SCHOLLS-SHERWOOD HWY, SHERWOOD OR",45.3748654,-122.8572543
2024-07-30,11.0,452230122512201,"CHICKEN CREEK AT SCHOLLS-SHERWOOD HWY, SHERWOOD OR",45.3748654,-122.8572543
2024-07-31,11.2,452230122512201,"CHICKEN CREEK AT SCHOLLS-SHERWOOD HWY, SHERWOOD OR",45.3748654,-122.8572543
2024-08-01,12.6,452230122512201,"CHICKEN CREEK AT SCHOLLS-SHERWOOD HWY, SHERWOOD OR",45.3748654,-122.8572543
2024-08-02,12.1,452230122512201,"CHICKEN CREEK AT SCHOLLS-SHERWOOD HWY, SHERWOOD OR",45.3748654,-122.8572543
2024-08-03,11.3,452230122512201,"CHICKEN CREEK AT SCHOLLS-SHERWOOD HWY, SHERWOOD OR",45.3748654,-122.8572543
2024-08-04,11.3,452230122512201,"CHICKEN CREEK AT SCHOLLS-SHERWOOD HWY, SHERWOOD OR",45.3748654,-122.8572543
2024-08-05,10.6,452230122512201,"CHICKEN CREEK AT SCHOLLS-SHERWOOD HWY, SHERWOOD OR",45.3748654,-122.8572543
2024-08-06,11.8,452230122512201,"CHICKEN CREEK AT SCHOLLS-SHERWOOD HWY, SHERWOOD OR",45.3748654,-122.8572543
2024-08-07,14.4,452230122512201,"CHICKEN CREEK AT SCHOLLS-SHERWOOD HWY, SHERWOOD OR",45.3748654,-122.8572543
2024-08-08,11.3,452230122512201,"CHICKEN CREEK AT SCHOLLS-SHERWOOD HWY, SHERWOOD OR",45.3748654,-122.8572543
2024-08-09,12.8,452230122512201,"CHICKEN CREEK AT SCHOLLS-SHERWOOD HWY, SHERWOOD OR",45.3748654,-122.8572543
2024-08-10,14.4,452230122512201,"CHICKEN CREEK AT SCHOLLS-SHERWOOD HWY, SHERWOOD OR",45.3748654,-122.8572543
2024-08-11,14.4,452230122512201,"CHICKEN CREEK AT SCHOLLS-SHERWOOD HWY, SHERWOOD OR",45.3748654,-122.8572543
2024-08-12,13.9,452230122512201,"CHICKEN CREEK AT SCHOLLS-SHERWOOD HWY, SHERWOOD OR",45.3748654,-122.8572543
2024-08-13,11.1,452230122512201,"CHICKEN CREEK AT SCHOLLS-SHERWOOD HWY, SHERWOOD OR",45.3748654,-122.8572543
2024-08-14,12.3,452230122512201,"CHICKEN CREEK AT SCHOLLS-SHERWOOD HWY, SHERWOOD OR",45.3748654,-122.8572543
2024-08-15,11.7,452230122512201,"CHICKEN CREEK AT SCHOLLS-SHERWOOD HWY, SHERWOOD OR",45.3748654,-122.8572543
2024-08-16,12.5,452230122512201,"CHICKEN CREEK AT SCHOLLS-SHERWOOD HWY, SHERWOOD OR",45.3748654,-122.8572543
2024-08-17,39.0,452230122512201,"CHICKEN CREEK AT SCHOLLS-SHERWOOD HWY, SHERWOOD OR",45.3748654,-122.8572543
2024-08-18,18.1,452230122512201,"CHICKEN CREEK AT SCHOLLS-SHERWOOD HWY, SHERWOOD OR",45.3748654,-122.8572543
2024-08-19,10.0,452230122512201,"CHICKEN CREEK AT SCHOLLS-SHERWOOD HWY, SHERWOOD OR",45.3748654,-122.8572543
2024-08-20,8.7,452230122512201,"CHICKEN CREEK AT SCHOLLS-SHERWOOD HWY, SHERWOOD OR",45.3748654,-122.8572543
2024-08-21,10.6,452230122512201,"CHICKEN CREEK AT SCHOLLS-SHERWOOD HWY, SHERWOOD OR",45.3748654,-122.8572543
2024-08-22,10.0,452230122512201,"CHICKEN CREEK AT SCHOLLS-SHERWOOD HWY, SHERWOOD OR",45.3748654,-122.8572543
2024-08-23,10.5,452230122512201,"CHICKEN CREEK AT SCHOLLS-SHERWOOD HWY, SHERWOOD OR",45.3748654,-122.8572543
2024-08-24,10.9,452230122512201,"CHICKEN CREEK AT SCHOLLS-SHERWOOD HWY, SHERWOOD OR",45.3748654,-122.8572543
2024-08-25,11.2,452230122512201,"CHICKEN CREEK AT SCHOLLS-SHERWOOD HWY, SHERWOOD OR",45.3748654,-122.8572543
2024-08-26,12.0,452230122512201,"CHICKEN CREEK AT SCHOLLS-SHERWOOD HWY, SHERWOOD OR",45.3748654,-122.8572543
2024-08-27,11.7,452230122512201,"CHICKEN CREEK AT SCHOLLS-SHERWOOD HWY, SHERWOOD OR",45.3748654,-122.8572543
2024-08-28,10.4,452230122512201,"CHICKEN CREEK AT SCHOLLS-SHERWOOD HWY, SHERWOOD OR",45.3748654,-122.8572543
2024-08-29,10.5,452230122512201,"CHICKEN CREEK AT SCHOLLS-SHERWOOD HWY, SHERWOOD OR",45.3748654,-122.8572543
2024-08-30,10.6,452230122512201,"CHICKEN CREEK AT SCHOLLS-SHERWOOD HWY, SHERWOOD OR",45.3748654,-122.8572543
2024-08-31,9.8,452230122512201,"CHICKEN CREEK AT SCHOLLS-SHERWOOD HWY, SHERWOOD OR",45.3748654,-122.8572543
2024-09-01,9.4,452230122512201,"CHICKEN CREEK AT SCHOLLS-SHERWOOD HWY, SHERWOOD OR",45.3748654,-122.8572543
2024-09-02,10.4,452230122512201,"CHICKEN CREEK AT SCHOLLS-SHERWOOD HWY, SHERWOOD OR",45.3748654,-122.8572543
2024-09-03,9.2,452230122512201,"CHICKEN CREEK AT SCHOLLS-SHERWOOD HWY, SHERWOOD OR",45.3748654,-122.8572543
2024-09-04,9.9,452230122512201,"CHICKEN CREEK AT SCHOLLS-SHERWOOD HWY, SHERWOOD OR",45.3748654,-122.8572543
2024-09-05,12.3,452230122512201,"CHICKEN CREEK AT SCHOLLS-SHERWOOD HWY, SHERWOOD OR",45.3748654,-122.8572543
2024-09-06,9.7,452230122512201,"CHICKEN CREEK AT SCHOLLS-SHERWOOD HWY, SHERWOOD OR",45.3748654,-122.8572543
2024-09-07,11.8,452230122512201,"CHICKEN CREEK AT SCHOLLS-SHERWOOD HWY, SHERWOOD OR",45.3748654,-122.8572543
2024-09-08,10.0,452230122512201,"CHICKEN CREEK AT SCHOLLS-SHERWOOD HWY, SHERWOOD OR",45.3748654,-122.8572543
2024-09-09,10.6,452230122512201,"CHICKEN CREEK AT SCHOLLS-SHERWOOD HWY, SHERWOOD OR",45.3748654,-122.8572543
2024-09-10,11.6,452230122512201,"CHICKEN CREEK AT SCHOLLS-SHERWOOD HWY, SHERWOOD OR",45.3748654,-122.8572543
2024-09-11,10.1,452230122512201,"CHICKEN CREEK AT SCHOLLS-SHERWOOD HWY, SHERWOOD OR",45.3748654,-122.8572543
2024-09-12,9.2,452230122512201,"CHICKEN CREEK AT SCHOLLS-SHERWOOD HWY, SHERWOOD OR",45.3748654,-122.8572543
2024-09-13,9.5,452230122512201,"CHICKEN CREEK AT SCHOLLS-SHERWOOD HWY, SHERWOOD OR",45.3748654,-122.8572543
2024-09-14,10.7,452230122512201,"CHICKEN CREEK AT SCHOLLS-SHERWOOD HWY, SHERWOOD OR",45.3748654,-122.8572543
2024-09-15,11.2,452230122512201,"CHICKEN CREEK AT SCHOLLS-SHERWOOD HWY, SHERWOOD OR",45.3748654,-122.8572543
2024-09-16,11.5,452230122512201,"CHICKEN CREEK AT SCHOLLS-SHERWOOD HWY, SHERWOOD OR",45.3748654,-122.8572543
2024-09-17,13.5,452230122512201,"CHICKEN CREEK AT SCHOLLS-SHERWOOD HWY, SHERWOOD OR",45.3748654,-122.8572543
2024-09-18,11.3,452230122512201,"CHICKEN CREEK AT SCHOLLS-SHERWOOD HWY, SHERWOOD OR",45.3748654,-122.8572543
2024-09-19,12.5,452230122512201,"CHICKEN CREEK AT SCHOLLS-SHERWOOD HWY, SHERWOOD OR",45.3748654,-122.8572543
2024-09-20,13.1,452230122512201,"CHICKEN CREEK AT SCHOLLS-SHERWOOD HWY, SHERWOOD OR",45.3748654,-122.8572543
2024-09-21,11.7,452230122512201,"CHICKEN CREEK AT SCHOLLS-SHERWOOD HWY, SHERWOOD OR",45.3748654,-122.8572543
2024-09-22,11.1,452230122512201,"CHICKEN CREEK AT SCHOLLS-SHERWOOD HWY, SHERWOOD OR",45.3748654,-122.8572543
2024-09-23,14.9,452230122512201,"CHICKEN CREEK AT SCHOLLS-SHERWOOD HWY, SHERWOOD OR",45.3748654,-122.8572543
2024-09-24,13.4,452230122512201,"CHICKEN CREEK AT SCHOLLS-SHERWOOD HWY, SHERWOOD OR",45.3748654,-122.8572543
2024-09-25,23.1,452230122512201,"CHICKEN CREEK AT SCHOLLS-SHERWOOD HWY, SHERWOOD OR",45.3748654,-122.8572543
2024-09-26,12.7,452230122512201,"CHICKEN CREEK AT SCHOLLS-SHERWOOD HWY, SHERWOOD OR",45.3748654,-122.8572543
2024-09-27,10.3,452230122512201,"CHICKEN CREEK AT SCHOLLS-SHERWOOD HWY, SHERWOOD OR",45.3748654,-122.8572543
2024-09-28,10.8,452230122512201,"CHICKEN CREEK AT SCHOLLS-SHERWOOD HWY, SHERWOOD OR",45.3748654,-122.8572543
2024-09-29,9.6,452230122512201,"CHICKEN CREEK AT SCHOLLS-SHERWOOD HWY, SHERWOOD OR",45.3748654,-122.8572543
2024-09-30,10.8,452230122512201,"CHICKEN CREEK AT SCHOLLS-SHERWOOD HWY, SHERWOOD OR",45.3748654,-122.8572543
2024-01-01,13.8,452731123092100,"SCOGGINS CREEK NEAR SW OLD HWY 47, NEAR GASTON, OR",45.4586111,-123.1559167
2024-01-02,21.9,452731123092100,"SCOGGINS CREEK NEAR SW OLD HWY 47, NEAR GASTON, OR",45.4586111,-123.1559167
2024-01-03,16.6,452731123092100,"SCOGGINS CREEK NEAR SW OLD HWY 47, NEAR GASTON, OR",45.4586111,-123.1559167
2024-01-04,16.1,452731123092100,"SCOGGINS CREEK NEAR SW OLD HWY 47, NEAR GASTON, OR",45.4586111,-123.1559167
2024-01-05,15.4,452731123092100,"SCOGGINS CREEK NEAR SW OLD HWY 47, NEAR GASTON, OR",45.4586111,-123.1559167
2024-01-06,26.0,452731123092100,"SCOGGINS CREEK NEAR SW OLD HWY 47, NEAR GASTON, OR",45.4586111,-123.1559167
2024-01-07,15.1,452731123092100,"SCOGGINS CREEK NEAR SW OLD HWY 47, NEAR GASTON, OR",45.4586111,-123.1559167
2024-01-08,40.5,452731123092100,"SCOGGINS CREEK NEAR SW OLD HWY 47, NEAR GASTON, OR",45.4586111,-123.1559167
2024-01-09,48.8,452731123092100,"SCOGGINS CREEK NEAR SW OLD HWY 47, NEAR GASTON, OR",45.4586111,-123.1559167
2024-01-10,36.0,452731123092100,"SCOGGINS CREEK NEAR SW OLD HWY 47, NEAR GASTON, OR",45.4586111,-123.1559167
2024-01-11,25.0,452731123092100,"SCOGGINS CREEK NEAR SW OLD HWY 47, NEAR GASTON, OR",45.4586111,-123.1559167
2024-01-12,27.5,452731123092100,"SCOGGINS CREEK NEAR SW OLD HWY 47, NEAR GASTON, OR",45.4586111,-123.1559167
2024-01-13,18.4,452731123092100,"SCOGGINS CREEK NEAR SW OLD HWY 47, NEAR GASTON, OR",45.4586111,-123.1559167
2024-01-14,41.6,452731123092100,"SCOGGINS CREEK NEAR SW OLD HWY 47, NEAR GASTON, OR",45.4586111,-123.1559167
2024-01-15,44.2,452731123092100,"SCOGGINS CREEK NEAR SW OLD HWY 47, NEAR GASTON, OR",45.4586111,-123.1559167
2024-01-16,16.8,452731123092100,"SCOGGINS CREEK NEAR SW OLD HWY 47, NEAR GASTON, OR",45.4586111,-123.1559167
2024-01-17,13.5,452731123092100,"SCOGGINS CREEK NEAR SW OLD HWY 47, NEAR GASTON, OR",45.4586111,-123.1559167
2024-01-18,19.1,452731123092100,"SCOGGINS CREEK NEAR SW OLD HWY 47, NEAR GASTON, OR",45.4586111,-123.1559167
2024-01-19,16.4,452731123092100,"SCOGGINS CREEK NEAR SW OLD HWY 47, NEAR GASTON, OR",45.4586111,-123.1559167
2024-01-20,20.1,452731123092100,"SCOGGINS CREEK NEAR SW OLD HWY 47, NEAR GASTON, OR",45.4586111,-123.1559167
2024-01-21,29.1,452731123092100,"SCOGGINS CREEK NEAR SW OLD HWY 47, NEAR GASTON, OR",45.4586111,-123.1559167
2024-01-22,61.4,452731123092100,"SCOGGINS CREEK NEAR SW OLD HWY 47, NEAR GASTON, OR",45.4586111,-123.1559167
2024-01-23,57.3,452731123092100,"SCOGGINS CREEK NEAR SW OLD HWY 47, NEAR GASTON, OR",45.4586111,-123.1559167
2024-01-24,35.2,452731123092100,"SCOGGINS CREEK NEAR SW OLD HWY 47, NEAR GASTON, OR",45.4586111,-123.1559167
2024-01-25,27.2,452731123092100,"SCOGGINS CREEK NEAR SW OLD HWY 47, NEAR GASTON, OR",45.4586111,-123.1559167
2024-01-26,33.7,452731123092100,"SCOGGINS CREEK NEAR SW OLD HWY 47, NEAR GASTON, OR",45.4586111,-123.1559167
2024-01-27,61.1,452731123092100,"SCOGGINS CREEK NEAR SW OLD HWY 47, NEAR GASTON, OR",45.4586111,-123.1559167
2024-01-28,30.8,452731123092100,"SCOGGINS CREEK NEAR SW OLD HWY 47, NEAR GASTON, OR",45.4586111,-123.1559167
2024-01-29,78.2,452731123092100,"SCOGGINS CREEK NEAR SW OLD HWY 47, NEAR GASTON, OR",45.4586111,-123.1559167
2024-01-30,23.8,452731123092100,"SCOGGINS CREEK NEAR SW OLD HWY 47, NEAR GASTON, OR",45.4586111,-123.1559167
2024-01-31,16.6,452731123092100,"SCOGGINS CREEK NEAR SW OLD HWY 47, NEAR GASTON, OR",45.4586111,-123.1559167
2024-02-01,13.7,452731123092100,"SCOGGINS CREEK NEAR SW OLD HWY 47, NEAR GASTON, OR",45.4586111,-123.1559167
2024-02-02,12.6,452731123092100,"SCOGGINS CREEK NEAR SW OLD HWY 47, NEAR GASTON, OR",45.4586111,-123.1559167
2024-02-03,11.7,452731123092100,"SCOGGINS CREEK NEAR SW OLD HWY 47, NEAR GASTON, OR",45.4586111,-123.1559167
2024-02-04,10.4,452731123092100,"SCOGGINS CREEK NEAR SW OLD HWY 47, NEAR GASTON, OR",45.4586111,-123.1559167
2024-02-05,13.6,452731123092100,"SCOGGINS CREEK NEAR SW OLD HWY 47, NEAR GASTON, OR",45.4586111,-123.1559167
2024-02-06,7.8,452731123092100,"SCOGGINS CREEK NEAR SW OLD HWY 47, NEAR GASTON, OR",45.4586111,-123.1559167
2024-02-07,9.8,452731123092100,"SCOGGINS CREEK NEAR SW OLD HWY 47, NEAR GASTON, OR",45.4586111,-123.1559167
2024-02-08,7.1,452731123092100,"SCOGGINS CREEK NEAR SW OLD HWY 47, NEAR GASTON, OR",45.4586111,-123.1559167
2024-02-09,7.8,452731123092100,"SCOGGINS CREEK NEAR SW OLD HWY 47, NEAR GASTON, OR",45.4586111,-123.1559167
2024-02-10,8.1,452731123092100,"SCOGGINS CREEK NEAR SW OLD HWY 47, NEAR GASTON, OR",45.4586111,-123.1559167
2024-02-11,6.3,452731123092100,"SCOGGINS CREEK NEAR SW OLD HWY 47, NEAR GASTON, OR",45.4586111,-123.1559167
2024-02-12,6.3,452731123092100,"SCOGGINS CREEK NEAR SW OLD HWY 47, NEAR GASTON, OR",45.4586111,-123.1559167
2024-02-13,6.3,452731123092100,"SCOGGINS CREEK NEAR SW OLD HWY 47, NEAR GASTON, OR",45.4586111,-123.1559167
2024-02-14,13.8,452731123092100,"SCOGGINS CREEK NEAR SW OLD HWY 47, NEAR GASTON, OR",45.4586111,-123.1559167
2024-02-15,13.7,452731123092100,"SCOGGINS CREEK NEAR SW OLD HWY 47, NEAR GASTON, OR",45.4586111,-123.1559167
2024-02-16,10.2,452731123092100,"SCOGGINS CREEK NEAR SW OLD HWY 47, NEAR GASTON, OR",45.4586111,-123.1559167
2024-02-17,9.7,452731123092100,"SCOGGINS CREEK NEAR SW OLD HWY 47, NEAR GASTON, OR",45.4586111,-123.1559167
2024-02-18,10.1,452731123092100,"SCOGGINS CREEK NEAR SW OLD HWY 47, NEAR GASTON, OR",45.4586111,-123.1559167
2024-02-19,8.0,452731123092100,"SCOGGINS CREEK NEAR SW OLD HWY 47, NEAR GASTON, OR",45.4586111,-123.1559167
2024-02-20,8.3,452731123092100,"SCOGGINS CREEK NEAR SW OLD HWY 47, NEAR GASTON, OR",45.4586111,-123.1559167
2024-02-21,10.5,452731123092100,"SCOGGINS CREEK NEAR SW OLD HWY 47, NEAR GASTON, OR",45.4586111,-123.1559167
2024-02-22,8.5,452731123092100,"SCOGGINS CREEK NEAR SW OLD HWY 47, NEAR GASTON, OR",45.4586111,-123.1559167
2024-02-23,22.3,452731123092100,"SCOGGINS CREEK NEAR SW OLD HWY 47, NEAR GASTON, OR",45.4586111,-123.1559167
2024-02-24,9.9,452731123092100,"SCOGGINS CREEK NEAR SW OLD HWY 47, NEAR GASTON, OR",45.4586111,-123.1559167
2024-02-25,8.8,452731123092100,"SCOGGINS CREEK NEAR SW OLD HWY 47, NEAR GASTON, OR",45.4586111,-123.1559167
2024-02-26,11.6,452731123092100,"SCOGGINS CREEK NEAR SW OLD HWY 47, NEAR GASTON, OR",45.4586111,-123.1559167
2024-02-27,13.2,452731123092100,"SCOGGINS CREEK NEAR SW OLD HWY 47, NEAR GASTON, OR",45.4586111,-123.1559167
2024-02-28,33.1,452731123092100,"SCOGGINS CREEK NEAR SW OLD HWY 47, NEAR GASTON, OR",45.4586111,-123.1559167
2024-02-29,46.5,452731123092100,"SCOGGINS CREEK NEAR SW OLD HWY 47, NEAR GASTON, OR",45.4586111,-123.1559167
2024-03-01,25.0,452731123092100,"SCOGGINS CREEK NEAR SW OLD HWY 47, NEAR GASTON, OR",45.4586111,-123.1559167
2024-03-02,18.6,452731123092100,"SCOGGINS CREEK NEAR SW OLD HWY 47, NEAR GASTON, OR",45.4586111,-123.1559167
2024-03-03,13.6,452731123092100,"SCOGGINS CREEK NEAR SW OLD HWY 47, NEAR GASTON, OR",45.4586111,-123.1559167
2024-03-04,28.9,452731123092100,"SCOGGINS CREEK NEAR SW OLD HWY 47, NEAR GASTON, OR",45.4586111,-123.1559167
2024-03-05,17.5,452731123092100,"SCOGGINS CREEK NEAR SW OLD HWY 47, NEAR GASTON, OR",45.4586111,-123.1559167
2024-03-06,14.2,452731123092100,"SCOGGINS CREEK NEAR SW OLD HWY 47, NEAR GASTON, OR",45.4586111,-123.1559167
2024-03-07,18.6,452731123092100,"SCOGGINS CREEK NEAR SW OLD HWY 47, NEAR GASTON, OR",45.4586111,-123.1559167
2024-03-08,12.4,452731123092100,"SCOGGINS CREEK NEAR SW OLD HWY 47, NEAR GASTON, OR",45.4586111,-123.1559167
2024-03-09,9.9,452731123092100,"SCOGGINS CREEK NEAR SW OLD HWY 47, NEAR GASTON, OR",45.4586111,-123.1559167
2024-03-10,8.9,452731123092100,"SCOGGINS CREEK NEAR SW OLD HWY 47, NEAR GASTON, OR",45.4586111,-123.1559167
2024-03-11,9.3,452731123092100,"SCOGGINS CREEK NEAR SW OLD HWY 47, NEAR GASTON, OR",45.4586111,-123.1559167
2024-03-12,10.1,452731123092100,"SCOGGINS CREEK NEAR SW OLD HWY 47, NEAR GASTON, OR",45.4586111,-123.1559167
2024-03-13,7.4,452731123092100,"SCOGGINS CREEK NEAR SW OLD HWY 47, NEAR GASTON, OR",45.4586111,-123.1559167
2024-03-14,10.2,452731123092100,"SCOGGINS CREEK NEAR SW OLD HWY 47, NEAR GASTON, OR",45.4586111,-123.1559167
2024-03-15,6.2,452731123092100,"SCOGGINS CREEK NEAR SW OLD HWY 47, NEAR GASTON, OR",45.4586111,-123.1559167
2024-03-19,5.7,452731123092100,"SCOGGINS CREEK NEAR SW OLD HWY 47, NEAR GASTON, OR",45.4586111,-123.1559167
2024-03-20,8.9,452731123092100,"SCOGGINS CREEK NEAR SW OLD HWY 47, NEAR GASTON, OR",45.4586111,-123.1559167
2024-03-21,6.4,452731123092100,"SCOGGINS CREEK NEAR SW OLD HWY 47, NEAR GASTON, OR",45.4586111,-123.1559167
2024-03-22,11.5,452731123092100,"SCOGGINS CREEK NEAR SW OLD HWY 47, NEAR GASTON, OR",45.4586111,-123.1559167
2024-03-23,9.7,452731123092100,"SCOGGINS CREEK NEAR SW OLD HWY 47, NEAR GASTON, OR",45.4586111,-123.1559167
2024-03-24,5.5,452731123092100,"SCOGGINS CREEK NEAR SW OLD HWY 47, NEAR GASTON, OR",45.4586111,-123.1559167
2024-03-25,5.6,452731123092100,"SCOGGINS CREEK NEAR SW OLD HWY 47, NEAR GASTON, OR",45.4586111,-123.1559167
2024-03-26,5.0,452731123092100,"SCOGGINS CREEK NEAR SW OLD HWY 47, NEAR GASTON, OR",45.4586111,-123.1559167
2024-03-27,7.4,452731123092100,"SCOGGINS CREEK NEAR SW OLD HWY 47, NEAR GASTON, OR",45.4586111,-123.1559167
2024-03-28,8.7,452731123092100,"SCOGGINS CREEK NEAR SW OLD HWY 47, NEAR GASTON, OR",45.4586111,-123.1559167
2024-03-29,6.8,452731123092100,"SCOGGINS CREEK NEAR SW OLD HWY 47, NEAR GASTON, OR",45.4586111,-123.1559167
2024-03-30,6.1,452731123092100,"SCOGGINS CREEK NEAR SW OLD HWY 47, NEAR GASTON, OR",45.4586111,-123.1559167
2024-03-31,5.7,452731123092100,"SCOGGINS CREEK NEAR SW OLD HWY 47, NEAR GASTON, OR",45.4586111,-123.1559167
2024-04-01,5.4,452731123092100,"SCOGGINS CREEK NEAR SW OLD HWY 47, NEAR GASTON, OR",45.4586111,-123.1559167
2024-04-02,5.9,452731123092100,"SCOGGINS CREEK NEAR SW OLD HWY 47, NEAR GASTON, OR",45.4586111,-123.1559167
2024-04-03,5.1,452731123092100,"SCOGGINS CREEK NEAR SW OLD HWY 47, NEAR GASTON, OR",45.4586111,-123.1559167
2024-04-04,5.6,452731123092100,"SCOGGINS CREEK NEAR SW OLD HWY 47, NEAR GASTON, OR",45.4586111,-123.1559167
2024-04-05,4.5,452731123092100,"SCOGGINS CREEK NEAR SW OLD HWY 47, NEAR GASTON, OR",45.4586111,-123.1559167
2024-04-06,4.1,452731123092100,"SCOGGINS CREEK NEAR SW OLD HWY 47, NEAR GASTON, OR",45.4586111,-123.1559167
2024-04-07,4.5,452731123092100,"SCOGGINS CREEK NEAR SW OLD HWY 47, NEAR GASTON, OR",45.4586111,-123.1559167
2024-04-08,5.0,452731123092100,"SCOGGINS CREEK NEAR SW OLD HWY 47, NEAR GASTON, OR",45.4586111,-123.1559167
2024-04-09,5.0,452731123092100,"SCOGGINS CREEK NEAR SW OLD HWY 47, NEAR GASTON, OR",45.4586111,-123.1559167
2024-04-10,4.6,452731123092100,"SCOGGINS CREEK NEAR SW OLD HWY 47, NEAR GASTON, OR",45.4586111,-123.1559167
2024-04-11,4.0,452731123092100,"SCOGGINS CREEK NEAR SW OLD HWY 47, NEAR GASTON, OR",45.4586111,-123.1559167
2024-04-12,4.6,452731123092100,"SCOGGINS CREEK NEAR SW OLD HWY 47, NEAR GASTON, OR",45.4586111,-123.1559167
2024-04-13,4.2,452731123092100,"SCOGGINS CREEK NEAR SW OLD HWY 47, NEAR GASTON, OR",45.4586111,-123.1559167
2024-04-14,6.6,452731123092100,"SCOGGINS CREEK NEAR SW OLD HWY 47, NEAR GASTON, OR",45.4586111,-123.1559167
2024-04-15,5.2,452731123092100,"SCOGGINS CREEK NEAR SW OLD HWY 47, NEAR GASTON, OR",45.4586111,-123.1559167
2024-04-16,4.7,452731123092100,"SCOGGINS CREEK NEAR SW OLD HWY 47, NEAR GASTON, OR",45.4586111,-123.1559167
2024-04-17,5.6,452731123092100,"SCOGGINS CREEK NEAR SW OLD HWY 47, NEAR GASTON, OR",45.4586111,-123.1559167
2024-04-18,5.0,452731123092100,"SCOGGINS CREEK NEAR SW OLD HWY 47, NEAR GASTON, OR",45.4586111,-123.1559167
2024-04-19,4.9,452731123092100,"SCOGGINS CREEK NEAR SW OLD HWY 47, NEAR GASTON, OR",45.4586111,-123.1559167
2024-04-20,4.9,452731123092100,"SCOGGINS CREEK NEAR SW OLD HWY 47, NEAR GASTON, OR",45.4586111,-123.1559167
2024-04-21,4.2,452731123092100,"SCOGGINS CREEK NEAR SW OLD HWY 47, NEAR GASTON, OR",45.4586111,-123.1559167
2024-04-22,3.7,452731123092100,"SCOGGINS CREEK NEAR SW OLD HWY 47, NEAR GASTON, OR",45.4586111,-123.1559167
2024-04-23,3.9,452731123092100,"SCOGGINS CREEK NEAR SW OLD HWY 47, NEAR GASTON, OR",45.4586111,-123.1559167
2024-04-24,3.3,452731123092100,"SCOGGINS CREEK NEAR SW OLD HWY 47, NEAR GASTON, OR",45.4586111,-123.1559167
2024-04-25,3.1,452731123092100,"SCOGGINS CREEK NEAR SW OLD HWY 47, NEAR GASTON, OR",45.4586111,-123.1559167
2024-04-26,3.0,452731123092100,"SCOGGINS CREEK NEAR SW OLD HWY 47, NEAR GASTON, OR",45.4586111,-123.1559167
2024-04-27,2.6,452731123092100,"SCOGGINS CREEK NEAR SW OLD HWY 47, NEAR GASTON, OR",45.4586111,-123.1559167
2024-04-28,2.8,452731123092100,"SCOGGINS CREEK NEAR SW OLD HWY 47, NEAR GASTON, OR",45.4586111,-123.1559167
2024-04-29,3.1,452731123092100,"SCOGGINS CREEK NEAR SW OLD HWY 47, NEAR GASTON, OR",45.4586111,-123.1559167
2024-04-30,8.4,452731123092100,"SCOGGINS CREEK NEAR SW OLD HWY 47, NEAR GASTON, OR",45.4586111,-123.1559167
2024-05-01,5.0,452731123092100,"SCOGGINS CREEK NEAR SW OLD HWY 47, NEAR GASTON, OR",45.4586111,-123.1559167
2024-05-04,8.9,452731123092100,"SCOGGINS CREEK NEAR SW OLD HWY 47, NEAR GASTON, OR",45.4586111,-123.1559167
2024-05-05,11.1,452731123092100,"SCOGGINS CREEK NEAR SW OLD HWY 47, NEAR GASTON, OR",45.4586111,-123.1559167
2024-05-06,8.4,452731123092100,"SCOGGINS CREEK NEAR SW OLD HWY 47, NEAR GASTON, OR",45.4586111,-123.1559167
2024-05-07,7.4,452731123092100,"SCOGGINS CREEK NEAR SW OLD HWY 47, NEAR GASTON, OR",45.4586111,-123.1559167
2024-05-08,6.5,452731123092100,"SCOGGINS CREEK NEAR SW OLD HWY 47, NEAR GASTON, OR",45.4586111,-123.1559167
2024-05-09,6.2,452731123092100,"SCOGGINS CREEK NEAR SW OLD HWY 47, NEAR GASTON, OR",45.4586111,-123.1559167
2024-05-10,5.8,452731123092100,"SCOGGINS CREEK NEAR SW OLD HWY 47, NEAR GASTON, OR",45.4586111,-123.1559167
2024-05-11,5.3,452731123092100,"SCOGGINS CREEK NEAR SW OLD HWY 47, NEAR GASTON, OR",45.4586111,-123.1559167
2024-05-12,7.5,452731123092100,"SCOGGINS CREEK NEAR SW OLD HWY 47, NEAR GASTON, OR",45.4586111,-123.1559167
2024-05-13,5.9,452731123092100,"SCOGGINS CREEK NEAR SW OLD HWY 47, NEAR GASTON, OR",45.4586111,-123.1559167
2024-05-14,5.7,452731123092100,"SCOGGINS CREEK NEAR SW OLD HWY 47, NEAR GASTON, OR",45.4586111,-123.1559167
2024-05-15,6.1,452731123092100,"SCOGGINS CREEK NEAR SW OLD HWY 47, NEAR GASTON, OR",45.4586111,-123.1559167
2024-05-16,7.0,452731123092100,"SCOGGINS CREEK NEAR SW OLD HWY 47, NEAR GASTON, OR",45.4586111,-123.1559167
2024-05-17,5.4,452731123092100,"SCOGGINS CREEK NEAR SW OLD HWY 47, NEAR GASTON, OR",45.4586111,-123.1559167
2024-05-18,5.8,452731123092100,"SCOGGINS CREEK NEAR SW OLD HWY 47, NEAR GASTON, OR",45.4586111,-123.1559167
2024-05-19,6.5,452731123092100,"SCOGGINS CREEK NEAR SW OLD HWY 47, NEAR GASTON, OR",45.4586111,-123.1559167
2024-05-20,4.2,452731123092100,"SCOGGINS CREEK NEAR SW OLD HWY 47, NEAR GASTON, OR",45.4586111,-123.1559167
2024-05-21,4.1,452731123092100,"SCOGGINS CREEK NEAR SW OLD HWY 47, NEAR GASTON, OR",45.4586111,-123.1559167
2024-05-22,3.8,452731123092100,"SCOGGINS CREEK NEAR SW OLD HWY 47, NEAR GASTON, OR",45.4586111,-123.1559167
2024-05-23,3.4,452731123092100,"SCOGGINS CREEK NEAR SW OLD HWY 47, NEAR GASTON, OR",45.4586111,-123.1559167
2024-05-24,3.4,452731123092100,"SCOGGINS CREEK NEAR SW OLD HWY 47, NEAR GASTON, OR",45.4586111,-123.1559167
2024-05-25,3.2,452731123092100,"SCOGGINS CREEK NEAR SW OLD HWY 47, NEAR GASTON, OR",45.4586111,-123.1559167
2024-05-26,3.2,452731123092100,"SCOGGINS CREEK NEAR SW OLD HWY 47, NEAR GASTON, OR",45.4586111,-123.1559167
2024-05-27,3.0,452731123092100,"SCOGGINS CREEK NEAR SW OLD HWY 47, NEAR GASTON, OR",45.4586111,-123.1559167
2024-05-28,3.6,452731123092100,"SCOGGINS CREEK NEAR SW OLD HWY 47, NEAR GASTON, OR",45.4586111,-123.1559167
2024-05-29,3.9,452731123092100,"SCOGGINS CREEK NEAR SW OLD HWY 47, NEAR GASTON, OR",45.4586111,-123.1559167
2024-05-30,3.7,452731123092100,"SCOGGINS CREEK NEAR SW OLD HWY 47, NEAR GASTON, OR",45.4586111,-123.1559167
2024-05-31,3.5,452731123092100,"SCOGGINS CREEK NEAR SW OLD HWY 47, NEAR GASTON, OR",45.4586111,-123.1559167
2024-06-01,3.6,452731123092100,"SCOGGINS CREEK NEAR SW OLD HWY 47, NEAR GASTON, OR",45.4586111,-123.1559167
2024-06-02,3.7,452731123092100,"SCOGGINS CREEK NEAR SW OLD HWY 47, NEAR GASTON, OR",45.4586111,-123.1559167
2024-06-03,12.0,452731123092100,"SCOGGINS CREEK NEAR SW OLD HWY 47, NEAR GASTON, OR",45.4586111,-123.1559167
2024-06-04,3.5,452731123092100,"SCOGGINS CREEK NEAR SW OLD HWY 47, NEAR GASTON, OR",45.4586111,-123.1559167
2024-06-05,4.0,452731123092100,"SCOGGINS CREEK NEAR SW OLD HWY 47, NEAR GASTON, OR",45.4586111,-123.1559167
2024-06-06,4.2,452731123092100,"SCOGGINS CREEK NEAR SW OLD HWY 47, NEAR GASTON, OR",45.4586111,-123.1559167
2024-06-07,6.0,452731123092100,"SCOGGINS CREEK NEAR SW OLD HWY 47, NEAR GASTON, OR",45.4586111,-123.1559167
2024-06-08,47.4,452731123092100,"SCOGGINS CREEK NEAR SW OLD HWY 47, NEAR GASTON, OR",45.4586111,-123.1559167
2024-06-09,4.4,452731123092100,"SCOGGINS CREEK NEAR SW OLD HWY 47, NEAR GASTON, OR",45.4586111,-123.1559167
2024-06-10,4.5,452731123092100,"SCOGGINS CREEK NEAR SW OLD HWY 47, NEAR GASTON, OR",45.4586111,-123.1559167
2024-06-11,5.4,452731123092100,"SCOGGINS CREEK NEAR SW OLD HWY 47, NEAR GASTON, OR",45.4586111,-123.1559167
2024-06-12,4.6,452731123092100,"SCOGGINS CREEK NEAR SW OLD HWY 47, NEAR GASTON, OR",45.4586111,-123.1559167
2024-06-13,3.9,452731123092100,"SCOGGINS CREEK NEAR SW OLD HWY 47, NEAR GASTON, OR",45.4586111,-123.1559167
2024-06-14,5.3,452731123092100,"SCOGGINS CREEK NEAR SW OLD HWY 47, NEAR GASTON, OR",45.4586111,-123.1559167
2024-06-15,4.6,452731123092100,"SCOGGINS CREEK NEAR SW OLD HWY 47, NEAR GASTON, OR",45.4586111,-123.1559167
2024-06-16,5.3,452731123092100,"SCOGGINS CREEK NEAR SW OLD HWY 47, NEAR GASTON, OR",45.4586111,-123.1559167
2024-06-17,3.7,452731123092100,"SCOGGINS CREEK NEAR SW OLD HWY 47, NEAR GASTON, OR",45.4586111,-123.1559167
2024-06-18,5.2,452731123092100,"SCOGGINS CREEK NEAR SW OLD HWY 47, NEAR GASTON, OR",45.4586111,-123.1559167
2024-06-19,6.2,452731123092100,"SCOGGINS CREEK NEAR SW OLD HWY 47, NEAR GASTON, OR",45.4586111,-123.1559167
2024-06-20,4.9,452731123092100,"SCOGGINS CREEK NEAR SW OLD HWY 47, NEAR GASTON, OR",45.4586111,-123.1559167
2024-06-21,7.4,452731123092100,"SCOGGINS CREEK NEAR SW OLD HWY 47, NEAR GASTON, OR",45.4586111,-123.1559167
2024-06-22,5.0,452731123092100,"SCOGGINS CREEK NEAR SW OLD HWY 47, NEAR GASTON, OR",45.4586111,-123.1559167
2024-06-23,4.6,452731123092100,"SCOGGINS CREEK NEAR SW OLD HWY 47, NEAR GASTON, OR",45.4586111,-123.1559167
2024-06-24,4.4,452731123092100,"SCOGGINS CREEK NEAR SW OLD HWY 47, NEAR GASTON, OR",45.4586111,-123.1559167
2024-06-25,4.5,452731123092100,"SCOGGINS CREEK NEAR SW OLD HWY 47, NEAR GASTON, OR",45.4586111,-123.1559167
2024-06-26,4.4,452731123092100,"SCOGGINS CREEK NEAR SW OLD HWY 47, NEAR GASTON, OR",45.4586111,-123.1559167
2024-06-27,4.3,452731123092100,"SCOGGINS CREEK NEAR SW OLD HWY 47, NEAR GASTON, OR",45.4586111,-123.1559167
2024-06-28,4.2,452731123092100,"SCOGGINS CREEK NEAR SW OLD HWY 47, NEAR GASTON, OR",45.4586111,-123.1559167
2024-06-29,3.7,452731123092100,"SCOGGINS CREEK NEAR SW OLD HWY 47, NEAR GASTON, OR",45.4586111,-123.1559167
2024-06-30,3.8,452731123092100,"SCOGGINS CREEK NEAR SW OLD HWY 47, NEAR GASTON, OR",45.4586111,-123.1559167
2024-07-01,3.6,452731123092100,"SCOGGINS CREEK NEAR SW OLD HWY 47, NEAR GASTON, OR",45.4586111,-123.1559167
2024-07-02,3.8,452731123092100,"SCOGGINS CREEK NEAR SW OLD HWY 47, NEAR GASTON, OR",45.4586111,-123.1559167
2024-07-03,4.1,452731123092100,"SCOGGINS CREEK NEAR SW OLD HWY 47, NEAR GASTON, OR",45.4586111,-123.1559167
2024-07-04,4.3,452731123092100,"SCOGGINS CREEK NEAR SW OLD HWY 47, NEAR GASTON, OR",45.4586111,-123.1559167
2024-07-05,4.8,452731123092100,"SCOGGINS CREEK NEAR SW OLD HWY 47, NEAR GASTON, OR",45.4586111,-123.1559167
2024-07-06,6.2,452731123092100,"SCOGGINS CREEK NEAR SW OLD HWY 47, NEAR GASTON, OR",45.4586111,-123.1559167
2024-07-07,6.9,452731123092100,"SCOGGINS CREEK NEAR SW OLD HWY 47, NEAR GASTON, OR",45.4586111,-123.1559167
2024-07-08,7.1,452731123092100,"SCOGGINS CREEK NEAR SW OLD HWY 47, NEAR GASTON, OR",45.4586111,-123.1559167
2024-07-09,7.7,452731123092100,"SCOGGINS CREEK NEAR SW OLD HWY 47, NEAR GASTON, OR",45.4586111,-123.1559167
2024-07-10,7.9,452731123092100,"SCOGGINS CREEK NEAR SW OLD HWY 47, NEAR GASTON, OR",45.4586111,-123.1559167
2024-07-11,8.7,452731123092100,"SCOGGINS CREEK NEAR SW OLD HWY 47, NEAR GASTON, OR",45.4586111,-123.1559167
2024-07-12,8.2,452731123092100,"SCOGGINS CREEK NEAR SW OLD HWY 47, NEAR GASTON, OR",45.4586111,-123.1559167
2024-07-13,7.2,452731123092100,"SCOGGINS CREEK NEAR SW OLD HWY 47, NEAR GASTON, OR",45.4586111,-123.1559167
2024-07-14,8.2,452731123092100,"SCOGGINS CREEK NEAR SW OLD HWY 47, NEAR GASTON, OR",45.4586111,-123.1559167
2024-07-15,7.5,452731123092100,"SCOGGINS CREEK NEAR SW OLD HWY 47, NEAR GASTON, OR",45.4586111,-123.1559167
2024-07-16,7.9,452731123092100,"SCOGGINS CREEK NEAR SW OLD HWY 47, NEAR GASTON, OR",45.4586111,-123.1559167
2024-07-17,8.6,452731123092100,"SCOGGINS CREEK NEAR SW OLD HWY 47, NEAR GASTON, OR",45.4586111,-123.1559167
2024-07-18,7.2,452731123092100,"SCOGGINS CREEK NEAR SW OLD HWY 47, NEAR GASTON, OR",45.4586111,-123.1559167
2024-07-19,7.0,452731123092100,"SCOGGINS CREEK NEAR SW OLD HWY 47, NEAR GASTON, OR",45.4586111,-123.1559167
2024-07-20,7.6,452731123092100,"SCOGGINS CREEK NEAR SW OLD HWY 47, NEAR GASTON, OR",45.4586111,-123.1559167
2024-07-21,10.2,452731123092100,"SCOGGINS CREEK NEAR SW OLD HWY 47, NEAR GASTON, OR",45.4586111,-123.1559167
2024-07-22,5.8,452731123092100,"SCOGGINS CREEK NEAR SW OLD HWY 47, NEAR GASTON, OR",45.4586111,-123.1559167
2024-07-23,5.8,452731123092100,"SCOGGINS CREEK NEAR SW OLD HWY 47, NEAR GASTON, OR",45.4586111,-123.1559167
2024-07-24,5.5,452731123092100,"SCOGGINS CREEK NEAR SW OLD HWY 47, NEAR GASTON, OR",45.4586111,-123.1559167
2024-07-25,5.0,452731123092100,"SCOGGINS CREEK NEAR SW OLD HWY 47, NEAR GASTON, OR",45.4586111,-123.1559167
2024-07-26,4.3,452731123092100,"SCOGGINS CREEK NEAR SW OLD HWY 47, NEAR GASTON, OR",45.4586111,-123.1559167
2024-07-27,3.9,452731123092100,"SCOGGINS CREEK NEAR SW OLD HWY 47, NEAR GASTON, OR",45.4586111,-123.1559167
2024-07-28,4.1,452731123092100,"SCOGGINS CREEK NEAR SW OLD HWY 47, NEAR GASTON, OR",45.4586111,-123.1559167
2024-07-29,3.6,452731123092100,"SCOGGINS CREEK NEAR SW OLD HWY 47, NEAR GASTON, OR",45.4586111,-123.1559167
2024-07-30,4.9,452731123092100,"SCOGGINS CREEK NEAR SW OLD HWY 47, NEAR GASTON, OR",45.4586111,-123.1559167
2024-07-31,3.8,452731123092100,"SCOGGINS CREEK NEAR SW OLD HWY 47, NEAR GASTON, OR",45.4586111,-123.1559167
2024-08-01,3.9,452731123092100,"SCOGGINS CREEK NEAR SW OLD HWY 47, NEAR GASTON, OR",45.4586111,-123.1559167
2024-08-02,3.8,452731123092100,"SCOGGINS CREEK NEAR SW OLD HWY 47, NEAR GASTON, OR",45.4586111,-123.1559167
2024-08-03,3.5,452731123092100,"SCOGGINS CREEK NEAR SW OLD HWY 47, NEAR GASTON, OR",45.4586111,-123.1559167
2024-08-04,3.8,452731123092100,"SCOGGINS CREEK NEAR SW OLD HWY 47, NEAR GASTON, OR",45.4586111,-123.1559167
2024-08-05,4.9,452731123092100,"SCOGGINS CREEK NEAR SW OLD HWY 47, NEAR GASTON, OR",45.4586111,-123.1559167
2024-08-06,3.4,452731123092100,"SCOGGINS CREEK NEAR SW OLD HWY 47, NEAR GASTON, OR",45.4586111,-123.1559167
2024-08-07,4.1,452731123092100,"SCOGGINS CREEK NEAR SW OLD HWY 47, NEAR GASTON, OR",45.4586111,-123.1559167
2024-08-08,6.4,452731123092100,"SCOGGINS CREEK NEAR SW OLD HWY 47, NEAR GASTON, OR",45.4586111,-123.1559167
2024-08-09,3.6,452731123092100,"SCOGGINS CREEK NEAR SW OLD HWY 47, NEAR GASTON, OR",45.4586111,-123.1559167
2024-08-10,3.4,452731123092100,"SCOGGINS CREEK NEAR SW OLD HWY 47, NEAR GASTON, OR",45.4586111,-123.1559167
2024-08-11,4.7,452731123092100,"SCOGGINS CREEK NEAR SW OLD HWY 47, NEAR GASTON, OR",45.4586111,-123.1559167
2024-08-12,3.2,452731123092100,"SCOGGINS CREEK NEAR SW OLD HWY 47, NEAR GASTON, OR",45.4586111,-123.1559167
2024-08-13,6.5,452731123092100,"SCOGGINS CREEK NEAR SW OLD HWY 47, NEAR GASTON, OR",45.4586111,-123.1559167
2024-08-14,5.5,452731123092100,"SCOGGINS CREEK NEAR SW OLD HWY 47, NEAR GASTON, OR",45.4586111,-123.1559167
2024-08-15,3.2,452731123092100,"SCOGGINS CREEK NEAR SW OLD HWY 47, NEAR GASTON, OR",45.4586111,-123.1559167
2024-08-16,3.4,452731123092100,"SCOGGINS CREEK NEAR SW OLD HWY 47, NEAR GASTON, OR",45.4586111,-123.1559167
2024-08-17,3.9,452731123092100,"SCOGGINS CREEK NEAR SW OLD HWY 47, NEAR GASTON, OR",45.4586111,-123.1559167
2024-08-18,3.6,452731123092100,"SCOGGINS CREEK NEAR SW OLD HWY 47, NEAR GASTON, OR",45.4586111,-123.1559167
2024-08-19,3.4,452731123092100,"SCOGGINS CREEK NEAR SW OLD HWY 47, NEAR GASTON, OR",45.4586111,-123.1559167
2024-08-20,3.7,452731123092100,"SCOGGINS CREEK NEAR SW OLD HWY 47, NEAR GASTON, OR",45.4586111,-123.1559167
2024-08-21,3.2,452731123092100,"SCOGGINS CREEK NEAR SW OLD HWY 47, NEAR GASTON, OR",45.4586111,-123.1559167
2024-08-22,3.3,452731123092100,"SCOGGINS CREEK NEAR SW OLD HWY 47, NEAR GASTON, OR",45.4586111,-123.1559167
2024-08-23,3.1,452731123092100,"SCOGGINS CREEK NEAR SW OLD HWY 47, NEAR GASTON, OR",45.4586111,-123.1559167
2024-08-24,3.5,452731123092100,"SCOGGINS CREEK NEAR SW OLD HWY 47, NEAR GASTON, OR",45.4586111,-123.1559167
2024-08-25,3.0,452731123092100,"SCOGGINS CREEK NEAR SW OLD HWY 47, NEAR GASTON, OR",45.4586111,-123.1559167
2024-08-26,3.0,452731123092100,"SCOGGINS CREEK NEAR SW OLD HWY 47, NEAR GASTON, OR",45.4586111,-123.1559167
2024-08-27,2.9,452731123092100,"SCOGGINS CREEK NEAR SW OLD HWY 47, NEAR GASTON, OR",45.4586111,-123.1559167
2024-08-28,3.3,452731123092100,"SCOGGINS CREEK NEAR SW OLD HWY 47, NEAR GASTON, OR",45.4586111,-123.1559167
2024-08-29,3.0,452731123092100,"SCOGGINS CREEK NEAR SW OLD HWY 47, NEAR GASTON, OR",45.4586111,-123.1559167
2024-08-30,3.3,452731123092100,"SCOGGINS CREEK NEAR SW OLD HWY 47, NEAR GASTON, OR",45.4586111,-123.1559167
2024-08-31,3.9,452731123092100,"SCOGGINS CREEK NEAR SW OLD HWY 47, NEAR GASTON, OR",45.4586111,-123.1559167
2024-09-01,3.4,452731123092100,"SCOGGINS CREEK NEAR SW OLD HWY 47, NEAR GASTON, OR",45.4586111,-123.1559167
2024-09-02,3.6,452731123092100,"SCOGGINS CREEK NEAR SW OLD HWY 47, NEAR GASTON, OR",45.4586111,-123.1559167
2024-09-03,4.0,452731123092100,"SCOGGINS CREEK NEAR SW OLD HWY 47, NEAR GASTON, OR",45.4586111,-123.1559167
2024-09-04,3.5,452731123092100,"SCOGGINS CREEK NEAR SW OLD HWY 47, NEAR GASTON, OR",45.4586111,-123.1559167
2024-09-05,3.8,452731123092100,"SCOGGINS CREEK NEAR SW OLD HWY 47, NEAR GASTON, OR",45.4586111,-123.1559167
2024-09-06,3.1,452731123092100,"SCOGGINS CREEK NEAR SW OLD HWY 47, NEAR GASTON, OR",45.4586111,-123.1559167
2024-09-07,3.1,452731123092100,"SCOGGINS CREEK NEAR SW OLD HWY 47, NEAR GASTON, OR",45.4586111,-123.1559167
2024-09-08,3.0,452731123092100,"SCOGGINS CREEK NEAR SW OLD HWY 47, NEAR GASTON, OR",45.4586111,-123.1559167
2024-09-09,2.5,452731123092100,"SCOGGINS CREEK NEAR SW OLD HWY 47, NEAR GASTON, OR",45.4586111,-123.1559167
2024-09-10,3.3,452731123092100,"SCOGGINS CREEK NEAR SW OLD HWY 47, NEAR GASTON, OR",45.4586111,-123.1559167
2024-09-11,3.2,452731123092100,"SCOGGINS CREEK NEAR SW OLD HWY 47, NEAR GASTON, OR",45.4586111,-123.1559167
2024-09-12,3.2,452731123092100,"SCOGGINS CREEK NEAR SW OLD HWY 47, NEAR GASTON, OR",45.4586111,-123.1559167
2024-09-13,3.1,452731123092100,"SCOGGINS CREEK NEAR SW OLD HWY 47, NEAR GASTON, OR",45.4586111,-123.1559167
2024-09-14,3.8,452731123092100,"SCOGGINS CREEK NEAR SW OLD HWY 47, NEAR GASTON, OR",45.4586111,-123.1559167
2024-09-15,3.5,452731123092100,"SCOGGINS CREEK NEAR SW OLD HWY 47, NEAR GASTON, OR",45.4586111,-123.1559167
2024-09-16,3.6,452731123092100,"SCOGGINS CREEK NEAR SW OLD HWY 47, NEAR GASTON, OR",45.4586111,-123.1559167
2024-09-17,3.7,452731123092100,"SCOGGINS CREEK NEAR SW OLD HWY 47, NEAR GASTON, OR",45.4586111,-123.1559167
2024-09-18,4.0,452731123092100,"SCOGGINS CREEK NEAR SW OLD HWY 47, NEAR GASTON, OR",45.4586111,-123.1559167
2024-09-19,3.6,452731123092100,"SCOGGINS CREEK NEAR SW OLD HWY 47, NEAR GASTON, OR",45.4586111,-123.1559167
2024-09-20,3.8,452731123092100,"SCOGGINS CREEK NEAR SW OLD HWY 47, NEAR GASTON, OR",45.4586111,-123.1559167
2024-09-21,3.9,452731123092100,"SCOGGINS CREEK NEAR SW OLD HWY 47, NEAR GASTON, OR",45.4586111,-123.1559167
2024-09-22,4.4,452731123092100,"SCOGGINS CREEK NEAR SW OLD HWY 47, NEAR GASTON, OR",45.4586111,-123.1559167
2024-09-23,6.0,452731123092100,"SCOGGINS CREEK NEAR SW OLD HWY 47, NEAR GASTON, OR",45.4586111,-123.1559167
2024-09-24,4.3,452731123092100,"SCOGGINS CREEK NEAR SW OLD HWY 47, NEAR GASTON, OR",45.4586111,-123.1559167
2024-09-25,4.4,452731123092100,"SCOGGINS CREEK NEAR SW OLD HWY 47, NEAR GASTON, OR",45.4586111,-123.1559167
2024-09-26,4.4,452731123092100,"SCOGGINS CREEK NEAR SW OLD HWY 47, NEAR GASTON, OR",45.4586111,-123.1559167
2024-09-27,3.7,452731123092100,"SCOGGINS CREEK NEAR SW OLD HWY 47, NEAR GASTON, OR",45.4586111,-123.1559167
2024-09-28,4.2,452731123092100,"SCOGGINS CREEK NEAR SW OLD HWY 47, NEAR GASTON, OR",45.4586111,-123.1559167
2024-09-29,3.9,452731123092100,"SCOGGINS CREEK NEAR SW OLD HWY 47, NEAR GASTON, OR",45.4586111,-123.1559167
2024-09-30,4.2,452731123092100,"SCOGGINS CREEK NEAR SW OLD HWY 47, NEAR GASTON, OR",45.4586111,-123.1559167
2024-01-01,9.9,453004122510301,"BEAVERTON CREEK AT 170TH AVE, BEAVERTON, OR",45.5009505,-122.852045
2024-01-02,14.4,453004122510301,"BEAVERTON CREEK AT 170TH AVE, BEAVERTON, OR",45.5009505,-122.852045
2024-01-03,19.2,453004122510301,"BEAVERTON CREEK AT 170TH AVE, BEAVERTON, OR",45.5009505,-122.852045
2024-01-04,17.8,453004122510301,"BEAVERTON CREEK AT 170TH AVE, BEAVERTON, OR",45.5009505,-122.852045
2024-01-05,10.9,453004122510301,"BEAVERTON CREEK AT 170TH AVE, BEAVERTON, OR",45.5009505,-122.852045
2024-01-06,56.6,453004122510301,"BEAVERTON CREEK AT 170TH AVE, BEAVERTON, OR",45.5009505,-122.852045
2024-01-07,17.4,453004122510301,"BEAVERTON CREEK AT 170TH AVE, BEAVERTON, OR",45.5009505,-122.852045
2024-01-08,17.3,453004122510301,"BEAVERTON CREEK AT 170TH AVE, BEAVERTON, OR",45.5009505,-122.852045
2024-01-09,58.5,453004122510301,"BEAVERTON CREEK AT 170TH AVE, BEAVERTON, OR",45.5009505,-122.852045
2024-01-10,28.4,453004122510301,"BEAVERTON CREEK AT 170TH AVE, BEAVERTON, OR",45.5009505,-122.852045
2024-01-11,16.2,453004122510301,"BEAVERTON CREEK AT 170TH AVE, BEAVERTON, OR",45.5009505,-122.852045
2024-01-12,18.2,453004122510301,"BEAVERTON CREEK AT 170TH AVE, BEAVERTON, OR",45.5009505,-122.852045
2024-01-13,13.6,453004122510301,"BEAVERTON CREEK AT 170TH AVE, BEAVERTON, OR",45.5009505,-122.852045
2024-01-14,18.2,453004122510301,"BEAVERTON CREEK AT 170TH AVE, BEAVERTON, OR",45.5009505,-122.852045
2024-01-15,14.9,453004122510301,"BEAVERTON CREEK AT 170TH AVE, BEAVERTON, OR",45.5009505,-122.852045
2024-01-16,13.4,453004122510301,"BEAVERTON CREEK AT 170TH AVE, BEAVERTON, OR",45.5009505,-122.852045
2024-01-17,23.4,453004122510301,"BEAVERTON CREEK AT 170TH AVE, BEAVERTON, OR",45.5009505,-122.852045
2024-01-18,53.8,453004122510301,"BEAVERTON CREEK AT 170TH AVE, BEAVERTON, OR",45.5009505,-122.852045
2024-01-19,24.2,453004122510301,"BEAVERTON CREEK AT 170TH AVE, BEAVERTON, OR",45.5009505,-122.852045
2024-01-20,19.7,453004122510301,"BEAVERTON CREEK AT 170TH AVE, BEAVERTON, OR",45.5009505,-122.852045
2024-01-21,33.1,453004122510301,"BEAVERTON CREEK AT 170TH AVE, BEAVERTON, OR",45.5009505,-122.852045
2024-01-22,33.9,453004122510301,"BEAVERTON CREEK AT 170TH AVE, BEAVERTON, OR",45.5009505,-122.852045
2024-01-23,40.6,453004122510301,"BEAVERTON CREEK AT 170TH AVE, BEAVERTON, OR",45.5009505,-122.852045
2024-01-24,31.6,453004122510301,"BEAVERTON CREEK AT 170TH AVE, BEAVERTON, OR",45.5009505,-122.852045
2024-01-25,23.8,453004122510301,"BEAVERTON CREEK AT 170TH AVE, BEAVERTON, OR",45.5009505,-122.852045
2024-01-26,28.5,453004122510301,"BEAVERTON CREEK AT 170TH AVE, BEAVERTON, OR",45.5009505,-122.852045
2024-01-27,35.4,453004122510301,"BEAVERTON CREEK AT 170TH AVE, BEAVERTON, OR",45.5009505,-122.852045
2024-01-28,26.6,453004122510301,"BEAVERTON CREEK AT 170TH AVE, BEAVERTON, OR",45.5009505,-122.852045
2024-01-29,17.3,453004122510301,"BEAVERTON CREEK AT 170TH AVE, BEAVERTON, OR",45.5009505,-122.852045
2024-01-30,14.7,453004122510301,"BEAVERTON CREEK AT 170TH AVE, BEAVERTON, OR",45.5009505,-122.852045
2024-01-31,13.9,453004122510301,"BEAVERTON CREEK AT 170TH AVE, BEAVERTON, OR",45.5009505,-122.852045
2024-02-01,13.6,453004122510301,"BEAVERTON CREEK AT 170TH AVE, BEAVERTON, OR",45.5009505,-122.852045
2024-02-02,14.3,453004122510301,"BEAVERTON CREEK AT 170TH AVE, BEAVERTON, OR",45.5009505,-122.852045
2024-02-03,12.2,453004122510301,"BEAVERTON CREEK AT 170TH AVE, BEAVERTON, OR",45.5009505,-122.852045
2024-02-04,14.3,453004122510301,"BEAVERTON CREEK AT 170TH AVE, BEAVERTON, OR",45.5009505,-122.852045
2024-02-05,13.3,453004122510301,"BEAVERTON CREEK AT 170TH AVE, BEAVERTON, OR",45.5009505,-122.852045
2024-02-06,12.7,453004122510301,"BEAVERTON CREEK AT 170TH AVE, BEAVERTON, OR",45.5009505,-122.852045
2024-02-07,12.4,453004122510301,"BEAVERTON CREEK AT 170TH AVE, BEAVERTON, OR",45.5009505,-122.852045
2024-02-08,13.0,453004122510301,"BEAVERTON CREEK AT 170TH AVE, BEAVERTON, OR",45.5009505,-122.852045
2024-02-09,13.7,453004122510301,"BEAVERTON CREEK AT 170TH AVE, BEAVERTON, OR",45.5009505,-122.852045
2024-02-10,12.4,453004122510301,"BEAVERTON CREEK AT 170TH AVE, BEAVERTON, OR",45.5009505,-122.852045
2024-02-11,12.9,453004122510301,"BEAVERTON CREEK AT 170TH AVE, BEAVERTON, OR",45.5009505,-122.852045
2024-02-12,12.9,453004122510301,"BEAVERTON CREEK AT 170TH AVE, BEAVERTON, OR",45.5009505,-122.852045
2024-02-13,12.3,453004122510301,"BEAVERTON CREEK AT 170TH AVE, BEAVERTON, OR",45.5009505,-122.852045
2024-02-14,51.4,453004122510301,"BEAVERTON CREEK AT 170TH AVE, BEAVERTON, OR",45.5009505,-122.852045
2024-02-15,56.1,453004122510301,"BEAVERTON CREEK AT 170TH AVE, BEAVERTON, OR",45.5009505,-122.852045
2024-02-16,19.5,453004122510301,"BEAVERTON CREEK AT 170TH AVE, BEAVERTON, OR",45.5009505,-122.852045
2024-02-17,17.0,453004122510301,"BEAVERTON CREEK AT 170TH AVE, BEAVERTON, OR",45.5009505,-122.852045
2024-02-18,16.2,453004122510301,"BEAVERTON CREEK AT 170TH AVE, BEAVERTON, OR",45.5009505,-122.852045
2024-02-19,12.8,453004122510301,"BEAVERTON CREEK AT 170TH AVE, BEAVERTON, OR",45.5009505,-122.852045
2024-02-20,13.3,453004122510301,"BEAVERTON CREEK AT 170TH AVE, BEAVERTON, OR",45.5009505,-122.852045
2024-02-21,20.1,453004122510301,"BEAVERTON CREEK AT 170TH AVE, BEAVERTON, OR",45.5009505,-122.852045
2024-02-22,12.7,453004122510301,"BEAVERTON CREEK AT 170TH AVE, BEAVERTON, OR",45.5009505,-122.852045
2024-02-23,11.8,453004122510301,"BEAVERTON CREEK AT 170TH AVE, BEAVERTON, OR",45.5009505,-122.852045
2024-02-24,12.5,453004122510301,"BEAVERTON CREEK AT 170TH AVE, BEAVERTON, OR",45.5009505,-122.852045
2024-02-25,13.2,453004122510301,"BEAVERTON CREEK AT 170TH AVE, BEAVERTON, OR",45.5009505,-122.852045
2024-02-26,22.6,453004122510301,"BEAVERTON CREEK AT 170TH AVE, BEAVERTON, OR",45.5009505,-122.852045
2024-02-27,13.6,453004122510301,"BEAVERTON CREEK AT 170TH AVE, BEAVERTON, OR",45.5009505,-122.852045
2024-02-28,36.6,453004122510301,"BEAVERTON CREEK AT 170TH AVE, BEAVERTON, OR",45.5009505,-122.852045
2024-02-29,63.6,453004122510301,"BEAVERTON CREEK AT 170TH AVE, BEAVERTON, OR",45.5009505,-122.852045
2024-03-01,25.7,453004122510301,"BEAVERTON CREEK AT 170TH AVE, BEAVERTON, OR",45.5009505,-122.852045
2024-03-02,19.7,453004122510301,"BEAVERTON CREEK AT 170TH AVE, BEAVERTON, OR",45.5009505,-122.852045
2024-03-03,15.5,453004122510301,"BEAVERTON CREEK AT 170TH AVE, BEAVERTON, OR",45.5009505,-122.852045
2024-03-04,13.6,453004122510301,"BEAVERTON CREEK AT 170TH AVE, BEAVERTON, OR",45.5009505,-122.852045
2024-03-05,13.4,453004122510301,"BEAVERTON CREEK AT 170TH AVE, BEAVERTON, OR",45.5009505,-122.852045
2024-03-06,14.2,453004122510301,"BEAVERTON CREEK AT 170TH AVE, BEAVERTON, OR",45.5009505,-122.852045
2024-03-07,12.5,453004122510301,"BEAVERTON CREEK AT 170TH AVE, BEAVERTON, OR",45.5009505,-122.852045
2024-03-08,11.9,453004122510301,"BEAVERTON CREEK AT 170TH AVE, BEAVERTON, OR",45.5009505,-122.852045
2024-03-09,12.7,453004122510301,"BEAVERTON CREEK AT 170TH AVE, BEAVERTON, OR",45.5009505,-122.852045
2024-03-10,17.5,453004122510301,"BEAVERTON CREEK AT 170TH AVE, BEAVERTON, OR",45.5009505,-122.852045
2024-03-11,23.9,453004122510301,"BEAVERTON CREEK AT 170TH AVE, BEAVERTON, OR",45.5009505,-122.852045
2024-03-12,16.2,453004122510301,"BEAVERTON CREEK AT 170TH AVE, BEAVERTON, OR",45.5009505,-122.852045
2024-03-13,12.5,453004122510301,"BEAVERTON CREEK AT 170TH AVE, BEAVERTON, OR",45.5009505,-122.852045
2024-03-14,12.1,453004122510301,"BEAVERTON CREEK AT 170TH AVE, BEAVERTON, OR",45.5009505,-122.852045
2024-03-15,13.5,453004122510301,"BEAVERTON CREEK AT 170TH AVE, BEAVERTON, OR",45.5009505,-122.852045
2024-03-16,16.1,453004122510301,"BEAVERTON CREEK AT 170TH AVE, BEAVERTON, OR",45.5009505,-122.852045
2024-03-17,14.2,453004122510301,"BEAVERTON CREEK AT 170TH AVE, BEAVERTON, OR",45.5009505,-122.852045
2024-03-18,18.3,453004122510301,"BEAVERTON CREEK AT 170TH AVE, BEAVERTON, OR",45.5009505,-122.852045
2024-03-19,13.2,453004122510301,"BEAVERTON CREEK AT 170TH AVE, BEAVERTON, OR",45.5009505,-122.852045
2024-03-20,12.3,453004122510301,"BEAVERTON CREEK AT 170TH AVE, BEAVERTON, OR",45.5009505,-122.852045
2024-03-21,12.9,453004122510301,"BEAVERTON CREEK AT 170TH AVE, BEAVERTON, OR",45.5009505,-122.852045
2024-03-22,14.2,453004122510301,"BEAVERTON CREEK AT 170TH AVE, BEAVERTON, OR",45.5009505,-122.852045
2024-03-23,15.0,453004122510301,"BEAVERTON CREEK AT 170TH AVE, BEAVERTON, OR",45.5009505,-122.852045
2024-03-24,31.8,453004122510301,"BEAVERTON CREEK AT 170TH AVE, BEAVERTON, OR",45.5009505,-122.852045
2024-03-25,70.7,453004122510301,"BEAVERTON CREEK AT 170TH AVE, BEAVERTON, OR",45.5009505,-122.852045
2024-03-26,70.7,453004122510301,"BEAVERTON CREEK AT 170TH AVE, BEAVERTON, OR",45.5009505,-122.852045
2024-03-27,38.1,453004122510301,"BEAVERTON CREEK AT 170TH AVE, BEAVERTON, OR",45.5009505,-122.852045
2024-03-28,20.2,453004122510301,"BEAVERTON CREEK AT 170TH AVE, BEAVERTON, OR",45.5009505,-122.852045
2024-03-29,15.7,453004122510301,"BEAVERTON CREEK AT 170TH AVE, BEAVERTON, OR",45.5009505,-122.852045
2024-03-30,15.8,453004122510301,"BEAVERTON CREEK AT 170TH AVE, BEAVERTON, OR",45.5009505,-122.852045
2024-03-31,14.5,453004122510301,"BEAVERTON CREEK AT 170TH AVE, BEAVERTON, OR",45.5009505,-122.852045
2024-04-01,14.4,453004122510301,"BEAVERTON CREEK AT 170TH AVE, BEAVERTON, OR",45.5009505,-122.852045
2024-04-02,12.1,453004122510301,"BEAVERTON CREEK AT 170TH AVE, BEAVERTON, OR",45.5009505,-122.852045
2024-04-03,13.3,453004122510301,"BEAVERTON CREEK AT 170TH AVE, BEAVERTON, OR",45.5009505,-122.852045
2024-04-04,14.9,453004122510301,"BEAVERTON CREEK AT 170TH AVE, BEAVERTON, OR",45.5009505,-122.852045
2024-04-05,16.0,453004122510301,"BEAVERTON CREEK AT 170TH AVE, BEAVERTON, OR",45.5009505,-122.852045
2024-04-06,12.9,453004122510301,"BEAVERTON CREEK AT 170TH AVE, BEAVERTON, OR",45.5009505,-122.852045
2024-04-07,15.3,453004122510301,"BEAVERTON CREEK AT 170TH AVE, BEAVERTON, OR",45.5009505,-122.852045
2024-04-08,15.1,453004122510301,"BEAVERTON CREEK AT 170TH AVE, BEAVERTON, OR",45.5009505,-122.852045
2024-04-09,15.5,453004122510301,"BEAVERTON CREEK AT 170TH AVE, BEAVERTON, OR",45.5009505,-122.852045
2024-04-10,11.5,453004122510301,"BEAVERTON CREEK AT 170TH AVE, BEAVERTON, OR",45.5009505,-122.852045
2024-04-11,16.7,453004122510301,"BEAVERTON CREEK AT 170TH AVE, BEAVERTON, OR",45.5009505,-122.852045
2024-04-12,12.4,453004122510301,"BEAVERTON CREEK AT 170TH AVE, BEAVERTON, OR",45.5009505,-122.852045
2024-04-13,13.7,453004122510301,"BEAVERTON CREEK AT 170TH AVE, BEAVERTON, OR",45.5009505,-122.852045
2024-04-14,16.2,453004122510301,"BEAVERTON CREEK AT 170TH AVE, BEAVERTON, OR",45.5009505,-122.852045
2024-04-15,15.8,453004122510301,"BEAVERTON CREEK AT 170TH AVE, BEAVERTON, OR",45.5009505,-122.852045
2024-04-16,16.7,453004122510301,"BEAVERTON CREEK AT 170TH AVE, BEAVERTON, OR",45.5009505,-122.852045
2024-04-17,15.9,453004122510301,"BEAVERTON CREEK AT 170TH AVE, BEAVERTON, OR",45.5009505,-122.852045
2024-04-18,17.9,453004122510301,"BEAVERTON CREEK AT 170TH AVE, BEAVERTON, OR",45.5009505,-122.852045
2024-04-19,19.9,453004122510301,"BEAVERTON CREEK AT 170TH AVE, BEAVERTON, OR",45.5009505,-122.852045
2024-04-20,18.3,453004122510301,"BEAVERTON CREEK AT 170TH AVE, BEAVERTON, OR",45.5009505,-122.852045
2024-04-21,19.4,453004122510301,"BEAVERTON CREEK AT 170TH AVE, BEAVERTON, OR",45.5009505,-122.852045
2024-04-22,20.5,453004122510301,"BEAVERTON CREEK AT 170TH AVE, BEAVERTON, OR",45.5009505,-122.852045
2024-04-23,17.7,453004122510301,"BEAVERTON CREEK AT 170TH AVE, BEAVERTON, OR",45.5009505,-122.852045
2024-04-24,16.4,453004122510301,"BEAVERTON CREEK AT 170TH AVE, BEAVERTON, OR",45.5009505,-122.852045
2024-04-25,31.0,453004122510301,"BEAVERTON CREEK AT 170TH AVE, BEAVERTON, OR",45.5009505,-122.852045
2024-04-26,51.2,453004122510301,"BEAVERTON CREEK AT 170TH AVE, BEAVERTON, OR",45.5009505,-122.852045
2024-04-27,68.0,453004122510301,"BEAVERTON CREEK AT 170TH AVE, BEAVERTON, OR",45.5009505,-122.852045
2024-04-28,15.5,453004122510301,"BEAVERTON CREEK AT 170TH AVE, BEAVERTON, OR",45.5009505,-122.852045
2024-04-29,19.5,453004122510301,"BEAVERTON CREEK AT 170TH AVE, BEAVERTON, OR",45.5009505,-122.852045
2024-04-30,58.2,453004122510301,"BEAVERTON CREEK AT 170TH AVE, BEAVERTON, OR",45.5009505,-122.852045
2024-05-01,20.0,453004122510301,"BEAVERTON CREEK AT 170TH AVE, BEAVERTON, OR",45.5009505,-122.852045
2024-05-02,29.7,453004122510301,"BEAVERTON CREEK AT 170TH AVE, BEAVERTON, OR",45.5009505,-122.852045
2024-05-03,22.6,453004122510301,"BEAVERTON CREEK AT 170TH AVE, BEAVERTON, OR",45.5009505,-122.852045
2024-05-04,32.6,453004122510301,"BEAVERTON CREEK AT 170TH AVE, BEAVERTON, OR",45.5009505,-122.852045
2024-05-05,23.0,453004122510301,"BEAVERTON CREEK AT 170TH AVE, BEAVERTON, OR",45.5009505,-122.852045
2024-05-06,16.9,453004122510301,"BEAVERTON CREEK AT 170TH AVE, BEAVERTON, OR",45.5009505,-122.852045
2024-05-07,15.2,453004122510301,"BEAVERTON CREEK AT 170TH AVE, BEAVERTON, OR",45.5009505,-122.852045
2024-05-08,14.3,453004122510301,"BEAVERTON CREEK AT 170TH AVE, BEAVERTON, OR",45.5009505,-122.852045
2024-05-09,13.3,453004122510301,"BEAVERTON CREEK AT 170TH AVE, BEAVERTON, OR",45.5009505,-122.852045
2024-05-10,11.4,453004122510301,"BEAVERTON CREEK AT 170TH AVE, BEAVERTON, OR",45.5009505,-122.852045
2024-05-11,10.5,453004122510301,"BEAVERTON CREEK AT 170TH AVE, BEAVERTON, OR",45.5009505,-122.852045
2024-05-12,11.0,453004122510301,"BEAVERTON CREEK AT 170TH AVE, BEAVERTON, OR",45.5009505,-122.852045
2024-05-13,11.0,453004122510301,"BEAVERTON CREEK AT 170TH AVE, BEAVERTON, OR",45.5009505,-122.852045
2024-05-14,10.1,453004122510301,"BEAVERTON CREEK AT 170TH AVE, BEAVERTON, OR",45.5009505,-122.852045
2024-05-15,11.4,453004122510301,"BEAVERTON CREEK AT 170TH AVE, BEAVERTON, OR",45.5009505,-122.852045
2024-05-16,11.9,453004122510301,"BEAVERTON CREEK AT 170TH AVE, BEAVERTON, OR",45.5009505,-122.852045
2024-05-17,11.1,453004122510301,"BEAVERTON CREEK AT 170TH AVE, BEAVERTON, OR",45.5009505,-122.852045
2024-05-18,10.6,453004122510301,"BEAVERTON CREEK AT 170TH AVE, BEAVERTON, OR",45.5009505,-122.852045
2024-05-19,12.9,453004122510301,"BEAVERTON CREEK AT 170TH AVE, BEAVERTON, OR",45.5009505,-122.852045
2024-05-20,12.2,453004122510301,"BEAVERTON CREEK AT 170TH AVE, BEAVERTON, OR",45.5009505,-122.852045
2024-05-21,13.5,453004122510301,"BEAVERTON CREEK AT 170TH AVE, BEAVERTON, OR",45.5009505,-122.852045
2024-05-22,13.5,453004122510301,"BEAVERTON CREEK AT 170TH AVE, BEAVERTON, OR",45.5009505,-122.852045
2024-05-23,9.7,453004122510301,"BEAVERTON CREEK AT 170TH AVE, BEAVERTON, OR",45.5009505,-122.852045
2024-05-24,11.3,453004122510301,"BEAVERTON CREEK AT 170TH AVE, BEAVERTON, OR",45.5009505,-122.852045
2024-05-25,12.5,453004122510301,"BEAVERTON CREEK AT 170TH AVE, BEAVERTON, OR",45.5009505,-122.852045
2024-05-26,18.6,453004122510301,"BEAVERTON CREEK AT 170TH AVE, BEAVERTON, OR",45.5009505,-122.852045
2024-05-27,15.3,453004122510301,"BEAVERTON CREEK AT 170TH AVE, BEAVERTON, OR",45.5009505,-122.852045
2024-05-28,13.0,453004122510301,"BEAVERTON CREEK AT 170TH AVE, BEAVERTON, OR",45.5009505,-122.852045
2024-05-29,20.4,453004122510301,"BEAVERTON CREEK AT 170TH AVE, BEAVERTON, OR",45.5009505,-122.852045
2024-05-30,15.2,453004122510301,"BEAVERTON CREEK AT 170TH AVE, BEAVERTON, OR",45.5009505,-122.852045
2024-05-31,16.7,453004122510301,"BEAVERTON CREEK AT 170TH AVE, BEAVERTON, OR",45.5009505,-122.852045
2024-06-01,12.1,453004122510301,"BEAVERTON CREEK AT 170TH AVE, BEAVERTON, OR",45.5009505,-122.852045
2024-06-02,37.1,453004122510301,"BEAVERTON CREEK AT 170TH AVE, BEAVERTON, OR",45.5009505,-122.852045
2024-06-03,45.3,453004122510301,"BEAVERTON CREEK AT 170TH AVE, BEAVERTON, OR",45.5009505,-122.852045
2024-06-04,15.2,453004122510301,"BEAVERTON CREEK AT 170TH AVE, BEAVERTON, OR",45.5009505,-122.852045
2024-06-05,12.0,453004122510301,"BEAVERTON CREEK AT 170TH AVE, BEAVERTON, OR",45.5009505,-122.852045
2024-06-06,14.8,453004122510301,"BEAVERTON CREEK AT 170TH AVE, BEAVERTON, OR",45.5009505,-122.852045
2024-06-07,14.2,453004122510301,"BEAVERTON CREEK AT 170TH AVE, BEAVERTON, OR",45.5009505,-122.852045
2024-06-08,14.5,453004122510301,"BEAVERTON CREEK AT 170TH AVE, BEAVERTON, OR",45.5009505,-122.852045
2024-06-09,11.1,453004122510301,"BEAVERTON CREEK AT 170TH AVE, BEAVERTON, OR",45.5009505,-122.852045
2024-06-10,13.0,453004122510301,"BEAVERTON CREEK AT 170TH AVE, BEAVERTON, OR",45.5009505,-122.852045
2024-06-11,13.0,453004122510301,"BEAVERTON CREEK AT 170TH AVE, BEAVERTON, OR",45.5009505,-122.852045
2024-06-12,12.1,453004122510301,"BEAVERTON CREEK AT 170TH AVE, BEAVERTON, OR",45.5009505,-122.852045
2024-06-13,13.9,453004122510301,"BEAVERTON CREEK AT 170TH AVE, BEAVERTON, OR",45.5009505,-122.852045
2024-06-14,13.4,453004122510301,"BEAVERTON CREEK AT 170TH AVE, BEAVERTON, OR",45.5009505,-122.852045
2024-06-15,12.3,453004122510301,"BEAVERTON CREEK AT 170TH AVE, BEAVERTON, OR",45.5009505,-122.852045
2024-06-16,10.2,453004122510301,"BEAVERTON CREEK AT 170TH AVE, BEAVERTON, OR",45.5009505,-122.852045
2024-06-17,13.2,453004122510301,"BEAVERTON CREEK AT 170TH AVE, BEAVERTON, OR",45.5009505,-122.852045
2024-06-18,15.1,453004122510301,"BEAVERTON CREEK AT 170TH AVE, BEAVERTON, OR",45.5009505,-122.852045
2024-06-19,16.4,453004122510301,"BEAVERTON CREEK AT 170TH AVE, BEAVERTON, OR",45.5009505,-122.852045
2024-06-20,20.4,453004122510301,"BEAVERTON CREEK AT 170TH AVE, BEAVERTON, OR",45.5009505,-122.852045
2024-06-21,17.7,453004122510301,"BEAVERTON CREEK AT 170TH AVE, BEAVERTON, OR",45.5009505,-122.852045
2024-06-22,13.9,453004122510301,"BEAVERTON CREEK AT 170TH AVE, BEAVERTON, OR",45.5009505,-122.852045
2024-06-23,14.4,453004122510301,"BEAVERTON CREEK AT 170TH AVE, BEAVERTON, OR",45.5009505,-122.852045
2024-06-24,15.8,453004122510301,"BEAVERTON CREEK AT 170TH AVE, BEAVERTON, OR",45.5009505,-122.852045
2024-06-25,16.6,453004122510301,"BEAVERTON CREEK AT 170TH AVE, BEAVERTON, OR",45.5009505,-122.852045
2024-06-26,18.0,453004122510301,"BEAVERTON CREEK AT 170TH AVE, BEAVERTON, OR",45.5009505,-122.852045
2024-06-27,15.9,453004122510301,"BEAVERTON CREEK AT 170TH AVE, BEAVERTON, OR",45.5009505,-122.852045
2024-06-28,17.5,453004122510301,"BEAVERTON CREEK AT 170TH AVE, BEAVERTON, OR",45.5009505,-122.852045
2024-06-29,17.6,453004122510301,"BEAVERTON CREEK AT 170TH AVE, BEAVERTON, OR",45.5009505,-122.852045
2024-06-30,12.4,453004122510301,"BEAVERTON CREEK AT 170TH AVE, BEAVERTON, OR",45.5009505,-122.852045
2024-07-01,20.8,453004122510301,"BEAVERTON CREEK AT 170TH AVE, BEAVERTON, OR",45.5009505,-122.852045
2024-07-02,21.8,453004122510301,"BEAVERTON CREEK AT 170TH AVE, BEAVERTON, OR",45.5009505,-122.852045
2024-07-03,17.5,453004122510301,"BEAVERTON CREEK AT 170TH AVE, BEAVERTON, OR",45.5009505,-122.852045
2024-07-04,19.2,453004122510301,"BEAVERTON CREEK AT 170TH AVE, BEAVERTON, OR",45.5009505,-122.852045
2024-07-05,17.4,453004122510301,"BEAVERTON CREEK AT 170TH AVE, BEAVERTON, OR",45.5009505,-122.852045
2024-07-06,17.8,453004122510301,"BEAVERTON CREEK AT 170TH AVE, BEAVERTON, OR",45.5009505,-122.852045
2024-07-07,16.7,453004122510301,"BEAVERTON CREEK AT 170TH AVE, BEAVERTON, OR",45.5009505,-122.852045
2024-07-08,13.6,453004122510301,"BEAVERTON CREEK AT 170TH AVE, BEAVERTON, OR",45.5009505,-122.852045
2024-07-09,14.9,453004122510301,"BEAVERTON CREEK AT 170TH AVE, BEAVERTON, OR",45.5009505,-122.852045
2024-07-10,18.6,453004122510301,"BEAVERTON CREEK AT 170TH AVE, BEAVERTON, OR",45.5009505,-122.852045
2024-07-11,16.9,453004122510301,"BEAVERTON CREEK AT 170TH AVE, BEAVERTON, OR",45.5009505,-122.852045
2024-07-12,17.9,453004122510301,"BEAVERTON CREEK AT 170TH AVE, BEAVERTON, OR",45.5009505,-122.852045
2024-07-13,15.5,453004122510301,"BEAVERTON CREEK AT 170TH AVE, BEAVERTON, OR",45.5009505,-122.852045
2024-07-14,17.2,453004122510301,"BEAVERTON CREEK AT 170TH AVE, BEAVERTON, OR",45.5009505,-122.852045
2024-07-15,19.5,453004122510301,"BEAVERTON CREEK AT 170TH AVE, BEAVERTON, OR",45.5009505,-122.852045
2024-07-16,15.5,453004122510301,"BEAVERTON CREEK AT 170TH AVE, BEAVERTON, OR",45.5009505,-122.852045
2024-07-17,19.3,453004122510301,"BEAVERTON CREEK AT 170TH AVE, BEAVERTON, OR",45.5009505,-122.852045
2024-07-18,16.8,453004122510301,"BEAVERTON CREEK AT 170TH AVE, BEAVERTON, OR",45.5009505,-122.852045
2024-07-19,14.8,453004122510301,"BEAVERTON CREEK AT 170TH AVE, BEAVERTON, OR",45.5009505,-122.852045
2024-07-20,13.9,453004122510301,"BEAVERTON CREEK AT 170TH AVE, BEAVERTON, OR",45.5009505,-122.852045
2024-07-21,15.4,453004122510301,"BEAVERTON CREEK AT 170TH AVE, BEAVERTON, OR",45.5009505,-122.852045
2024-07-22,16.8,453004122510301,"BEAVERTON CREEK AT 170TH AVE, BEAVERTON, OR",45.5009505,-122.852045
2024-07-23,17.3,453004122510301,"BEAVERTON CREEK AT 170TH AVE, BEAVERTON, OR",45.5009505,-122.852045
2024-07-24,15.8,453004122510301,"BEAVERTON CREEK AT 170TH AVE, BEAVERTON, OR",45.5009505,-122.852045
2024-07-25,16.7,453004122510301,"BEAVERTON CREEK AT 170TH AVE, BEAVERTON, OR",45.5009505,-122.852045
2024-07-26,20.6,453004122510301,"BEAVERTON CREEK AT 170TH AVE, BEAVERTON, OR",45.5009505,-122.852045
2024-07-27,20.9,453004122510301,"BEAVERTON CREEK AT 170TH AVE, BEAVERTON, OR",45.5009505,-122.852045
2024-07-28,16.4,453004122510301,"BEAVERTON CREEK AT 170TH AVE, BEAVERTON, OR",45.5009505,-122.852045
2024-07-29,15.6,453004122510301,"BEAVERTON CREEK AT 170TH AVE, BEAVERTON, OR",45.5009505,-122.852045
2024-07-30,20.2,453004122510301,"BEAVERTON CREEK AT 170TH AVE, BEAVERTON, OR",45.5009505,-122.852045
2024-07-31,17.8,453004122510301,"BEAVERTON CREEK AT 170TH AVE, BEAVERTON, OR",45.5009505,-122.852045
2024-08-01,12.1,453004122510301,"BEAVERTON CREEK AT 170TH AVE, BEAVERTON, OR",45.5009505,-122.852045
2024-08-02,9.6,453004122510301,"BEAVERTON CREEK AT 170TH AVE, BEAVERTON, OR",45.5009505,-122.852045
2024-08-03,10.6,453004122510301,"BEAVERTON CREEK AT 170TH AVE, BEAVERTON, OR",45.5009505,-122.852045
2024-08-04,9.9,453004122510301,"BEAVERTON CREEK AT 170TH AVE, BEAVERTON, OR",45.5009505,-122.852045
2024-08-05,14.7,453004122510301,"BEAVERTON CREEK AT 170TH AVE, BEAVERTON, OR",45.5009505,-122.852045
2024-08-06,15.5,453004122510301,"BEAVERTON CREEK AT 170TH AVE, BEAVERTON, OR",45.5009505,-122.852045
2024-08-07,13.4,453004122510301,"BEAVERTON CREEK AT 170TH AVE, BEAVERTON, OR",45.5009505,-122.852045
2024-08-08,12.0,453004122510301,"BEAVERTON CREEK AT 170TH AVE, BEAVERTON, OR",45.5009505,-122.852045
2024-08-09,13.0,453004122510301,"BEAVERTON CREEK AT 170TH AVE, BEAVERTON, OR",45.5009505,-122.852045
2024-08-10,12.6,453004122510301,"BEAVERTON CREEK AT 170TH AVE, BEAVERTON, OR",45.5009505,-122.852045
2024-08-11,17.4,453004122510301,"BEAVERTON CREEK AT 170TH AVE, BEAVERTON, OR",45.5009505,-122.852045
2024-08-12,15.1,453004122510301,"BEAVERTON CREEK AT 170TH AVE, BEAVERTON, OR",45.5009505,-122.852045
2024-08-13,14.3,453004122510301,"BEAVERTON CREEK AT 170TH AVE, BEAVERTON, OR",45.5009505,-122.852045
2024-08-14,14.6,453004122510301,"BEAVERTON CREEK AT 170TH AVE, BEAVERTON, OR",45.5009505,-122.852045
2024-08-15,13.6,453004122510301,"BEAVERTON CREEK AT 170TH AVE, BEAVERTON, OR",45.5009505,-122.852045
2024-08-16,11.7,453004122510301,"BEAVERTON CREEK AT 170TH AVE, BEAVERTON, OR",45.5009505,-122.852045
2024-08-17,42.5,453004122510301,"BEAVERTON CREEK AT 170TH AVE, BEAVERTON, OR",45.5009505,-122.852045
2024-08-18,42.5,453004122510301,"BEAVERTON CREEK AT 170TH AVE, BEAVERTON, OR",45.5009505,-122.852045
2024-08-19,11.9,453004122510301,"BEAVERTON CREEK AT 170TH AVE, BEAVERTON, OR",45.5009505,-122.852045
2024-08-20,15.0,453004122510301,"BEAVERTON CREEK AT 170TH AVE, BEAVERTON, OR",45.5009505,-122.852045
2024-08-21,15.7,453004122510301,"BEAVERTON CREEK AT 170TH AVE, BEAVERTON, OR",45.5009505,-122.852045
2024-08-22,16.3,453004122510301,"BEAVERTON CREEK AT 170TH AVE, BEAVERTON, OR",45.5009505,-122.852045
2024-08-23,17.5,453004122510301,"BEAVERTON CREEK AT 170TH AVE, BEAVERTON, OR",45.5009505,-122.852045
2024-08-24,15.4,453004122510301,"BEAVERTON CREEK AT 170TH AVE, BEAVERTON, OR",45.5009505,-122.852045
2024-08-25,17.2,453004122510301,"BEAVERTON CREEK AT 170TH AVE, BEAVERTON, OR",45.5009505,-122.852045
2024-08-26,21.2,453004122510301,"BEAVERTON CREEK AT 170TH AVE, BEAVERTON, OR",45.5009505,-122.852045
2024-08-27,13.8,453004122510301,"BEAVERTON CREEK AT 170TH AVE, BEAVERTON, OR",45.5009505,-122.852045
2024-08-28,15.1,453004122510301,"BEAVERTON CREEK AT 170TH AVE, BEAVERTON, OR",45.5009505,-122.852045
2024-08-29,11.3,453004122510301,"BEAVERTON CREEK AT 170TH AVE, BEAVERTON, OR",45.5009505,-122.852045
2024-08-30,11.5,453004122510301,"BEAVERTON CREEK AT 170TH AVE, BEAVERTON, OR",45.5009505,-122.852045
2024-08-31,13.7,453004122510301,"BEAVERTON CREEK AT 170TH AVE, BEAVERTON, OR",45.5009505,-122.852045
2024-09-01,12.1,453004122510301,"BEAVERTON CREEK AT 170TH AVE, BEAVERTON, OR",45.5009505,-122.852045
2024-09-02,10.4,453004122510301,"BEAVERTON CREEK AT 170TH AVE, BEAVERTON, OR",45.5009505,-122.852045
2024-09-03,12.8,453004122510301,"BEAVERTON CREEK AT 170TH AVE, BEAVERTON, OR",45.5009505,-122.852045
2024-09-04,10.9,453004122510301,"BEAVERTON CREEK AT 170TH AVE, BEAVERTON, OR",45.5009505,-122.852045
2024-09-05,10.7,453004122510301,"BEAVERTON CREEK AT 170TH AVE, BEAVERTON, OR",45.5009505,-122.852045
2024-09-06,14.2,453004122510301,"BEAVERTON CREEK AT 170TH AVE, BEAVERTON, OR",45.5009505,-122.852045
2024-09-07,14.2,453004122510301,"BEAVERTON CREEK AT 170TH AVE, BEAVERTON, OR",45.5009505,-122.852045
2024-09-08,12.8,453004122510301,"BEAVERTON CREEK AT 170TH AVE, BEAVERTON, OR",45.5009505,-122.852045
2024-09-09,11.7,453004122510301,"BEAVERTON CREEK AT 170TH AVE, BEAVERTON, OR",45.5009505,-122.852045
2024-09-10,8.1,453004122510301,"BEAVERTON CREEK AT 170TH AVE, BEAVERTON, OR",45.5009505,-122.852045
2024-09-11,52.6,453004122510301,"BEAVERTON CREEK AT 170TH AVE, BEAVERTON, OR",45.5009505,-122.852045
2024-09-12,19.3,453004122510301,"BEAVERTON CREEK AT 170TH AVE, BEAVERTON, OR",45.5009505,-122.852045
2024-09-13,10.0,453004122510301,"BEAVERTON CREEK AT 170TH AVE, BEAVERTON, OR",45.5009505,-122.852045
2024-09-14,43.3,453004122510301,"BEAVERTON CREEK AT 170TH AVE, BEAVERTON, OR",45.5009505,-122.852045
2024-09-15,31.3,453004122510301,"BEAVERTON CREEK AT 170TH AVE, BEAVERTON, OR",45.5009505,-122.852045
2024-09-16,12.8,453004122510301,"BEAVERTON CREEK AT 170TH AVE, BEAVERTON, OR",45.5009505,-122.852045
2024-09-17,10.6,453004122510301,"BEAVERTON CREEK AT 170TH AVE, BEAVERTON, OR",45.5009505,-122.852045
2024-09-18,12.1,453004122510301,"BEAVERTON CREEK AT 170TH AVE, BEAVERTON, OR",45.5009505,-122.852045
2024-09-19,14.4,453004122510301,"BEAVERTON CREEK AT 170TH AVE, BEAVERTON, OR",45.5009505,-122.852045
2024-09-20,11.8,453004122510301,"BEAVERTON CREEK AT 170TH AVE, BEAVERTON, OR",45.5009505,-122.852045
2024-09-21,13.7,453004122510301,"BEAVERTON CREEK AT 170TH AVE, BEAVERTON, OR",45.5009505,-122.852045
2024-09-22,13.3,453004122510301,"BEAVERTON CREEK AT 170TH AVE, BEAVERTON, OR",45.5009505,-122.852045
2024-09-23,11.2,453004122510301,"BEAVERTON CREEK AT 170TH AVE, BEAVERTON, OR",45.5009505,-122.852045
2024-09-24,9.3,453004122510301,"BEAVERTON CREEK AT 170TH AVE, BEAVERTON, OR",45.5009505,-122.852045
2024-09-25,43.3,453004122510301,"BEAVERTON CREEK AT 170TH AVE, BEAVERTON, OR",45.5009505,-122.852045
2024-09-26,26.6,453004122510301,"BEAVERTON CREEK AT 170TH AVE, BEAVERTON, OR",45.5009505,-122.852045
2024-09-27,9.3,453004122510301,"BEAVERTON CREEK AT 170TH AVE, BEAVERTON, OR",45.5009505,-122.852045
2024-09-28,10.4,453004122510301,"BEAVERTON CREEK AT 170TH AVE, BEAVERTON, OR",45.5009505,-122.852045
2024-09-29,9.5,453004122510301,"BEAVERTON CREEK AT 170TH AVE, BEAVERTON, OR",45.5009505,-122.852045
2024-09-30,11.0,453004122510301,"BEAVERTON CREEK AT 170TH AVE, BEAVERTON, OR",45.5009505,-122.852045
2024-01-01,17.5,453030122560101,"ROCK CREEK AT BROOKWOOD AVENUE, HILLSBORO, OR",45.5081944,-122.9335
2024-01-02,16.4,453030122560101,"ROCK CREEK AT BROOKWOOD AVENUE, HILLSBORO, OR",45.5081944,-122.9335
2024-01-03,28.1,453030122560101,"ROCK CREEK AT BROOKWOOD AVENUE, HILLSBORO, OR",45.5081944,-122.9335
2024-01-04,26.9,453030122560101,"ROCK CREEK AT BROOKWOOD AVENUE, HILLSBORO, OR",45.5081944,-122.9335
2024-01-05,29.0,453030122560101,"ROCK CREEK AT BROOKWOOD AVENUE, HILLSBORO, OR",45.5081944,-122.9335
2024-01-12,19.1,453030122560101,"ROCK CREEK AT BROOKWOOD AVENUE, HILLSBORO, OR",45.5081944,-122.9335
2024-01-13,16.0,453030122560101,"ROCK CREEK AT BROOKWOOD AVENUE, HILLSBORO, OR",45.5081944,-122.9335
2024-01-14,16.2,453030122560101,"ROCK CREEK AT BROOKWOOD AVENUE, HILLSBORO, OR",45.5081944,-122.9335
2024-01-15,18.0,453030122560101,"ROCK CREEK AT BROOKWOOD AVENUE, HILLSBORO, OR",45.5081944,-122.9335
2024-01-16,18.3,453030122560101,"ROCK CREEK AT BROOKWOOD AVENUE, HILLSBORO, OR",45.5081944,-122.9335
2024-01-17,21.2,453030122560101,"ROCK CREEK AT BROOKWOOD AVENUE, HILLSBORO, OR",45.5081944,-122.9335
2024-01-24,25.4,453030122560101,"ROCK CREEK AT BROOKWOOD AVENUE, HILLSBORO, OR",45.5081944,-122.9335
2024-01-25,30.2,453030122560101,"ROCK CREEK AT BROOKWOOD AVENUE, HILLSBORO, OR",45.5081944,-122.9335
2024-01-26,19.8,453030122560101,"ROCK CREEK AT BROOKWOOD AVENUE, HILLSBORO, OR",45.5081944,-122.9335
2024-01-27,27.8,453030122560101,"ROCK CREEK AT BROOKWOOD AVENUE, HILLSBORO, OR",45.5081944,-122.9335
2024-01-28,29.6,453030122560101,"ROCK CREEK AT BROOKWOOD AVENUE, HILLSBORO, OR",45.5081944,-122.9335
2024-01-29,21.2,453030122560101,"ROCK CREEK AT BROOKWOOD AVENUE, HILLSBORO, OR",45.5081944,-122.9335
2024-01-30,17.8,453030122560101,"ROCK CREEK AT BROOKWOOD AVENUE, HILLSBORO, OR",45.5081944,-122.9335
2024-01-31,12.7,453030122560101,"ROCK CREEK AT BROOKWOOD AVENUE, HILLSBORO, OR",45.5081944,-122.9335
2024-02-01,10.6,453030122560101,"ROCK CREEK AT BROOKWOOD AVENUE, HILLSBORO, OR",45.5081944,-122.9335
2024-02-02,11.7,453030122560101,"ROCK CREEK AT BROOKWOOD AVENUE, HILLSBORO, OR",45.5081944,-122.9335
2024-02-03,13.7,453030122560101,"ROCK CREEK AT BROOKWOOD AVENUE, HILLSBORO, OR",45.5081944,-122.9335
2024-02-04,14.5,453030122560101,"ROCK CREEK AT BROOKWOOD AVENUE, HILLSBORO, OR",45.5081944,-122.9335
2024-02-05,13.3,453030122560101,"ROCK CREEK AT BROOKWOOD AVENUE, HILLSBORO, OR",45.5081944,-122.9335
2024-02-06,14.7,453030122560101,"ROCK CREEK AT BROOKWOOD AVENUE, HILLSBORO, OR",45.5081944,-122.9335
2024-02-07,18.9,453030122560101,"ROCK CREEK AT BROOKWOOD AVENUE, HILLSBORO, OR",45.5081944,-122.9335
2024-02-08,14.3,453030122560101,"ROCK CREEK AT BROOKWOOD AVENUE, HILLSBORO, OR",45.5081944,-122.9335
2024-02-09,14.3,453030122560101,"ROCK CREEK AT BROOKWOOD AVENUE, HILLSBORO, OR",45.5081944,-122.9335
2024-02-10,12.6,453030122560101,"ROCK CREEK AT BROOKWOOD AVENUE, HILLSBORO, OR",45.5081944,-122.9335
2024-02-11,14.6,453030122560101,"ROCK CREEK AT BROOKWOOD AVENUE, HILLSBORO, OR",45.5081944,-122.9335
2024-02-12,11.8,453030122560101,"ROCK CREEK AT BROOKWOOD AVENUE, HILLSBORO, OR",45.5081944,-122.9335
2024-02-13,11.2,453030122560101,"ROCK CREEK AT BROOKWOOD AVENUE, HILLSBORO, OR",45.5081944,-122.9335
2024-02-14,56.0,453030122560101,"ROCK CREEK AT BROOKWOOD AVENUE, HILLSBORO, OR",45.5081944,-122.9335
2024-02-15,56.0,453030122560101,"ROCK CREEK AT BROOKWOOD AVENUE, HILLSBORO, OR",45.5081944,-122.9335
2024-02-16,28.7,453030122560101,"ROCK CREEK AT BROOKWOOD AVENUE, HILLSBORO, OR",45.5081944,-122.9335
2024-02-17,22.6,453030122560101,"ROCK CREEK AT BROOKWOOD AVENUE, HILLSBORO, OR",45.5081944,-122.9335
2024-02-18,22.1,453030122560101,"ROCK CREEK AT BROOKWOOD AVENUE, HILLSBORO, OR",45.5081944,-122.9335
2024-02-19,24.1,453030122560101,"ROCK CREEK AT BROOKWOOD AVENUE, HILLSBORO, OR",45.5081944,-122.9335
2024-02-20,24.2,453030122560101,"ROCK CREEK AT BROOKWOOD AVENUE, HILLSBORO, OR",45.5081944,-122.9335
2024-02-21,25.7,453030122560101,"ROCK CREEK AT BROOKWOOD AVENUE, HILLSBORO, OR",45.5081944,-122.9335
2024-02-22,25.2,453030122560101,"ROCK CREEK AT BROOKWOOD AVENUE, HILLSBORO, OR",45.5081944,-122.9335
2024-02-23,19.2,453030122560101,"ROCK CREEK AT BROOKWOOD AVENUE, HILLSBORO, OR",45.5081944,-122.9335
2024-02-24,18.8,453030122560101,"ROCK CREEK AT BROOKWOOD AVENUE, HILLSBORO, OR",45.5081944,-122.9335
2024-02-25,16.9,453030122560101,"ROCK CREEK AT BROOKWOOD AVENUE, HILLSBORO, OR",45.5081944,-122.9335
2024-02-26,22.4,453030122560101,"ROCK CREEK AT BROOKWOOD AVENUE, HILLSBORO, OR",45.5081944,-122.9335
2024-02-27,23.3,453030122560101,"ROCK CREEK AT BROOKWOOD AVENUE, HILLSBORO, OR",45.5081944,-122.9335
2024-02-28,29.7,453030122560101,"ROCK CREEK AT BROOKWOOD AVENUE, HILLSBORO, OR",45.5081944,-122.9335
2024-02-29,67.7,453030122560101,"ROCK CREEK AT BROOKWOOD AVENUE, HILLSBORO, OR",45.5081944,-122.9335
2024-03-01,42.0,453030122560101,"ROCK CREEK AT BROOKWOOD AVENUE, HILLSBORO, OR",45.5081944,-122.9335
2024-03-02,34.3,453030122560101,"ROCK CREEK AT BROOKWOOD AVENUE, HILLSBORO, OR",45.5081944,-122.9335
2024-03-03,24.2,453030122560101,"ROCK CREEK AT BROOKWOOD AVENUE, HILLSBORO, OR",45.5081944,-122.9335
2024-03-04,18.4,453030122560101,"ROCK CREEK AT BROOKWOOD AVENUE, HILLSBORO, OR",45.5081944,-122.9335
2024-03-05,19.1,453030122560101,"ROCK CREEK AT BROOKWOOD AVENUE, HILLSBORO, OR",45.5081944,-122.9335
2024-03-06,19.0,453030122560101,"ROCK CREEK AT BROOKWOOD AVENUE, HILLSBORO, OR",45.5081944,-122.9335
2024-03-07,20.0,453030122560101,"ROCK CREEK AT BROOKWOOD AVENUE, HILLSBORO, OR",45.5081944,-122.9335
2024-03-08,10.3,453030122560101,"ROCK CREEK AT BROOKWOOD AVENUE, HILLSBORO, OR",45.5081944,-122.9335
2024-03-09,10.3,453030122560101,"ROCK CREEK AT BROOKWOOD AVENUE, HILLSBORO, OR",45.5081944,-122.9335
2024-03-10,23.0,453030122560101,"ROCK CREEK AT BROOKWOOD AVENUE, HILLSBORO, OR",45.5081944,-122.9335
2024-03-11,18.8,453030122560101,"ROCK CREEK AT BROOKWOOD AVENUE, HILLSBORO, OR",45.5081944,-122.9335
2024-03-12,21.2,453030122560101,"ROCK CREEK AT BROOKWOOD AVENUE, HILLSBORO, OR",45.5081944,-122.9335
2024-03-13,16.5,453030122560101,"ROCK CREEK AT BROOKWOOD AVENUE, HILLSBORO, OR",45.5081944,-122.9335
2024-03-14,11.9,453030122560101,"ROCK CREEK AT BROOKWOOD AVENUE, HILLSBORO, OR",45.5081944,-122.9335
2024-03-15,10.5,453030122560101,"ROCK CREEK AT BROOKWOOD AVENUE, HILLSBORO, OR",45.5081944,-122.9335
2024-03-16,10.0,453030122560101,"ROCK CREEK AT BROOKWOOD AVENUE, HILLSBORO, OR",45.5081944,-122.9335
2024-03-17,10.5,453030122560101,"ROCK CREEK AT BROOKWOOD AVENUE, HILLSBORO, OR",45.5081944,-122.9335
2024-03-18,10.3,453030122560101,"ROCK CREEK AT BROOKWOOD AVENUE, HILLSBORO, OR",45.5081944,-122.9335
2024-03-19,11.4,453030122560101,"ROCK CREEK AT BROOKWOOD AVENUE, HILLSBORO, OR",45.5081944,-122.9335
2024-03-20,11.0,453030122560101,"ROCK CREEK AT BROOKWOOD AVENUE, HILLSBORO, OR",45.5081944,-122.9335
2024-03-21,17.1,453030122560101,"ROCK CREEK AT BROOKWOOD AVENUE, HILLSBORO, OR",45.5081944,-122.9335
2024-03-22,18.1,453030122560101,"ROCK CREEK AT BROOKWOOD AVENUE, HILLSBORO, OR",45.5081944,-122.9335
2024-03-23,12.2,453030122560101,"ROCK CREEK AT BROOKWOOD AVENUE, HILLSBORO, OR",45.5081944,-122.9335
2024-03-24,10.4,453030122560101,"ROCK CREEK AT BROOKWOOD AVENUE, HILLSBORO, OR",45.5081944,-122.9335
2024-03-25,23.4,453030122560101,"ROCK CREEK AT BROOKWOOD AVENUE, HILLSBORO, OR",45.5081944,-122.9335
2024-03-26,36.5,453030122560101,"ROCK CREEK AT BROOKWOOD AVENUE, HILLSBORO, OR",45.5081944,-122.9335
2024-03-27,29.8,453030122560101,"ROCK CREEK AT BROOKWOOD AVENUE, HILLSBORO, OR",45.5081944,-122.9335
2024-03-28,37.7,453030122560101,"ROCK CREEK AT BROOKWOOD AVENUE, HILLSBORO, OR",45.5081944,-122.9335
2024-03-29,29.9,453030122560101,"ROCK CREEK AT BROOKWOOD AVENUE, HILLSBORO, OR",45.5081944,-122.9335
2024-03-30,31.2,453030122560101,"ROCK CREEK AT BROOKWOOD AVENUE, HILLSBORO, OR",45.5081944,-122.9335
2024-03-31,22.6,453030122560101,"ROCK CREEK AT BROOKWOOD AVENUE, HILLSBORO, OR",45.5081944,-122.9335
2024-04-01,25.6,453030122560101,"ROCK CREEK AT BROOKWOOD AVENUE, HILLSBORO, OR",45.5081944,-122.9335
2024-04-02,16.9,453030122560101,"ROCK CREEK AT BROOKWOOD AVENUE, HILLSBORO, OR",45.5081944,-122.9335
2024-04-03,21.9,453030122560101,"ROCK CREEK AT BROOKWOOD AVENUE, HILLSBORO, OR",45.5081944,-122.9335
2024-04-04,11.2,453030122560101,"ROCK CREEK AT BROOKWOOD AVENUE, HILLSBORO, OR",45.5081944,-122.9335
2024-04-05,11.7,453030122560101,"ROCK CREEK AT BROOKWOOD AVENUE, HILLSBORO, OR",45.5081944,-122.9335
2024-04-06,10.2,453030122560101,"ROCK CREEK AT BROOKWOOD AVENUE, HILLSBORO, OR",45.5081944,-122.9335
2024-04-07,11.2,453030122560101,"ROCK CREEK AT BROOKWOOD AVENUE, HILLSBORO, OR",45.5081944,-122.9335
2024-04-08,9.4,453030122560101,"ROCK CREEK AT BROOKWOOD AVENUE, HILLSBORO, OR",45.5081944,-122.9335
2024-04-09,9.5,453030122560101,"ROCK CREEK AT BROOKWOOD AVENUE, HILLSBORO, OR",45.5081944,-122.9335
2024-04-10,10.5,453030122560101,"ROCK CREEK AT BROOKWOOD AVENUE, HILLSBORO, OR",45.5081944,-122.9335
2024-04-11,9.5,453030122560101,"ROCK CREEK AT BROOKWOOD AVENUE, HILLSBORO, OR",45.5081944,-122.9335
2024-04-12,9.3,453030122560101,"ROCK CREEK AT BROOKWOOD AVENUE, HILLSBORO, OR",45.5081944,-122.9335
2024-04-13,8.8,453030122560101,"ROCK CREEK AT BROOKWOOD AVENUE, HILLSBORO, OR",45.5081944,-122.9335
2024-04-14,10.6,453030122560101,"ROCK CREEK AT BROOKWOOD AVENUE, HILLSBORO, OR",45.5081944,-122.9335
2024-04-15,8.6,453030122560101,"ROCK CREEK AT BROOKWOOD AVENUE, HILLSBORO, OR",45.5081944,-122.9335
2024-04-16,8.7,453030122560101,"ROCK CREEK AT BROOKWOOD AVENUE, HILLSBORO, OR",45.5081944,-122.9335
2024-04-17,13.2,453030122560101,"ROCK CREEK AT BROOKWOOD AVENUE, HILLSBORO, OR",45.5081944,-122.9335
2024-04-18,12.8,453030122560101,"ROCK CREEK AT BROOKWOOD AVENUE, HILLSBORO, OR",45.5081944,-122.9335
2024-04-19,9.4,453030122560101,"ROCK CREEK AT BROOKWOOD AVENUE, HILLSBORO, OR",45.5081944,-122.9335
2024-04-20,8.5,453030122560101,"ROCK CREEK AT BROOKWOOD AVENUE, HILLSBORO, OR",45.5081944,-122.9335
2024-04-21,9.1,453030122560101,"ROCK CREEK AT BROOKWOOD AVENUE, HILLSBORO, OR",45.5081944,-122.9335
2024-04-22,8.6,453030122560101,"ROCK CREEK AT BROOKWOOD AVENUE, HILLSBORO, OR",45.5081944,-122.9335
2024-04-23,8.9,453030122560101,"ROCK CREEK AT BROOKWOOD AVENUE, HILLSBORO, OR",45.5081944,-122.9335
2024-04-24,7.1,453030122560101,"ROCK CREEK AT BROOKWOOD AVENUE, HILLSBORO, OR",45.5081944,-122.9335
2024-04-25,19.1,453030122560101,"ROCK CREEK AT BROOKWOOD AVENUE, HILLSBORO, OR",45.5081944,-122.9335
2024-04-26,18.4,453030122560101,"ROCK CREEK AT BROOKWOOD AVENUE, HILLSBORO, OR",45.5081944,-122.9335
2024-04-27,11.6,453030122560101,"ROCK CREEK AT BROOKWOOD AVENUE, HILLSBORO, OR",45.5081944,-122.9335
2024-04-28,12.5,453030122560101,"ROCK CREEK AT BROOKWOOD AVENUE, HILLSBORO, OR",45.5081944,-122.9335
2024-04-29,8.7,453030122560101,"ROCK CREEK AT BROOKWOOD AVENUE, HILLSBORO, OR",45.5081944,-122.9335
2024-04-30,23.7,453030122560101,"ROCK CREEK AT BROOKWOOD AVENUE, HILLSBORO, OR",45.5081944,-122.9335
2024-05-01,27.6,453030122560101,"ROCK CREEK AT BROOKWOOD AVENUE, HILLSBORO, OR",45.5081944,-122.9335
2024-05-02,26.3,453030122560101,"ROCK CREEK AT BROOKWOOD AVENUE, HILLSBORO, OR",45.5081944,-122.9335
2024-05-03,22.6,453030122560101,"ROCK CREEK AT BROOKWOOD AVENUE, HILLSBORO, OR",45.5081944,-122.9335
2024-05-04,42.8,453030122560101,"ROCK CREEK AT BROOKWOOD AVENUE, HILLSBORO, OR",45.5081944,-122.9335
2024-05-05,39.9,453030122560101,"ROCK CREEK AT BROOKWOOD AVENUE, HILLSBORO, OR",45.5081944,-122.9335
2024-05-06,33.6,453030122560101,"ROCK CREEK AT BROOKWOOD AVENUE, HILLSBORO, OR",45.5081944,-122.9335
2024-05-07,24.2,453030122560101,"ROCK CREEK AT BROOKWOOD AVENUE, HILLSBORO, OR",45.5081944,-122.9335
2024-05-08,28.7,453030122560101,"ROCK CREEK AT BROOKWOOD AVENUE, HILLSBORO, OR",45.5081944,-122.9335
2024-05-09,15.2,453030122560101,"ROCK CREEK AT BROOKWOOD AVENUE, HILLSBORO, OR",45.5081944,-122.9335
2024-05-10,14.0,453030122560101,"ROCK CREEK AT BROOKWOOD AVENUE, HILLSBORO, OR",45.5081944,-122.9335
2024-05-11,13.0,453030122560101,"ROCK CREEK AT BROOKWOOD AVENUE, HILLSBORO, OR",45.5081944,-122.9335
2024-05-12,12.6,453030122560101,"ROCK CREEK AT BROOKWOOD AVENUE, HILLSBORO, OR",45.5081944,-122.9335
2024-05-13,10.5,453030122560101,"ROCK CREEK AT BROOKWOOD AVENUE, HILLSBORO, OR",45.5081944,-122.9335
2024-05-14,9.5,453030122560101,"ROCK CREEK AT BROOKWOOD AVENUE, HILLSBORO, OR",45.5081944,-122.9335
2024-05-15,9.4,453030122560101,"ROCK CREEK AT BROOKWOOD AVENUE, HILLSBORO, OR",45.5081944,-122.9335
2024-05-16,9.8,453030122560101,"ROCK CREEK AT BROOKWOOD AVENUE, HILLSBORO, OR",45.5081944,-122.9335
2024-05-17,9.0,453030122560101,"ROCK CREEK AT BROOKWOOD AVENUE, HILLSBORO, OR",45.5081944,-122.9335
2024-05-18,8.7,453030122560101,"ROCK CREEK AT BROOKWOOD AVENUE, HILLSBORO, OR",45.5081944,-122.9335
2024-05-19,13.1,453030122560101,"ROCK CREEK AT BROOKWOOD AVENUE, HILLSBORO, OR",45.5081944,-122.9335
2024-05-20,13.1,453030122560101,"ROCK CREEK AT BROOKWOOD AVENUE, HILLSBORO, OR",45.5081944,-122.9335
2024-05-21,9.9,453030122560101,"ROCK CREEK AT BROOKWOOD AVENUE, HILLSBORO, OR",45.5081944,-122.9335
2024-05-22,15.4,453030122560101,"ROCK CREEK AT BROOKWOOD AVENUE, HILLSBORO, OR",45.5081944,-122.9335
2024-05-23,12.9,453030122560101,"ROCK CREEK AT BROOKWOOD AVENUE, HILLSBORO, OR",45.5081944,-122.9335
2024-05-24,8.3,453030122560101,"ROCK CREEK AT BROOKWOOD AVENUE, HILLSBORO, OR",45.5081944,-122.9335
2024-05-25,9.2,453030122560101,"ROCK CREEK AT BROOKWOOD AVENUE, HILLSBORO, OR",45.5081944,-122.9335
2024-05-26,9.0,453030122560101,"ROCK CREEK AT BROOKWOOD AVENUE, HILLSBORO, OR",45.5081944,-122.9335
2024-05-27,11.6,453030122560101,"ROCK CREEK AT BROOKWOOD AVENUE, HILLSBORO, OR",45.5081944,-122.9335
2024-05-28,11.1,453030122560101,"ROCK CREEK AT BROOKWOOD AVENUE, HILLSBORO, OR",45.5081944,-122.9335
2024-05-29,11.2,453030122560101,"ROCK CREEK AT BROOKWOOD AVENUE, HILLSBORO, OR",45.5081944,-122.9335
2024-05-30,8.8,453030122560101,"ROCK CREEK AT BROOKWOOD AVENUE, HILLSBORO, OR",45.5081944,-122.9335
2024-05-31,9.7,453030122560101,"ROCK CREEK AT BROOKWOOD AVENUE, HILLSBORO, OR",45.5081944,-122.9335
2024-06-01,12.3,453030122560101,"ROCK CREEK AT BROOKWOOD AVENUE, HILLSBORO, OR",45.5081944,-122.9335
2024-06-02,18.8,453030122560101,"ROCK CREEK AT BROOKWOOD AVENUE, HILLSBORO, OR",45.5081944,-122.9335
2024-06-03,49.0,453030122560101,"ROCK CREEK AT BROOKWOOD AVENUE, HILLSBORO, OR",45.5081944,-122.9335
2024-06-04,26.0,453030122560101,"ROCK CREEK AT BROOKWOOD AVENUE, HILLSBORO, OR",45.5081944,-122.9335
2024-06-05,14.4,453030122560101,"ROCK CREEK AT BROOKWOOD AVENUE, HILLSBORO, OR",45.5081944,-122.9335
2024-06-06,13.5,453030122560101,"ROCK CREEK AT BROOKWOOD AVENUE, HILLSBORO, OR",45.5081944,-122.9335
2024-06-07,10.9,453030122560101,"ROCK CREEK AT BROOKWOOD AVENUE, HILLSBORO, OR",45.5081944,-122.9335
2024-06-08,12.9,453030122560101,"ROCK CREEK AT BROOKWOOD AVENUE, HILLSBORO, OR",45.5081944,-122.9335
2024-06-09,12.2,453030122560101,"ROCK CREEK AT BROOKWOOD AVENUE, HILLSBORO, OR",45.5081944,-122.9335
2024-06-10,11.1,453030122560101,"ROCK CREEK AT BROOKWOOD AVENUE, HILLSBORO, OR",45.5081944,-122.9335
2024-06-11,13.1,453030122560101,"ROCK CREEK AT BROOKWOOD AVENUE, HILLSBORO, OR",45.5081944,-122.9335
2024-06-12,10.6,453030122560101,"ROCK CREEK AT BROOKWOOD AVENUE, HILLSBORO, OR",45.5081944,-122.9335
2024-06-13,8.1,453030122560101,"ROCK CREEK AT BROOKWOOD AVENUE, HILLSBORO, OR",45.5081944,-122.9335
2024-06-14,11.3,453030122560101,"ROCK CREEK AT BROOKWOOD AVENUE, HILLSBORO, OR",45.5081944,-122.9335
2024-06-15,13.3,453030122560101,"ROCK CREEK AT BROOKWOOD AVENUE, HILLSBORO, OR",45.5081944,-122.9335
2024-06-16,13.3,453030122560101,"ROCK CREEK AT BROOKWOOD AVENUE, HILLSBORO, OR",45.5081944,-122.9335
2024-06-17,10.5,453030122560101,"ROCK CREEK AT BROOKWOOD AVENUE, HILLSBORO, OR",45.5081944,-122.9335
2024-06-18,8.8,453030122560101,"ROCK CREEK AT BROOKWOOD AVENUE, HILLSBORO, OR",45.5081944,-122.9335
2024-06-19,8.4,453030122560101,"ROCK CREEK AT BROOKWOOD AVENUE, HILLSBORO, OR",45.5081944,-122.9335
2024-06-20,8.1,453030122560101,"ROCK CREEK AT BROOKWOOD AVENUE, HILLSBORO, OR",45.5081944,-122.9335
2024-06-21,7.7,453030122560101,"ROCK CREEK AT BROOKWOOD AVENUE, HILLSBORO, OR",45.5081944,-122.9335
2024-06-22,9.1,453030122560101,"ROCK CREEK AT BROOKWOOD AVENUE, HILLSBORO, OR",45.5081944,-122.9335
2024-06-23,12.6,453030122560101,"ROCK CREEK AT BROOKWOOD AVENUE, HILLSBORO, OR",45.5081944,-122.9335
2024-06-24,8.7,453030122560101,"ROCK CREEK AT BROOKWOOD AVENUE, HILLSBORO, OR",45.5081944,-122.9335
2024-06-25,9.7,453030122560101,"ROCK CREEK AT BROOKWOOD AVENUE, HILLSBORO, OR",45.5081944,-122.9335
2024-06-26,11.3,453030122560101,"ROCK CREEK AT BROOKWOOD AVENUE, HILLSBORO, OR",45.5081944,-122.9335
2024-06-27,6.8,453030122560101,"ROCK CREEK AT BROOKWOOD AVENUE, HILLSBORO, OR",45.5081944,-122.9335
2024-06-28,7.3,453030122560101,"ROCK CREEK AT BROOKWOOD AVENUE, HILLSBORO, OR",45.5081944,-122.9335
2024-06-29,12.1,453030122560101,"ROCK CREEK AT BROOKWOOD AVENUE, HILLSBORO, OR",45.5081944,-122.9335
2024-06-30,7.0,453030122560101,"ROCK CREEK AT BROOKWOOD AVENUE, HILLSBORO, OR",45.5081944,-122.9335
2024-07-01,9.0,453030122560101,"ROCK CREEK AT BROOKWOOD AVENUE, HILLSBORO, OR",45.5081944,-122.9335
2024-07-02,10.2,453030122560101,"ROCK CREEK AT BROOKWOOD AVENUE, HILLSBORO, OR",45.5081944,-122.9335
2024-07-03,9.1,453030122560101,"ROCK CREEK AT BROOKWOOD AVENUE, HILLSBORO, OR",45.5081944,-122.9335
2024-07-04,7.5,453030122560101,"ROCK CREEK AT BROOKWOOD AVENUE, HILLSBORO, OR",45.5081944,-122.9335
2024-07-05,11.7,453030122560101,"ROCK CREEK AT BROOKWOOD AVENUE, HILLSBORO, OR",45.5081944,-122.9335
2024-07-06,9.6,453030122560101,"ROCK CREEK AT BROOKWOOD AVENUE, HILLSBORO, OR",45.5081944,-122.9335
2024-07-07,9.0,453030122560101,"ROCK CREEK AT BROOKWOOD AVENUE, HILLSBORO, OR",45.5081944,-122.9335
2024-07-08,6.3,453030122560101,"ROCK CREEK AT BROOKWOOD AVENUE, HILLSBORO, OR",45.5081944,-122.9335
2024-07-09,6.8,453030122560101,"ROCK CREEK AT BROOKWOOD AVENUE, HILLSBORO, OR",45.5081944,-122.9335
2024-07-10,9.8,453030122560101,"ROCK CREEK AT BROOKWOOD AVENUE, HILLSBORO, OR",45.5081944,-122.9335
2024-07-11,10.9,453030122560101,"ROCK CREEK AT BROOKWOOD AVENUE, HILLSBORO, OR",45.5081944,-122.9335
2024-07-12,6.2,453030122560101,"ROCK CREEK AT BROOKWOOD AVENUE, HILLSBORO, OR",45.5081944,-122.9335
2024-07-13,8.6,453030122560101,"ROCK CREEK AT BROOKWOOD AVENUE, HILLSBORO, OR",45.5081944,-122.9335
2024-07-14,9.7,453030122560101,"ROCK CREEK AT BROOKWOOD AVENUE, HILLSBORO, OR",45.5081944,-122.9335
2024-07-15,8.1,453030122560101,"ROCK CREEK AT BROOKWOOD AVENUE, HILLSBORO, OR",45.5081944,-122.9335
2024-07-16,9.3,453030122560101,"ROCK CREEK AT BROOKWOOD AVENUE, HILLSBORO, OR",45.5081944,-122.9335
2024-07-17,7.7,453030122560101,"ROCK CREEK AT BROOKWOOD AVENUE, HILLSBORO, OR",45.5081944,-122.9335
2024-07-18,8.4,453030122560101,"ROCK CREEK AT BROOKWOOD AVENUE, HILLSBORO, OR",45.5081944,-122.9335
2024-07-19,7.1,453030122560101,"ROCK CREEK AT BROOKWOOD AVENUE, HILLSBORO, OR",45.5081944,-122.9335
2024-07-20,7.5,453030122560101,"ROCK CREEK AT BROOKWOOD AVENUE, HILLSBORO, OR",45.5081944,-122.9335
2024-07-21,8.3,453030122560101,"ROCK CREEK AT BROOKWOOD AVENUE, HILLSBORO, OR",45.5081944,-122.9335
2024-07-22,7.7,453030122560101,"ROCK CREEK AT BROOKWOOD AVENUE, HILLSBORO, OR",45.5081944,-122.9335
2024-07-23,12.5,453030122560101,"ROCK CREEK AT BROOKWOOD AVENUE, HILLSBORO, OR",45.5081944,-122.9335
2024-07-24,11.9,453030122560101,"ROCK CREEK AT BROOKWOOD AVENUE, HILLSBORO, OR",45.5081944,-122.9335
2024-07-25,12.3,453030122560101,"ROCK CREEK AT BROOKWOOD AVENUE, HILLSBORO, OR",45.5081944,-122.9335
2024-07-26,8.7,453030122560101,"ROCK CREEK AT BROOKWOOD AVENUE, HILLSBORO, OR",45.5081944,-122.9335
2024-07-27,8.9,453030122560101,"ROCK CREEK AT BROOKWOOD AVENUE, HILLSBORO, OR",45.5081944,-122.9335
2024-07-28,6.9,453030122560101,"ROCK CREEK AT BROOKWOOD AVENUE, HILLSBORO, OR",45.5081944,-122.9335
2024-07-29,6.0,453030122560101,"ROCK CREEK AT BROOKWOOD AVENUE, HILLSBORO, OR",45.5081944,-122.9335
2024-07-30,8.7,453030122560101,"ROCK CREEK AT BROOKWOOD AVENUE, HILLSBORO, OR",45.5081944,-122.9335
2024-07-31,7.3,453030122560101,"ROCK CREEK AT BROOKWOOD AVENUE, HILLSBORO, OR",45.5081944,-122.9335
2024-08-01,8.6,453030122560101,"ROCK CREEK AT BROOKWOOD AVENUE, HILLSBORO, OR",45.5081944,-122.9335
2024-08-02,11.2,453030122560101,"ROCK CREEK AT BROOKWOOD AVENUE, HILLSBORO, OR",45.5081944,-122.9335
2024-08-03,6.8,453030122560101,"ROCK CREEK AT BROOKWOOD AVENUE, HILLSBORO, OR",45.5081944,-122.9335
2024-08-04,7.1,453030122560101,"ROCK CREEK AT BROOKWOOD AVENUE, HILLSBORO, OR",45.5081944,-122.9335
2024-08-05,6.3,453030122560101,"ROCK CREEK AT BROOKWOOD AVENUE, HILLSBORO, OR",45.5081944,-122.9335
2024-08-06,6.8,453030122560101,"ROCK CREEK AT BROOKWOOD AVENUE, HILLSBORO, OR",45.5081944,-122.9335
2024-08-07,8.4,453030122560101,"ROCK CREEK AT BROOKWOOD AVENUE, HILLSBORO, OR",45.5081944,-122.9335
2024-08-08,7.0,453030122560101,"ROCK CREEK AT BROOKWOOD AVENUE, HILLSBORO, OR",45.5081944,-122.9335
2024-08-09,6.1,453030122560101,"ROCK CREEK AT BROOKWOOD AVENUE, HILLSBORO, OR",45.5081944,-122.9335
2024-08-10,6.6,453030122560101,"ROCK CREEK AT BROOKWOOD AVENUE, HILLSBORO, OR",45.5081944,-122.9335
2024-08-11,6.0,453030122560101,"ROCK CREEK AT BROOKWOOD AVENUE, HILLSBORO, OR",45.5081944,-122.9335
2024-08-12,6.2,453030122560101,"ROCK CREEK AT BROOKWOOD AVENUE, HILLSBORO, OR",45.5081944,-122.9335
2024-08-13,5.7,453030122560101,"ROCK CREEK AT BROOKWOOD AVENUE, HILLSBORO, OR",45.5081944,-122.9335
2024-08-14,6.3,453030122560101,"ROCK CREEK AT BROOKWOOD AVENUE, HILLSBORO, OR",45.5081944,-122.9335
2024-08-15,7.2,453030122560101,"ROCK CREEK AT BROOKWOOD AVENUE, HILLSBORO, OR",45.5081944,-122.9335
2024-08-16,6.5,453030122560101,"ROCK CREEK AT BROOKWOOD AVENUE, HILLSBORO, OR",45.5081944,-122.9335
2024-08-17,69.9,453030122560101,"ROCK CREEK AT BROOKWOOD AVENUE, HILLSBORO, OR",45.5081944,-122.9335
2024-08-18,35.0,453030122560101,"ROCK CREEK AT BROOKWOOD AVENUE, HILLSBORO, OR",45.5081944,-122.9335
2024-08-19,13.5,453030122560101,"ROCK CREEK AT BROOKWOOD AVENUE, HILLSBORO, OR",45.5081944,-122.9335
2024-08-20,7.6,453030122560101,"ROCK CREEK AT BROOKWOOD AVENUE, HILLSBORO, OR",45.5081944,-122.9335
2024-08-21,12.5,453030122560101,"ROCK CREEK AT BROOKWOOD AVENUE, HILLSBORO, OR",45.5081944,-122.9335
2024-08-22,11.7,453030122560101,"ROCK CREEK AT BROOKWOOD AVENUE, HILLSBORO, OR",45.5081944,-122.9335
2024-08-23,19.4,453030122560101,"ROCK CREEK AT BROOKWOOD AVENUE, HILLSBORO, OR",45.5081944,-122.9335
2024-08-24,18.0,453030122560101,"ROCK CREEK AT BROOKWOOD AVENUE, HILLSBORO, OR",45.5081944,-122.9335
2024-08-25,7.6,453030122560101,"ROCK CREEK AT BROOKWOOD AVENUE, HILLSBORO, OR",45.5081944,-122.9335
2024-08-26,6.9,453030122560101,"ROCK CREEK AT BROOKWOOD AVENUE, HILLSBORO, OR",45.5081944,-122.9335
2024-08-27,6.7,453030122560101,"ROCK CREEK AT BROOKWOOD AVENUE, HILLSBORO, OR",45.5081944,-122.9335
2024-08-28,7.0,453030122560101,"ROCK CREEK AT BROOKWOOD AVENUE, HILLSBORO, OR",45.5081944,-122.9335
2024-08-29,5.7,453030122560101,"ROCK CREEK AT BROOKWOOD AVENUE, HILLSBORO, OR",45.5081944,-122.9335
2024-08-30,4.8,453030122560101,"ROCK CREEK AT BROOKWOOD AVENUE, HILLSBORO, OR",45.5081944,-122.9335
2024-08-31,5.7,453030122560101,"ROCK CREEK AT BROOKWOOD AVENUE, HILLSBORO, OR",45.5081944,-122.9335
2024-09-01,5.3,453030122560101,"ROCK CREEK AT BROOKWOOD AVENUE, HILLSBORO, OR",45.5081944,-122.9335
2024-09-02,5.1,453030122560101,"ROCK CREEK AT BROOKWOOD AVENUE, HILLSBORO, OR",45.5081944,-122.9335
2024-09-03,4.4,453030122560101,"ROCK CREEK AT BROOKWOOD AVENUE, HILLSBORO, OR",45.5081944,-122.9335
2024-09-04,4.8,453030122560101,"ROCK CREEK AT BROOKWOOD AVENUE, HILLSBORO, OR",45.5081944,-122.9335
2024-09-05,5.1,453030122560101,"ROCK CREEK AT BROOKWOOD AVENUE, HILLSBORO, OR",45.5081944,-122.9335
2024-09-06,6.1,453030122560101,"ROCK CREEK AT BROOKWOOD AVENUE, HILLSBORO, OR",45.5081944,-122.9335
2024-09-07,6.3,453030122560101,"ROCK CREEK AT BROOKWOOD AVENUE, HILLSBORO, OR",45.5081944,-122.9335
2024-09-08,6.8,453030122560101,"ROCK CREEK AT BROOKWOOD AVENUE, HILLSBORO, OR",45.5081944,-122.9335
2024-09-09,4.5,453030122560101,"ROCK CREEK AT BROOKWOOD AVENUE, HILLSBORO, OR",45.5081944,-122.9335
2024-09-10,4.5,453030122560101,"ROCK CREEK AT BROOKWOOD AVENUE, HILLSBORO, OR",45.5081944,-122.9335
2024-09-11,61.9,453030122560101,"ROCK CREEK AT BROOKWOOD AVENUE, HILLSBORO, OR",45.5081944,-122.9335
2024-09-12,31.8,453030122560101,"ROCK CREEK AT BROOKWOOD AVENUE, HILLSBORO, OR",45.5081944,-122.9335
2024-09-13,9.6,453030122560101,"ROCK CREEK AT BROOKWOOD AVENUE, HILLSBORO, OR",45.5081944,-122.9335
2024-09-14,22.9,453030122560101,"ROCK CREEK AT BROOKWOOD AVENUE, HILLSBORO, OR",45.5081944,-122.9335
2024-09-15,22.9,453030122560101,"ROCK CREEK AT BROOKWOOD AVENUE, HILLSBORO, OR",45.5081944,-122.9335
2024-09-16,10.9,453030122560101,"ROCK CREEK AT BROOKWOOD AVENUE, HILLSBORO, OR",45.5081944,-122.9335
2024-09-17,12.1,453030122560101,"ROCK CREEK AT BROOKWOOD AVENUE, HILLSBORO, OR",45.5081944,-122.9335
2024-09-18,9.1,453030122560101,"ROCK CREEK AT BROOKWOOD AVENUE, HILLSBORO, OR",45.5081944,-122.9335
2024-09-19,6.0,453030122560101,"ROCK CREEK AT BROOKWOOD AVENUE, HILLSBORO, OR",45.5081944,-122.9335
2024-09-20,9.4,453030122560101,"ROCK CREEK AT BROOKWOOD AVENUE, HILLSBORO, OR",45.5081944,-122.9335
2024-09-21,8.2,453030122560101,"ROCK CREEK AT BROOKWOOD AVENUE, HILLSBORO, OR",45.5081944,-122.9335
2024-09-22,7.8,453030122560101,"ROCK CREEK AT BROOKWOOD AVENUE, HILLSBORO, OR",45.5081944,-122.9335
2024-09-23,7.1,453030122560101,"ROCK CREEK AT BROOKWOOD AVENUE, HILLSBORO, OR",45.5081944,-122.9335
2024-09-24,6.7,453030122560101,"ROCK CREEK AT BROOKWOOD AVENUE, HILLSBORO, OR",45.5081944,-122.9335
2024-09-25,21.0,453030122560101,"ROCK CREEK AT BROOKWOOD AVENUE, HILLSBORO, OR",45.5081944,-122.9335
2024-09-26,18.0,453030122560101,"ROCK CREEK AT BROOKWOOD AVENUE, HILLSBORO, OR",45.5081944,-122.9335
2024-09-27,7.8,453030122560101,"ROCK CREEK AT BROOKWOOD AVENUE, HILLSBORO, OR",45.5081944,-122.9335
2024-09-28,4.9,453030122560101,"ROCK CREEK AT BROOKWOOD AVENUE, HILLSBORO, OR",45.5081944,-122.9335
2024-09-29,5.2,453030122560101,"ROCK CREEK AT BROOKWOOD AVENUE, HILLSBORO, OR",45.5081944,-122.9335
2024-09-30,4.2,453030122560101,"ROCK CREEK AT BROOKWOOD AVENUE, HILLSBORO, OR",45.5081944,-122.9335
2024-01-01,6.0,453040123065201,"GALES CREEK AT OLD HWY 47, FOREST GROVE, OR",45.510878,-123.115666
2024-01-02,5.1,453040123065201,"GALES CREEK AT OLD HWY 47, FOREST GROVE, OR",45.510878,-123.115666
2024-01-03,5.4,453040123065201,"GALES CREEK AT OLD HWY 47, FOREST GROVE, OR",45.510878,-123.115666
2024-01-04,5.9,453040123065201,"GALES CREEK AT OLD HWY 47, FOREST GROVE, OR",45.510878,-123.115666
2024-01-05,5.6,453040123065201,"GALES CREEK AT OLD HWY 47, FOREST GROVE, OR",45.510878,-123.115666
2024-01-06,121.0,453040123065201,"GALES CREEK AT OLD HWY 47, FOREST GROVE, OR",45.510878,-123.115666
2024-01-07,26.7,453040123065201,"GALES CREEK AT OLD HWY 47, FOREST GROVE, OR",45.510878,-123.115666
2024-01-08,18.0,453040123065201,"GALES CREEK AT OLD HWY 47, FOREST GROVE, OR",45.510878,-123.115666
2024-01-09,81.7,453040123065201,"GALES CREEK AT OLD HWY 47, FOREST GROVE, OR",45.510878,-123.115666
2024-01-10,64.2,453040123065201,"GALES CREEK AT OLD HWY 47, FOREST GROVE, OR",45.510878,-123.115666
2024-01-11,29.1,453040123065201,"GALES CREEK AT OLD HWY 47, FOREST GROVE, OR",45.510878,-123.115666
2024-01-12,28.6,453040123065201,"GALES CREEK AT OLD HWY 47, FOREST GROVE, OR",45.510878,-123.115666
2024-01-13,18.6,453040123065201,"GALES CREEK AT OLD HWY 47, FOREST GROVE, OR",45.510878,-123.115666
2024-01-14,12.9,453040123065201,"GALES CREEK AT OLD HWY 47, FOREST GROVE, OR",45.510878,-123.115666
2024-01-15,12.8,453040123065201,"GALES CREEK AT OLD HWY 47, FOREST GROVE, OR",45.510878,-123.115666
2024-01-16,10.3,453040123065201,"GALES CREEK AT OLD HWY 47, FOREST GROVE, OR",45.510878,-123.115666
2024-01-17,9.4,453040123065201,"GALES CREEK AT OLD HWY 47, FOREST GROVE, OR",45.510878,-123.115666
2024-01-18,51.1,453040123065201,"GALES CREEK AT OLD HWY 47, FOREST GROVE, OR",45.510878,-123.115666
2024-01-19,33.0,453040123065201,"GALES CREEK AT OLD HWY 47, FOREST GROVE, OR",45.510878,-123.115666
2024-01-20,25.7,453040123065201,"GALES CREEK AT OLD HWY 47, FOREST GROVE, OR",45.510878,-123.115666
2024-01-21,45.0,453040123065201,"GALES CREEK AT OLD HWY 47, FOREST GROVE, OR",45.510878,-123.115666
2024-01-22,109.0,453040123065201,"GALES CREEK AT OLD HWY 47, FOREST GROVE, OR",45.510878,-123.115666
2024-01-23,65.5,453040123065201,"GALES CREEK AT OLD HWY 47, FOREST GROVE, OR",45.510878,-123.115666
2024-01-24,77.9,453040123065201,"GALES CREEK AT OLD HWY 47, FOREST GROVE, OR",45.510878,-123.115666
2024-01-25,47.3,453040123065201,"GALES CREEK AT OLD HWY 47, FOREST GROVE, OR",45.510878,-123.115666
2024-01-26,42.2,453040123065201,"GALES CREEK AT OLD HWY 47, FOREST GROVE, OR",45.510878,-123.115666
2024-01-27,120.0,453040123065201,"GALES CREEK AT OLD HWY 47, FOREST GROVE, OR",45.510878,-123.115666
2024-01-28,92.8,453040123065201,"GALES CREEK AT OLD HWY 47, FOREST GROVE, OR",45.510878,-123.115666
2024-01-29,72.4,453040123065201,"GALES CREEK AT OLD HWY 47, FOREST GROVE, OR",45.510878,-123.115666
2024-01-30,41.5,453040123065201,"GALES CREEK AT OLD HWY 47, FOREST GROVE, OR",45.510878,-123.115666
2024-01-31,29.9,453040123065201,"GALES CREEK AT OLD HWY 47, FOREST GROVE, OR",45.510878,-123.115666
2024-02-01,27.0,453040123065201,"GALES CREEK AT OLD HWY 47, FOREST GROVE, OR",45.510878,-123.115666
2024-02-02,21.4,453040123065201,"GALES CREEK AT OLD HWY 47, FOREST GROVE, OR",45.510878,-123.115666
2024-02-03,15.3,453040123065201,"GALES CREEK AT OLD HWY 47, FOREST GROVE, OR",45.510878,-123.115666
2024-02-04,12.6,453040123065201,"GALES CREEK AT OLD HWY 47, FOREST GROVE, OR",45.510878,-123.115666
2024-02-05,11.2,453040123065201,"GALES CREEK AT OLD HWY 47, FOREST GROVE, OR",45.510878,-123.115666
2024-02-06,10.8,453040123065201,"GALES CREEK AT OLD HWY 47, FOREST GROVE, OR",45.510878,-123.115666
2024-02-07,9.5,453040123065201,"GALES CREEK AT OLD HWY 47, FOREST GROVE, OR",45.510878,-123.115666
2024-02-08,9.0,453040123065201,"GALES CREEK AT OLD HWY 47, FOREST GROVE, OR",45.510878,-123.115666
2024-02-09,8.4,453040123065201,"GALES CREEK AT OLD HWY 47, FOREST GROVE, OR",45.510878,-123.115666
2024-02-10,8.8,453040123065201,"GALES CREEK AT OLD HWY 47, FOREST GROVE, OR",45.510878,-123.115666
2024-02-11,7.2,453040123065201,"GALES CREEK AT OLD HWY 47, FOREST GROVE, OR",45.510878,-123.115666
2024-02-12,6.6,453040123065201,"GALES CREEK AT OLD HWY 47, FOREST GROVE, OR",45.510878,-123.115666
2024-02-13,6.8,453040123065201,"GALES CREEK AT OLD HWY 47, FOREST GROVE, OR",45.510878,-123.115666
2024-02-14,17.2,453040123065201,"GALES CREEK AT OLD HWY 47, FOREST GROVE, OR",45.510878,-123.115666
2024-02-15,58.3,453040123065201,"GALES CREEK AT OLD HWY 47, FOREST GROVE, OR",45.510878,-123.115666
2024-02-16,22.8,453040123065201,"GALES CREEK AT OLD HWY 47, FOREST GROVE, OR",45.510878,-123.115666
2024-02-17,12.3,453040123065201,"GALES CREEK AT OLD HWY 47, FOREST GROVE, OR",45.510878,-123.115666
2024-02-18,12.5,453040123065201,"GALES CREEK AT OLD HWY 47, FOREST GROVE, OR",45.510878,-123.115666
2024-02-19,10.0,453040123065201,"GALES CREEK AT OLD HWY 47, FOREST GROVE, OR",45.510878,-123.115666
2024-02-20,12.6,453040123065201,"GALES CREEK AT OLD HWY 47, FOREST GROVE, OR",45.510878,-123.115666
2024-02-21,13.2,453040123065201,"GALES CREEK AT OLD HWY 47, FOREST GROVE, OR",45.510878,-123.115666
2024-02-22,11.9,453040123065201,"GALES CREEK AT OLD HWY 47, FOREST GROVE, OR",45.510878,-123.115666
2024-02-23,10.1,453040123065201,"GALES CREEK AT OLD HWY 47, FOREST GROVE, OR",45.510878,-123.115666
2024-02-24,8.4,453040123065201,"GALES CREEK AT OLD HWY 47, FOREST GROVE, OR",45.510878,-123.115666
2024-02-25,10.1,453040123065201,"GALES CREEK AT OLD HWY 47, FOREST GROVE, OR",45.510878,-123.115666
2024-02-26,14.1,453040123065201,"GALES CREEK AT OLD HWY 47, FOREST GROVE, OR",45.510878,-123.115666
2024-02-27,9.7,453040123065201,"GALES CREEK AT OLD HWY 47, FOREST GROVE, OR",45.510878,-123.115666
2024-02-28,104.0,453040123065201,"GALES CREEK AT OLD HWY 47, FOREST GROVE, OR",45.510878,-123.115666
2024-02-29,169.0,453040123065201,"GALES CREEK AT OLD HWY 47, FOREST GROVE, OR",45.510878,-123.115666
2024-03-01,77.5,453040123065201,"GALES CREEK AT OLD HWY 47, FOREST GROVE, OR",45.510878,-123.115666
2024-03-02,47.1,453040123065201,"GALES CREEK AT OLD HWY 47, FOREST GROVE, OR",45.510878,-123.115666
2024-03-03,31.3,453040123065201,"GALES CREEK AT OLD HWY 47, FOREST GROVE, OR",45.510878,-123.115666
2024-03-04,21.6,453040123065201,"GALES CREEK AT OLD HWY 47, FOREST GROVE, OR",45.510878,-123.115666
2024-03-05,21.4,453040123065201,"GALES CREEK AT OLD HWY 47, FOREST GROVE, OR",45.510878,-123.115666
2024-03-06,14.0,453040123065201,"GALES CREEK AT OLD HWY 47, FOREST GROVE, OR",45.510878,-123.115666
2024-03-07,11.8,453040123065201,"GALES CREEK AT OLD HWY 47, FOREST GROVE, OR",45.510878,-123.115666
2024-03-08,11.1,453040123065201,"GALES CREEK AT OLD HWY 47, FOREST GROVE, OR",45.510878,-123.115666
2024-03-09,9.7,453040123065201,"GALES CREEK AT OLD HWY 47, FOREST GROVE, OR",45.510878,-123.115666
2024-03-10,24.9,453040123065201,"GALES CREEK AT OLD HWY 47, FOREST GROVE, OR",45.510878,-123.115666
2024-03-11,26.0,453040123065201,"GALES CREEK AT OLD HWY 47, FOREST GROVE, OR",45.510878,-123.115666
2024-03-12,52.2,453040123065201,"GALES CREEK AT OLD HWY 47, FOREST GROVE, OR",45.510878,-123.115666
2024-03-13,29.6,453040123065201,"GALES CREEK AT OLD HWY 47, FOREST GROVE, OR",45.510878,-123.115666
2024-03-14,21.4,453040123065201,"GALES CREEK AT OLD HWY 47, FOREST GROVE, OR",45.510878,-123.115666
2024-03-15,14.8,453040123065201,"GALES CREEK AT OLD HWY 47, FOREST GROVE, OR",45.510878,-123.115666
2024-03-16,14.2,453040123065201,"GALES CREEK AT OLD HWY 47, FOREST GROVE, OR",45.510878,-123.115666
2024-03-17,13.0,453040123065201,"GALES CREEK AT OLD HWY 47, FOREST GROVE, OR",45.510878,-123.115666
2024-03-18,10.7,453040123065201,"GALES CREEK AT OLD HWY 47, FOREST GROVE, OR",45.510878,-123.115666
2024-03-19,12.1,453040123065201,"GALES CREEK AT OLD HWY 47, FOREST GROVE, OR",45.510878,-123.115666
2024-03-20,9.2,453040123065201,"GALES CREEK AT OLD HWY 47, FOREST GROVE, OR",45.510878,-123.115666
2024-03-21,13.3,453040123065201,"GALES CREEK AT OLD HWY 47, FOREST GROVE, OR",45.510878,-123.115666
2024-03-22,7.7,453040123065201,"GALES CREEK AT OLD HWY 47, FOREST GROVE, OR",45.510878,-123.115666
2024-03-23,7.8,453040123065201,"GALES CREEK AT OLD HWY 47, FOREST GROVE, OR",45.510878,-123.115666
2024-03-24,10.2,453040123065201,"GALES CREEK AT OLD HWY 47, FOREST GROVE, OR",45.510878,-123.115666
2024-03-25,7.3,453040123065201,"GALES CREEK AT OLD HWY 47, FOREST GROVE, OR",45.510878,-123.115666
2024-03-26,8.4,453040123065201,"GALES CREEK AT OLD HWY 47, FOREST GROVE, OR",45.510878,-123.115666
2024-03-27,27.8,453040123065201,"GALES CREEK AT OLD HWY 47, FOREST GROVE, OR",45.510878,-123.115666
2024-03-28,39.6,453040123065201,"GALES CREEK AT OLD HWY 47, FOREST GROVE, OR",45.510878,-123.115666
2024-03-29,31.6,453040123065201,"GALES CREEK AT OLD HWY 47, FOREST GROVE, OR",45.510878,-123.115666
2024-03-30,12.0,453040123065201,"GALES CREEK AT OLD HWY 47, FOREST GROVE, OR",45.510878,-123.115666
2024-03-31,10.9,453040123065201,"GALES CREEK AT OLD HWY 47, FOREST GROVE, OR",45.510878,-123.115666
2024-04-01,12.6,453040123065201,"GALES CREEK AT OLD HWY 47, FOREST GROVE, OR",45.510878,-123.115666
2024-04-02,7.1,453040123065201,"GALES CREEK AT OLD HWY 47, FOREST GROVE, OR",45.510878,-123.115666
2024-04-03,8.5,453040123065201,"GALES CREEK AT OLD HWY 47, FOREST GROVE, OR",45.510878,-123.115666
2024-04-04,5.9,453040123065201,"GALES CREEK AT OLD HWY 47, FOREST GROVE, OR",45.510878,-123.115666
2024-04-05,5.5,453040123065201,"GALES CREEK AT OLD HWY 47, FOREST GROVE, OR",45.510878,-123.115666
2024-04-06,5.0,453040123065201,"GALES CREEK AT OLD HWY 47, FOREST GROVE, OR",45.510878,-123.115666
2024-04-07,4.9,453040123065201,"GALES CREEK AT OLD HWY 47, FOREST GROVE, OR",45.510878,-123.115666
2024-04-08,4.8,453040123065201,"GALES CREEK AT OLD HWY 47, FOREST GROVE, OR",45.510878,-123.115666
2024-04-09,4.8,453040123065201,"GALES CREEK AT OLD HWY 47, FOREST GROVE, OR",45.510878,-123.115666
2024-04-10,5.0,453040123065201,"GALES CREEK AT OLD HWY 47, FOREST GROVE, OR",45.510878,-123.115666
2024-04-11,4.3,453040123065201,"GALES CREEK AT OLD HWY 47, FOREST GROVE, OR",45.510878,-123.115666
2024-04-12,3.7,453040123065201,"GALES CREEK AT OLD HWY 47, FOREST GROVE, OR",45.510878,-123.115666
2024-04-13,4.4,453040123065201,"GALES CREEK AT OLD HWY 47, FOREST GROVE, OR",45.510878,-123.115666
2024-04-14,3.8,453040123065201,"GALES CREEK AT OLD HWY 47, FOREST GROVE, OR",45.510878,-123.115666
2024-04-15,3.8,453040123065201,"GALES CREEK AT OLD HWY 47, FOREST GROVE, OR",45.510878,-123.115666
2024-04-16,4.8,453040123065201,"GALES CREEK AT OLD HWY 47, FOREST GROVE, OR",45.510878,-123.115666
2024-04-17,5.5,453040123065201,"GALES CREEK AT OLD HWY 47, FOREST GROVE, OR",45.510878,-123.115666
2024-04-18,3.2,453040123065201,"GALES CREEK AT OLD HWY 47, FOREST GROVE, OR",45.510878,-123.115666
2024-04-19,3.3,453040123065201,"GALES CREEK AT OLD HWY 47, FOREST GROVE, OR",45.510878,-123.115666
2024-04-20,3.2,453040123065201,"GALES CREEK AT OLD HWY 47, FOREST GROVE, OR",45.510878,-123.115666
2024-04-21,2.6,453040123065201,"GALES CREEK AT OLD HWY 47, FOREST GROVE, OR",45.510878,-123.115666
2024-04-22,3.0,453040123065201,"GALES CREEK AT OLD HWY 47, FOREST GROVE, OR",45.510878,-123.115666
2024-04-23,2.5,453040123065201,"GALES CREEK AT OLD HWY 47, FOREST GROVE, OR",45.510878,-123.115666
2024-04-24,2.3,453040123065201,"GALES CREEK AT OLD HWY 47, FOREST GROVE, OR",45.510878,-123.115666
2024-04-25,2.7,453040123065201,"GALES CREEK AT OLD HWY 47, FOREST GROVE, OR",45.510878,-123.115666
2024-04-26,2.5,453040123065201,"GALES CREEK AT OLD HWY 47, FOREST GROVE, OR",45.510878,-123.115666
2024-04-27,2.7,453040123065201,"GALES CREEK AT OLD HWY 47, FOREST GROVE, OR",45.510878,-123.115666
2024-04-28,2.5,453040123065201,"GALES CREEK AT OLD HWY 47, FOREST GROVE, OR",45.510878,-123.115666
2024-04-29,3.6,453040123065201,"GALES CREEK AT OLD HWY 47, FOREST GROVE, OR",45.510878,-123.115666
2024-04-30,8.5,453040123065201,"GALES CREEK AT OLD HWY 47, FOREST GROVE, OR",45.510878,-123.115666
2024-05-01,7.4,453040123065201,"GALES CREEK AT OLD HWY 47, FOREST GROVE, OR",45.510878,-123.115666
2024-05-02,7.4,453040123065201,"GALES CREEK AT OLD HWY 47, FOREST GROVE, OR",45.510878,-123.115666
2024-05-03,6.8,453040123065201,"GALES CREEK AT OLD HWY 47, FOREST GROVE, OR",45.510878,-123.115666
2024-05-04,22.2,453040123065201,"GALES CREEK AT OLD HWY 47, FOREST GROVE, OR",45.510878,-123.115666
2024-05-05,12.4,453040123065201,"GALES CREEK AT OLD HWY 47, FOREST GROVE, OR",45.510878,-123.115666
2024-05-06,8.2,453040123065201,"GALES CREEK AT OLD HWY 47, FOREST GROVE, OR",45.510878,-123.115666
2024-05-07,7.9,453040123065201,"GALES CREEK AT OLD HWY 47, FOREST GROVE, OR",45.510878,-123.115666
2024-05-08,8.4,453040123065201,"GALES CREEK AT OLD HWY 47, FOREST GROVE, OR",45.510878,-123.115666
2024-05-09,6.8,453040123065201,"GALES CREEK AT OLD HWY 47, FOREST GROVE, OR",45.510878,-123.115666
2024-05-10,6.0,453040123065201,"GALES CREEK AT OLD HWY 47, FOREST GROVE, OR",45.510878,-123.115666
2024-05-11,6.0,453040123065201,"GALES CREEK AT OLD HWY 47, FOREST GROVE, OR",45.510878,-123.115666
2024-05-12,5.3,453040123065201,"GALES CREEK AT OLD HWY 47, FOREST GROVE, OR",45.510878,-123.115666
2024-05-13,3.5,453040123065201,"GALES CREEK AT OLD HWY 47, FOREST GROVE, OR",45.510878,-123.115666
2024-05-14,5.9,453040123065201,"GALES CREEK AT OLD HWY 47, FOREST GROVE, OR",45.510878,-123.115666
2024-05-15,3.4,453040123065201,"GALES CREEK AT OLD HWY 47, FOREST GROVE, OR",45.510878,-123.115666
2024-05-16,4.7,453040123065201,"GALES CREEK AT OLD HWY 47, FOREST GROVE, OR",45.510878,-123.115666
2024-05-17,4.0,453040123065201,"GALES CREEK AT OLD HWY 47, FOREST GROVE, OR",45.510878,-123.115666
2024-05-18,3.5,453040123065201,"GALES CREEK AT OLD HWY 47, FOREST GROVE, OR",45.510878,-123.115666
2024-05-19,3.3,453040123065201,"GALES CREEK AT OLD HWY 47, FOREST GROVE, OR",45.510878,-123.115666
2024-05-20,3.1,453040123065201,"GALES CREEK AT OLD HWY 47, FOREST GROVE, OR",45.510878,-123.115666
2024-05-21,3.3,453040123065201,"GALES CREEK AT OLD HWY 47, FOREST GROVE, OR",45.510878,-123.115666
2024-05-22,2.5,453040123065201,"GALES CREEK AT OLD HWY 47, FOREST GROVE, OR",45.510878,-123.115666
2024-05-23,2.7,453040123065201,"GALES CREEK AT OLD HWY 47, FOREST GROVE, OR",45.510878,-123.115666
2024-05-24,2.9,453040123065201,"GALES CREEK AT OLD HWY 47, FOREST GROVE, OR",45.510878,-123.115666
2024-05-25,4.4,453040123065201,"GALES CREEK AT OLD HWY 47, FOREST GROVE, OR",45.510878,-123.115666
2024-05-26,3.5,453040123065201,"GALES CREEK AT OLD HWY 47, FOREST GROVE, OR",45.510878,-123.115666
2024-05-27,3.3,453040123065201,"GALES CREEK AT OLD HWY 47, FOREST GROVE, OR",45.510878,-123.115666
2024-05-28,4.3,453040123065201,"GALES CREEK AT OLD HWY 47, FOREST GROVE, OR",45.510878,-123.115666
2024-05-29,2.5,453040123065201,"GALES CREEK AT OLD HWY 47, FOREST GROVE, OR",45.510878,-123.115666
2024-05-30,3.0,453040123065201,"GALES CREEK AT OLD HWY 47, FOREST GROVE, OR",45.510878,-123.115666
2024-05-31,2.9,453040123065201,"GALES CREEK AT OLD HWY 47, FOREST GROVE, OR",45.510878,-123.115666
2024-06-01,3.2,453040123065201,"GALES CREEK AT OLD HWY 47, FOREST GROVE, OR",45.510878,-123.115666
2024-06-02,4.8,453040123065201,"GALES CREEK AT OLD HWY 47, FOREST GROVE, OR",45.510878,-123.115666
2024-06-03,8.7,453040123065201,"GALES CREEK AT OLD HWY 47, FOREST GROVE, OR",45.510878,-123.115666
2024-06-04,11.5,453040123065201,"GALES CREEK AT OLD HWY 47, FOREST GROVE, OR",45.510878,-123.115666
2024-06-05,4.3,453040123065201,"GALES CREEK AT OLD HWY 47, FOREST GROVE, OR",45.510878,-123.115666
2024-06-06,3.6,453040123065201,"GALES CREEK AT OLD HWY 47, FOREST GROVE, OR",45.510878,-123.115666
2024-06-07,3.4,453040123065201,"GALES CREEK AT OLD HWY 47, FOREST GROVE, OR",45.510878,-123.115666
2024-06-08,3.2,453040123065201,"GALES CREEK AT OLD HWY 47, FOREST GROVE, OR",45.510878,-123.115666
2024-06-09,4.4,453040123065201,"GALES CREEK AT OLD HWY 47, FOREST GROVE, OR",45.510878,-123.115666
2024-06-10,3.3,453040123065201,"GALES CREEK AT OLD HWY 47, FOREST GROVE, OR",45.510878,-123.115666
2024-06-11,3.6,453040123065201,"GALES CREEK AT OLD HWY 47, FOREST GROVE, OR",45.510878,-123.115666
2024-06-12,3.4,453040123065201,"GALES CREEK AT OLD HWY 47, FOREST GROVE, OR",45.510878,-123.115666
2024-06-13,5.2,453040123065201,"GALES CREEK AT OLD HWY 47, FOREST GROVE, OR",45.510878,-123.115666
2024-06-14,3.1,453040123065201,"GALES CREEK AT OLD HWY 47, FOREST GROVE, OR",45.510878,-123.115666
2024-06-15,3.3,453040123065201,"GALES CREEK AT OLD HWY 47, FOREST GROVE, OR",45.510878,-123.115666
2024-06-16,3.0,453040123065201,"GALES CREEK AT OLD HWY 47, FOREST GROVE, OR",45.510878,-123.115666
2024-06-17,2.5,453040123065201,"GALES CREEK AT OLD HWY 47, FOREST GROVE, OR",45.510878,-123.115666
2024-06-18,2.6,453040123065201,"GALES CREEK AT OLD HWY 47, FOREST GROVE, OR",45.510878,-123.115666
2024-06-19,2.9,453040123065201,"GALES CREEK AT OLD HWY 47, FOREST GROVE, OR",45.510878,-123.115666
2024-06-20,3.7,453040123065201,"GALES CREEK AT OLD HWY 47, FOREST GROVE, OR",45.510878,-123.115666
2024-06-21,3.2,453040123065201,"GALES CREEK AT OLD HWY 47, FOREST GROVE, OR",45.510878,-123.115666
2024-06-22,10.1,453040123065201,"GALES CREEK AT OLD HWY 47, FOREST GROVE, OR",45.510878,-123.115666
2024-06-23,5.0,453040123065201,"GALES CREEK AT OLD HWY 47, FOREST GROVE, OR",45.510878,-123.115666
2024-06-24,3.2,453040123065201,"GALES CREEK AT OLD HWY 47, FOREST GROVE, OR",45.510878,-123.115666
2024-06-25,5.0,453040123065201,"GALES CREEK AT OLD HWY 47, FOREST GROVE, OR",45.510878,-123.115666
2024-06-26,3.0,453040123065201,"GALES CREEK AT OLD HWY 47, FOREST GROVE, OR",45.510878,-123.115666
2024-06-27,3.4,453040123065201,"GALES CREEK AT OLD HWY 47, FOREST GROVE, OR",45.510878,-123.115666
2024-06-28,3.4,453040123065201,"GALES CREEK AT OLD HWY 47, FOREST GROVE, OR",45.510878,-123.115666
2024-06-29,3.2,453040123065201,"GALES CREEK AT OLD HWY 47, FOREST GROVE, OR",45.510878,-123.115666
2024-06-30,3.1,453040123065201,"GALES CREEK AT OLD HWY 47, FOREST GROVE, OR",45.510878,-123.115666
2024-07-01,3.0,453040123065201,"GALES CREEK AT OLD HWY 47, FOREST GROVE, OR",45.510878,-123.115666
2024-07-02,3.0,453040123065201,"GALES CREEK AT OLD HWY 47, FOREST GROVE, OR",45.510878,-123.115666
2024-07-03,3.3,453040123065201,"GALES CREEK AT OLD HWY 47, FOREST GROVE, OR",45.510878,-123.115666
2024-07-04,3.4,453040123065201,"GALES CREEK AT OLD HWY 47, FOREST GROVE, OR",45.510878,-123.115666
2024-07-05,3.9,453040123065201,"GALES CREEK AT OLD HWY 47, FOREST GROVE, OR",45.510878,-123.115666
2024-07-06,4.2,453040123065201,"GALES CREEK AT OLD HWY 47, FOREST GROVE, OR",45.510878,-123.115666
2024-07-07,5.3,453040123065201,"GALES CREEK AT OLD HWY 47, FOREST GROVE, OR",45.510878,-123.115666
2024-07-08,4.0,453040123065201,"GALES CREEK AT OLD HWY 47, FOREST GROVE, OR",45.510878,-123.115666
2024-07-09,5.8,453040123065201,"GALES CREEK AT OLD HWY 47, FOREST GROVE, OR",45.510878,-123.115666
2024-07-10,3.4,453040123065201,"GALES CREEK AT OLD HWY 47, FOREST GROVE, OR",45.510878,-123.115666
2024-07-11,3.5,453040123065201,"GALES CREEK AT OLD HWY 47, FOREST GROVE, OR",45.510878,-123.115666
2024-07-12,4.0,453040123065201,"GALES CREEK AT OLD HWY 47, FOREST GROVE, OR",45.510878,-123.115666
2024-07-13,3.7,453040123065201,"GALES CREEK AT OLD HWY 47, FOREST GROVE, OR",45.510878,-123.115666
2024-07-14,3.6,453040123065201,"GALES CREEK AT OLD HWY 47, FOREST GROVE, OR",45.510878,-123.115666
2024-07-15,5.2,453040123065201,"GALES CREEK AT OLD HWY 47, FOREST GROVE, OR",45.510878,-123.115666
2024-07-16,3.6,453040123065201,"GALES CREEK AT OLD HWY 47, FOREST GROVE, OR",45.510878,-123.115666
2024-07-17,3.9,453040123065201,"GALES CREEK AT OLD HWY 47, FOREST GROVE, OR",45.510878,-123.115666
2024-07-18,3.9,453040123065201,"GALES CREEK AT OLD HWY 47, FOREST GROVE, OR",45.510878,-123.115666
2024-07-19,3.4,453040123065201,"GALES CREEK AT OLD HWY 47, FOREST GROVE, OR",45.510878,-123.115666
2024-07-20,4.2,453040123065201,"GALES CREEK AT OLD HWY 47, FOREST GROVE, OR",45.510878,-123.115666
2024-07-21,3.9,453040123065201,"GALES CREEK AT OLD HWY 47, FOREST GROVE, OR",45.510878,-123.115666
2024-07-22,5.1,453040123065201,"GALES CREEK AT OLD HWY 47, FOREST GROVE, OR",45.510878,-123.115666
2024-07-23,5.0,453040123065201,"GALES CREEK AT OLD HWY 47, FOREST GROVE, OR",45.510878,-123.115666
2024-07-24,3.1,453040123065201,"GALES CREEK AT OLD HWY 47, FOREST GROVE, OR",45.510878,-123.115666
2024-07-25,3.4,453040123065201,"GALES CREEK AT OLD HWY 47, FOREST GROVE, OR",45.510878,-123.115666
2024-07-26,3.2,453040123065201,"GALES CREEK AT OLD HWY 47, FOREST GROVE, OR",45.510878,-123.115666
2024-07-27,4.2,453040123065201,"GALES CREEK AT OLD HWY 47, FOREST GROVE, OR",45.510878,-123.115666
2024-07-28,3.0,453040123065201,"GALES CREEK AT OLD HWY 47, FOREST GROVE, OR",45.510878,-123.115666
2024-07-29,3.2,453040123065201,"GALES CREEK AT OLD HWY 47, FOREST GROVE, OR",45.510878,-123.115666
2024-07-30,2.8,453040123065201,"GALES CREEK AT OLD HWY 47, FOREST GROVE, OR",45.510878,-123.115666
2024-07-31,3.0,453040123065201,"GALES CREEK AT OLD HWY 47, FOREST GROVE, OR",45.510878,-123.115666
2024-08-01,2.8,453040123065201,"GALES CREEK AT OLD HWY 47, FOREST GROVE, OR",45.510878,-123.115666
2024-08-02,3.4,453040123065201,"GALES CREEK AT OLD HWY 47, FOREST GROVE, OR",45.510878,-123.115666
2024-08-03,5.9,453040123065201,"GALES CREEK AT OLD HWY 47, FOREST GROVE, OR",45.510878,-123.115666
2024-08-04,4.5,453040123065201,"GALES CREEK AT OLD HWY 47, FOREST GROVE, OR",45.510878,-123.115666
2024-08-05,5.2,453040123065201,"GALES CREEK AT OLD HWY 47, FOREST GROVE, OR",45.510878,-123.115666
2024-08-06,3.2,453040123065201,"GALES CREEK AT OLD HWY 47, FOREST GROVE, OR",45.510878,-123.115666
2024-08-07,4.0,453040123065201,"GALES CREEK AT OLD HWY 47, FOREST GROVE, OR",45.510878,-123.115666
2024-08-08,3.7,453040123065201,"GALES CREEK AT OLD HWY 47, FOREST GROVE, OR",45.510878,-123.115666
2024-08-09,4.4,453040123065201,"GALES CREEK AT OLD HWY 47, FOREST GROVE, OR",45.510878,-123.115666
2024-08-10,5.2,453040123065201,"GALES CREEK AT OLD HWY 47, FOREST GROVE, OR",45.510878,-123.115666
2024-08-11,3.4,453040123065201,"GALES CREEK AT OLD HWY 47, FOREST GROVE, OR",45.510878,-123.115666
2024-08-12,5.3,453040123065201,"GALES CREEK AT OLD HWY 47, FOREST GROVE, OR",45.510878,-123.115666
2024-08-13,4.8,453040123065201,"GALES CREEK AT OLD HWY 47, FOREST GROVE, OR",45.510878,-123.115666
2024-08-14,3.7,453040123065201,"GALES CREEK AT OLD HWY 47, FOREST GROVE, OR",45.510878,-123.115666
2024-08-15,4.2,453040123065201,"GALES CREEK AT OLD HWY 47, FOREST GROVE, OR",45.510878,-123.115666
2024-08-16,4.0,453040123065201,"GALES CREEK AT OLD HWY 47, FOREST GROVE, OR",45.510878,-123.115666
2024-08-17,5.4,453040123065201,"GALES CREEK AT OLD HWY 47, FOREST GROVE, OR",45.510878,-123.115666
2024-08-18,3.7,453040123065201,"GALES CREEK AT OLD HWY 47, FOREST GROVE, OR",45.510878,-123.115666
2024-08-19,3.8,453040123065201,"GALES CREEK AT OLD HWY 47, FOREST GROVE, OR",45.510878,-123.115666
2024-08-20,3.7,453040123065201,"GALES CREEK AT OLD HWY 47, FOREST GROVE, OR",45.510878,-123.115666
2024-08-21,3.4,453040123065201,"GALES CREEK AT OLD HWY 47, FOREST GROVE, OR",45.510878,-123.115666
2024-08-22,3.2,453040123065201,"GALES CREEK AT OLD HWY 47, FOREST GROVE, OR",45.510878,-123.115666
2024-08-23,3.4,453040123065201,"GALES CREEK AT OLD HWY 47, FOREST GROVE, OR",45.510878,-123.115666
2024-08-24,4.4,453040123065201,"GALES CREEK AT OLD HWY 47, FOREST GROVE, OR",45.510878,-123.115666
2024-08-25,4.4,453040123065201,"GALES CREEK AT OLD HWY 47, FOREST GROVE, OR",45.510878,-123.115666
2024-08-26,3.9,453040123065201,"GALES CREEK AT OLD HWY 47, FOREST GROVE, OR",45.510878,-123.115666
2024-08-27,3.9,453040123065201,"GALES CREEK AT OLD HWY 47, FOREST GROVE, OR",45.510878,-123.115666
2024-08-28,3.6,453040123065201,"GALES CREEK AT OLD HWY 47, FOREST GROVE, OR",45.510878,-123.115666
2024-08-29,5.1,453040123065201,"GALES CREEK AT OLD HWY 47, FOREST GROVE, OR",45.510878,-123.115666
2024-08-30,10.7,453040123065201,"GALES CREEK AT OLD HWY 47, FOREST GROVE, OR",45.510878,-123.115666
2024-08-31,5.4,453040123065201,"GALES CREEK AT OLD HWY 47, FOREST GROVE, OR",45.510878,-123.115666
2024-09-01,6.4,453040123065201,"GALES CREEK AT OLD HWY 47, FOREST GROVE, OR",45.510878,-123.115666
2024-09-02,4.8,453040123065201,"GALES CREEK AT OLD HWY 47, FOREST GROVE, OR",45.510878,-123.115666
2024-09-03,8.2,453040123065201,"GALES CREEK AT OLD HWY 47, FOREST GROVE, OR",45.510878,-123.115666
2024-09-04,4.5,453040123065201,"GALES CREEK AT OLD HWY 47, FOREST GROVE, OR",45.510878,-123.115666
2024-09-05,5.0,453040123065201,"GALES CREEK AT OLD HWY 47, FOREST GROVE, OR",45.510878,-123.115666
2024-09-06,3.9,453040123065201,"GALES CREEK AT OLD HWY 47, FOREST GROVE, OR",45.510878,-123.115666
2024-09-07,6.9,453040123065201,"GALES CREEK AT OLD HWY 47, FOREST GROVE, OR",45.510878,-123.115666
2024-09-08,4.6,453040123065201,"GALES CREEK AT OLD HWY 47, FOREST GROVE, OR",45.510878,-123.115666
2024-09-09,4.6,453040123065201,"GALES CREEK AT OLD HWY 47, FOREST GROVE, OR",45.510878,-123.115666
2024-09-10,12.7,453040123065201,"GALES CREEK AT OLD HWY 47, FOREST GROVE, OR",45.510878,-123.115666
2024-09-11,9.0,453040123065201,"GALES CREEK AT OLD HWY 47, FOREST GROVE, OR",45.510878,-123.115666
2024-09-12,3.5,453040123065201,"GALES CREEK AT OLD HWY 47, FOREST GROVE, OR",45.510878,-123.115666
2024-09-13,3.7,453040123065201,"GALES CREEK AT OLD HWY 47, FOREST GROVE, OR",45.510878,-123.115666
2024-09-14,6.4,453040123065201,"GALES CREEK AT OLD HWY 47, FOREST GROVE, OR",45.510878,-123.115666
2024-09-15,2.9,453040123065201,"GALES CREEK AT OLD HWY 47, FOREST GROVE, OR",45.510878,-123.115666
2024-09-16,3.0,453040123065201,"GALES CREEK AT OLD HWY 47, FOREST GROVE, OR",45.510878,-123.115666
2024-09-17,3.0,453040123065201,"GALES CREEK AT OLD HWY 47, FOREST GROVE, OR",45.510878,-123.115666
2024-09-18,3.3,453040123065201,"GALES CREEK AT OLD HWY 47, FOREST GROVE, OR",45.510878,-123.115666
2024-09-19,3.2,453040123065201,"GALES CREEK AT OLD HWY 47, FOREST GROVE, OR",45.510878,-123.115666
2024-09-20,3.2,453040123065201,"GALES CREEK AT OLD HWY 47, FOREST GROVE, OR",45.510878,-123.115666
2024-09-21,3.5,453040123065201,"GALES CREEK AT OLD HWY 47, FOREST GROVE, OR",45.510878,-123.115666
2024-09-22,3.5,453040123065201,"GALES CREEK AT OLD HWY 47, FOREST GROVE, OR",45.510878,-123.115666
2024-09-23,7.8,453040123065201,"GALES CREEK AT OLD HWY 47, FOREST GROVE, OR",45.510878,-123.115666
2024-09-24,5.0,453040123065201,"GALES CREEK AT OLD HWY 47, FOREST GROVE, OR",45.510878,-123.115666
2024-09-25,5.7,453040123065201,"GALES CREEK AT OLD HWY 47, FOREST GROVE, OR",45.510878,-123.115666
2024-09-26,3.1,453040123065201,"GALES CREEK AT OLD HWY 47, FOREST GROVE, OR",45.510878,-123.115666
2024-09-27,3.6,453040123065201,"GALES CREEK AT OLD HWY 47, FOREST GROVE, OR",45.510878,-123.115666
2024-09-28,3.1,453040123065201,"GALES CREEK AT OLD HWY 47, FOREST GROVE, OR",45.510878,-123.115666
2024-09-29,4.4,453040123065201,"GALES CREEK AT OLD HWY 47, FOREST GROVE, OR",45.510878,-123.115666
2024-09-30,4.0,453040123065201,"GALES CREEK AT OLD HWY 47, FOREST GROVE, OR",45.510878,-123.115666
