date,value,site_no,station_nm,lat,lon
2024-01-01,1.34,14159500,"SOUTH FORK MCKENZIE RIVER NEAR RAINBOW, OR",44.13595817,-122.248391
2024-01-02,1.56,14159500,"SOUTH FORK MCKENZIE RIVER NEAR RAINBOW, OR",44.13595817,-122.248391
2024-01-03,1.61,14159500,"SOUTH FORK MCKENZIE RIVER NEAR RAINBOW, OR",44.13595817,-122.248391
2024-01-04,1.51,14159500,"SOUTH FORK MCKENZIE RIVER NEAR RAINBOW, OR",44.13595817,-122.248391
2024-01-05,1.48,14159500,"SOUTH FORK MCKENZIE RIVER NEAR RAINBOW, OR",44.13595817,-122.248391
2024-01-06,1.59,14159500,"SOUTH FORK MCKENZIE RIVER NEAR RAINBOW, OR",44.13595817,-122.248391
2024-01-07,1.51,14159500,"SOUTH FORK MCKENZIE RIVER NEAR RAINBOW, OR",44.13595817,-122.248391
2024-01-08,2.32,14159500,"SOUTH FORK MCKENZIE RIVER NEAR RAINBOW, OR",44.13595817,-122.248391
2024-01-09,1.88,14159500,"SOUTH FORK MCKENZIE RIVER NEAR RAINBOW, OR",44.13595817,-122.248391
2024-01-10,1.05,14159500,"SOUTH FORK MCKENZIE RIVER NEAR RAINBOW, OR",44.13595817,-122.248391
2024-01-11,1.31,14159500,"SOUTH FORK MCKENZIE RIVER NEAR RAINBOW, OR",44.13595817,-122.248391
2024-01-12,1.17,14159500,"SOUTH FORK MCKENZIE RIVER NEAR RAINBOW, OR",44.13595817,-122.248391
2024-01-13,1.17,14159500,"SOUTH FORK MCKENZIE RIVER NEAR RAINBOW, OR",44.13595817,-122.248391
2024-01-14,0.9,14159500,"SOUTH FORK MCKENZIE RIVER NEAR RAINBOW, OR",44.13595817,-122.248391
2024-01-15,1.3,14159500,"SOUTH FORK MCKENZIE RIVER NEAR RAINBOW, OR",44.13595817,-122.248391
2024-01-16,1.01,14159500,"SOUTH FORK MCKENZIE RIVER NEAR RAINBOW, OR",44.13595817,-122.248391
2024-01-17,1.11,14159500,"SOUTH FORK MCKENZIE RIVER NEAR RAINBOW, OR",44.13595817,-122.248391
2024-01-18,1.43,14159500,"SOUTH FORK MCKENZIE RIVER NEAR RAINBOW, OR",44.13595817,-122.248391
2024-01-19,1.28,14159500,"SOUTH FORK MCKENZIE RIVER NEAR RAINBOW, OR",44.13595817,-122.248391
2024-01-20,1.14,14159500,"SOUTH FORK MCKENZIE RIVER NEAR RAINBOW, OR",44.13595817,-122.248391
2024-01-21,1.08,14159500,"SOUTH FORK MCKENZIE RIVER NEAR RAINBOW, OR",44.13595817,-122.248391
2024-01-22,1.24,14159500,"SOUTH FORK MCKENZIE RIVER NEAR RAINBOW, OR",44.13595817,-122.248391
2024-01-23,1.36,14159500,"SOUTH FORK MCKENZIE RIVER NEAR RAINBOW, OR",44.13595817,-122.248391
2024-01-24,1.12,14159500,"SOUTH FORK MCKENZIE RIVER NEAR RAINBOW, OR",44.13595817,-122.248391
2024-01-25,1.02,14159500,"SOUTH FORK MCKENZIE RIVER NEAR RAINBOW, OR",44.13595817,-122.248391
2024-01-26,1.29,14159500,"SOUTH FORK MCKENZIE RIVER NEAR RAINBOW, OR",44.13595817,-122.248391
2024-01-27,1.02,14159500,"SOUTH FORK MCKENZIE RIVER NEAR RAINBOW, OR",44.13595817,-122.248391
2024-01-28,1.12,14159500,"SOUTH FORK MCKENZIE RIVER NEAR RAINBOW, OR",44.13595817,-122.248391
2024-01-29,1.71,14159500,"SOUTH FORK MCKENZIE RIVER NEAR RAINBOW, OR",44.13595817,-122.248391
2024-01-30,1.12,14159500,"SOUTH FORK MCKENZIE RIVER NEAR RAINBOW, OR",44.13595817,-122.248391
2024-01-31,1.22,14159500,"SOUTH FORK MCKENZIE RIVER NEAR RAINBOW, OR",44.13595817,-122.248391
2024-02-01,1.17,14159500,"SOUTH FORK MCKENZIE RIVER NEAR RAINBOW, OR",44.13595817,-122.248391
2024-02-02,1.39,14159500,"SOUTH FORK MCKENZIE RIVER NEAR RAINBOW, OR",44.13595817,-122.248391
2024-02-03,1.08,14159500,"SOUTH FORK MCKENZIE RIVER NEAR RAINBOW, OR",44.13595817,-122.248391
2024-02-04,1.13,14159500,"SOUTH FORK MCKENZIE RIVER NEAR RAINBOW, OR",44.13595817,-122.248391
2024-02-05,1.19,14159500,"SOUTH FORK MCKENZIE RIVER NEAR RAINBOW, OR",44.13595817,-122.248391
2024-02-06,1.22,14159500,"SOUTH FORK MCKENZIE RIVER NEAR RAINBOW, OR",44.13595817,-122.248391
2024-02-07,1.12,14159500,"SOUTH FORK MCKENZIE RIVER NEAR RAINBOW, OR",44.13595817,-122.248391
2024-02-08,1.26,14159500,"SOUTH FORK MCKENZIE RIVER NEAR RAINBOW, OR",44.13595817,-122.248391
2024-02-09,1.14,14159500,"SOUTH FORK MCKENZIE RIVER NEAR RAINBOW, OR",44.13595817,-122.248391
2024-02-10,1.2,14159500,"SOUTH FORK MCKENZIE RIVER NEAR RAINBOW, OR",44.13595817,-122.248391
2024-02-11,1.26,14159500,"SOUTH FORK MCKENZIE RIVER NEAR RAINBOW, OR",44.13595817,-122.248391
2024-02-12,1.2,14159500,"SOUTH FORK MCKENZIE RIVER NEAR RAINBOW, OR",44.13595817,-122.248391
2024-02-13,1.12,14159500,"SOUTH FORK MCKENZIE RIVER NEAR RAINBOW, OR",44.13595817,-122.248391
2024-02-14,1.32,14159500,"SOUTH FORK MCKENZIE RIVER NEAR RAINBOW, OR",44.13595817,-122.248391
2024-02-15,1.71,14159500,"SOUTH FORK MCKENZIE RIVER NEAR RAINBOW, OR",44.13595817,-122.248391
2024-02-16,1.63,14159500,"SOUTH FORK MCKENZIE RIVER NEAR RAINBOW, OR",44.13595817,-122.248391
2024-02-17,1.72,14159500,"SOUTH FORK MCKENZIE RIVER NEAR RAINBOW, OR",44.13595817,-122.248391
2024-02-18,1.35,14159500,"SOUTH FORK MCKENZIE RIVER NEAR RAINBOW, OR",44.13595817,-122.248391
2024-02-19,1.54,14159500,"SOUTH FORK MCKENZIE RIVER NEAR RAINBOW, OR",44.13595817,-122.248391
2024-02-20,1.87,14159500,"SOUTH FORK MCKENZIE RIVER NEAR RAINBOW, OR",44.13595817,-122.248391
2024-02-21,1.95,14159500,"SOUTH FORK MCKENZIE RIVER NEAR RAINBOW, OR",44.13595817,-122.248391
2024-02-22,2.37,14159500,"SOUTH FORK MCKENZIE RIVER NEAR RAINBOW, OR",44.13595817,-122.248391
2024-02-23,3.53,14159500,"SOUTH FORK MCKENZIE RIVER NEAR RAINBOW, OR",44.13595817,-122.248391
2024-02-24,4.21,14159500,"SOUTH FORK MCKENZIE RIVER NEAR RAINBOW, OR",44.13595817,-122.248391
2024-02-25,4.14,14159500,"SOUTH FORK MCKENZIE RIVER NEAR RAINBOW, OR",44.13595817,-122.248391
2024-02-26,4.14,14159500,"SOUTH FORK MCKENZIE RIVER NEAR RAINBOW, OR",44.13595817,-122.248391
2024-02-27,4.4,14159500,"SOUTH FORK MCKENZIE RIVER NEAR RAINBOW, OR",44.13595817,-122.248391
2024-02-28,4.94,14159500,"SOUTH FORK MCKENZIE RIVER NEAR RAINBOW, OR",44.13595817,-122.248391
2024-02-29,5.34,14159500,"SOUTH FORK MCKENZIE RIVER NEAR RAINBOW, OR",44.13595817,-122.248391
2024-03-01,5.64,14159500,"SOUTH FORK MCKENZIE RIVER NEAR RAINBOW, OR",44.13595817,-122.248391
2024-03-02,6.7,14159500,"SOUTH FORK MCKENZIE RIVER NEAR RAINBOW, OR",44.13595817,-122.248391
2024-03-03,6.11,14159500,"SOUTH FORK MCKENZIE RIVER NEAR RAINBOW, OR",44.13595817,-122.248391
2024-03-04,8.52,14159500,"SOUTH FORK MCKENZIE RIVER NEAR RAINBOW, OR",44.13595817,-122.248391
2024-03-05,12.7,14159500,"SOUTH FORK MCKENZIE RIVER NEAR RAINBOW, OR",44.13595817,-122.248391
2024-03-06,9.5,14159500,"SOUTH FORK MCKENZIE RIVER NEAR RAINBOW, OR",44.13595817,-122.248391
2024-03-07,11.63,14159500,"SOUTH FORK MCKENZIE RIVER NEAR RAINBOW, OR",44.13595817,-122.248391
2024-03-08,8.44,14159500,"SOUTH FORK MCKENZIE RIVER NEAR RAINBOW, OR",44.13595817,-122.248391
2024-03-09,4.81,14159500,"SOUTH FORK MCKENZIE RIVER NEAR RAINBOW, OR",44.13595817,-122.248391
2024-03-10,5.14,14159500,"SOUTH FORK MCKENZIE RIVER NEAR RAINBOW, OR",44.13595817,-122.248391
2024-03-11,8.71,14159500,"SOUTH FORK MCKENZIE RIVER NEAR RAINBOW, OR",44.13595817,-122.248391
2024-03-12,1.47,14159500,"SOUTH FORK MCKENZIE RIVER NEAR RAINBOW, OR",44.13595817,-122.248391
2024-03-13,1.61,14159500,"SOUTH FORK MCKENZIE RIVER NEAR RAINBOW, OR",44.13595817,-122.248391
2024-03-14,2.19,14159500,"SOUTH FORK MCKENZIE RIVER NEAR RAINBOW, OR",44.13595817,-122.248391
2024-03-15,1.83,14159500,"SOUTH FORK MCKENZIE RIVER NEAR RAINBOW, OR",44.13595817,-122.248391
2024-03-16,1.96,14159500,"SOUTH FORK MCKENZIE RIVER NEAR RAINBOW, OR",44.13595817,-122.248391
2024-03-17,1.95,14159500,"SOUTH FORK MCKENZIE RIVER NEAR RAINBOW, OR",44.13595817,-122.248391
2024-03-18,2.18,14159500,"SOUTH FORK MCKENZIE RIVER NEAR RAINBOW, OR",44.13595817,-122.248391
2024-03-19,2.09,14159500,"SOUTH FORK MCKENZIE RIVER NEAR RAINBOW, OR",44.13595817,-122.248391
2024-03-20,2.25,14159500,"SOUTH FORK MCKENZIE RIVER NEAR RAINBOW, OR",44.13595817,-122.248391
2024-03-21,2.35,14159500,"SOUTH FORK MCKENZIE RIVER NEAR RAINBOW, OR",44.13595817,-122.248391
2024-03-22,2.37,14159500,"SOUTH FORK MCKENZIE RIVER NEAR RAINBOW, OR",44.13595817,-122.248391
2024-03-23,2.33,14159500,"SOUTH FORK MCKENZIE RIVER NEAR RAINBOW, OR",44.13595817,-122.248391
2024-03-24,2.38,14159500,"SOUTH FORK MCKENZIE RIVER NEAR RAINBOW, OR",44.13595817,-122.248391
2024-03-25,2.5,14159500,"SOUTH FORK MCKENZIE RIVER NEAR RAINBOW, OR",44.13595817,-122.248391
2024-03-26,2.3,14159500,"SOUTH FORK MCKENZIE RIVER NEAR RAINBOW, OR",44.13595817,-122.248391
2024-03-27,2.07,14159500,"SOUTH FORK MCKENZIE RIVER NEAR RAINBOW, OR",44.13595817,-122.248391
2024-03-28,2.34,14159500,"SOUTH FORK MCKENZIE RIVER NEAR RAINBOW, OR",44.13595817,-122.248391
2024-03-29,2.31,14159500,"SOUTH FORK MCKENZIE RIVER NEAR RAINBOW, OR",44.13595817,-122.248391
2024-03-30,2.02,14159500,"SOUTH FORK MCKENZIE RIVER NEAR RAINBOW, OR",44.13595817,-122.248391
2024-03-31,1.94,14159500,"SOUTH FORK MCKENZIE RIVER NEAR RAINBOW, OR",44.13595817,-122.248391
2024-04-01,1.8,14159500,"SOUTH FORK MCKENZIE RIVER NEAR RAINBOW, OR",44.13595817,-122.248391
2024-04-02,1.51,14159500,"SOUTH FORK MCKENZIE RIVER NEAR RAINBOW, OR",44.13595817,-122.248391
2024-04-03,1.81,14159500,"SOUTH FORK MCKENZIE RIVER NEAR RAINBOW, OR",44.13595817,-122.248391
2024-04-04,1.53,14159500,"SOUTH FORK MCKENZIE RIVER NEAR RAINBOW, OR",44.13595817,-122.248391
2024-04-05,1.91,14159500,"SOUTH FORK MCKENZIE RIVER NEAR RAINBOW, OR",44.13595817,-122.248391
2024-04-06,1.83,14159500,"SOUTH FORK MCKENZIE RIVER NEAR RAINBOW, OR",44.13595817,-122.248391
2024-04-07,1.61,14159500,"SOUTH FORK MCKENZIE RIVER NEAR RAINBOW, OR",44.13595817,-122.248391
2024-04-08,8.88,14159500,"SOUTH FORK MCKENZIE RIVER NEAR RAINBOW, OR",44.13595817,-122.248391
2024-04-09,1.78,14159500,"SOUTH FORK MCKENZIE RIVER NEAR RAINBOW, OR",44.13595817,-122.248391
2024-04-10,17.27,14159500,"SOUTH FORK MCKENZIE RIVER NEAR RAINBOW, OR",44.13595817,-122.248391
2024-04-11,9.01,14159500,"SOUTH FORK MCKENZIE RIVER NEAR RAINBOW, OR",44.13595817,-122.248391
2024-04-12,13.86,14159500,"SOUTH FORK MCKENZIE RIVER NEAR RAINBOW, OR",44.13595817,-122.248391
2024-04-13,9.28,14159500,"SOUTH FORK MCKENZIE RIVER NEAR RAINBOW, OR",44.13595817,-122.248391
2024-04-14,13.17,14159500,"SOUTH FORK MCKENZIE RIVER NEAR RAINBOW, OR",44.13595817,-122.248391
2024-04-15,11.5,14159500,"SOUTH FORK MCKENZIE RIVER NEAR RAINBOW, OR",44.13595817,-122.248391
2024-04-16,11.16,14159500,"SOUTH FORK MCKENZIE RIVER NEAR RAINBOW, OR",44.13595817,-122.248391
2024-04-17,9.35,14159500,"SOUTH FORK MCKENZIE RIVER NEAR RAINBOW, OR",44.13595817,-122.248391
2024-04-18,11.68,14159500,"SOUTH FORK MCKENZIE RIVER NEAR RAINBOW, OR",44.13595817,-122.248391
2024-04-19,13.7,14159500,"SOUTH FORK MCKENZIE RIVER NEAR RAINBOW, OR",44.13595817,-122.248391
2024-04-20,10.99,14159500,"SOUTH FORK MCKENZIE RIVER NEAR RAINBOW, OR",44.13595817,-122.248391
2024-04-21,2.8,14159500,"SOUTH FORK MCKENZIE RIVER NEAR RAINBOW, OR",44.13595817,-122.248391
2024-04-22,10.27,14159500,"SOUTH FORK MCKENZIE RIVER NEAR RAINBOW, OR",44.13595817,-122.248391
2024-04-23,3.79,14159500,"SOUTH FORK MCKENZIE RIVER NEAR RAINBOW, OR",44.13595817,-122.248391
2024-04-24,13.03,14159500,"SOUTH FORK MCKENZIE RIVER NEAR RAINBOW, OR",44.13595817,-122.248391
2024-04-25,8.72,14159500,"SOUTH FORK MCKENZIE RIVER NEAR RAINBOW, OR",44.13595817,-122.248391
2024-08-17,0.52,14159500,"SOUTH FORK MCKENZIE RIVER NEAR RAINBOW, OR",44.13595817,-122.248391
2024-08-18,0.3,14159500,"SOUTH FORK MCKENZIE RIVER NEAR RAINBOW, OR",44.13595817,-122.248391
2024-08-19,0.39,14159500,"SOUTH FORK MCKENZIE RIVER NEAR RAINBOW, OR",44.13595817,-122.248391
2024-08-20,0.4,14159500,"SOUTH FORK MCKENZIE RIVER NEAR RAINBOW, OR",44.13595817,-122.248391
2024-08-21,0.34,14159500,"SOUTH FORK MCKENZIE RIVER NEAR RAINBOW, OR",44.13595817,-122.248391
2024-08-22,0.52,14159500,"SOUTH FORK MCKENZIE RIVER NEAR RAINBOW, OR",44.13595817,-122.248391
2024-08-23,0.63,14159500,"SOUTH FORK MCKENZIE RIVER NEAR RAINBOW, OR",44.13595817,-122.248391
2024-08-24,0.74,14159500,"SOUTH FORK MCKENZIE RIVER NEAR RAINBOW, OR",44.13595817,-122.248391
2024-08-25,0.7,14159500,"SOUTH FORK MCKENZIE RIVER NEAR RAINBOW, OR",44.13595817,-122.248391
2024-08-26,0.54,14159500,"SOUTH FORK MCKENZIE RIVER NEAR RAINBOW, OR",44.13595817,-122.248391
2024-08-27,0.67,14159500,"SOUTH FORK MCKENZIE RIVER NEAR RAINBOW, OR",44.13595817,-122.248391
2024-08-28,0.79,14159500,"SOUTH FORK MCKENZIE RIVER NEAR RAINBOW, OR",44.13595817,-122.248391
2024-08-29,0.54,14159500,"SOUTH FORK MCKENZIE RIVER NEAR RAINBOW, OR",44.13595817,-122.248391
2024-08-30,0.61,14159500,"SOUTH FORK MCKENZIE RIVER NEAR RAINBOW, OR",44.13595817,-122.248391
2024-08-31,0.42,14159500,"SOUTH FORK MCKENZIE RIVER NEAR RAINBOW, OR",44.13595817,-122.248391
2024-09-01,0.45,14159500,"SOUTH FORK MCKENZIE RIVER NEAR RAINBOW, OR",44.13595817,-122.248391
2024-09-02,0.43,14159500,"SOUTH FORK MCKENZIE RIVER NEAR RAINBOW, OR",44.13595817,-122.248391
2024-09-03,0.53,14159500,"SOUTH FORK MCKENZIE RIVER NEAR RAINBOW, OR",44.13595817,-122.248391
2024-09-04,0.5,14159500,"SOUTH FORK MCKENZIE RIVER NEAR RAINBOW, OR",44.13595817,-122.248391
2024-09-05,0.66,14159500,"SOUTH FORK MCKENZIE RIVER NEAR RAINBOW, OR",44.13595817,-122.248391
2024-09-06,0.77,14159500,"SOUTH FORK MCKENZIE RIVER NEAR RAINBOW, OR",44.13595817,-122.248391
2024-09-07,1.3,14159500,"SOUTH FORK MCKENZIE RIVER NEAR RAINBOW, OR",44.13595817,-122.248391
2024-09-08,0.75,14159500,"SOUTH FORK MCKENZIE RIVER NEAR RAINBOW, OR",44.13595817,-122.248391
2024-09-09,0.86,14159500,"SOUTH FORK MCKENZIE RIVER NEAR RAINBOW, OR",44.13595817,-122.248391
2024-09-10,0.94,14159500,"SOUTH FORK MCKENZIE RIVER NEAR RAINBOW, OR",44.13595817,-122.248391
2024-09-11,0.63,14159500,"SOUTH FORK MCKENZIE RIVER NEAR RAINBOW, OR",44.13595817,-122.248391
2024-09-12,0.91,14159500,"SOUTH FORK MCKENZIE RIVER NEAR RAINBOW, OR",44.13595817,-122.248391
2024-09-13,0.72,14159500,"SOUTH FORK MCKENZIE RIVER NEAR RAINBOW, OR",44.13595817,-122.248391
2024-09-14,0.89,14159500,"SOUTH FORK MCKENZIE RIVER NEAR RAINBOW, OR",44.13595817,-122.248391
2024-09-15,0.62,14159500,"SOUTH FORK MCKENZIE RIVER NEAR RAINBOW, OR",44.13595817,-122.248391
2024-09-16,0.66,14159500,"SOUTH FORK MCKENZIE RIVER NEAR RAINBOW, OR",44.13595817,-122.248391
2024-09-17,0.95,14159500,"SOUTH FORK MCKENZIE RIVER NEAR RAINBOW, OR",44.13595817,-122.248391
2024-09-18,0.92,14159500,"SOUTH FORK MCKENZIE RIVER NEAR RAINBOW, OR",44.13595817,-122.248391
2024-09-19,1.01,14159500,"SOUTH FORK MCKENZIE RIVER NEAR RAINBOW, OR",44.13595817,-122.248391
2024-09-20,0.83,14159500,"SOUTH FORK MCKENZIE RIVER NEAR RAINBOW, OR",44.13595817,-122.248391
2024-09-21,0.84,14159500,"SOUTH FORK MCKENZIE RIVER NEAR RAINBOW, OR",44.13595817,-122.248391
2024-09-22,0.99,14159500,"SOUTH FORK MCKENZIE RIVER NEAR RAINBOW, OR",44.13595817,-122.248391
2024-09-23,1.06,14159500,"SOUTH FORK MCKENZIE RIVER NEAR RAINBOW, OR",44.13595817,-122.248391
2024-09-24,1.59,14159500,"SOUTH FORK MCKENZIE RIVER NEAR RAINBOW, OR",44.13595817,-122.248391
2024-09-25,1.13,14159500,"SOUTH FORK MCKENZIE RIVER NEAR RAINBOW, OR",44.13595817,-122.248391
2024-09-26,1.02,14159500,"SOUTH FORK MCKENZIE RIVER NEAR RAINBOW, OR",44.13595817,-122.248391
2024-09-27,1.3,14159500,"SOUTH FORK MCKENZIE RIVER NEAR RAINBOW, OR",44.13595817,-122.248391
2024-09-28,1.21,14159500,"SOUTH FORK MCKENZIE RIVER NEAR RAINBOW, OR",44.13595817,-122.248391
2024-09-29,1.11,14159500,"SOUTH FORK MCKENZIE RIVER NEAR RAINBOW, OR",44.13595817,-122.248391
2024-09-30,1.2,14159500,"SOUTH FORK MCKENZIE RIVER NEAR RAINBOW, OR",44.13595817,-122.248391
2024-01-01,1.78,14181500,"NORTH SANTIAM RIVER AT NIAGARA, OR",44.75377778,-122.2974444
2024-01-02,2.15,14181500,"NORTH SANTIAM RIVER AT NIAGARA, OR",44.75377778,-122.2974444
2024-01-03,2.15,14181500,"NORTH SANTIAM RIVER AT NIAGARA, OR",44.75377778,-122.2974444
2024-01-04,2.07,14181500,"NORTH SANTIAM RIVER AT NIAGARA, OR",44.75377778,-122.2974444
2024-01-05,1.78,14181500,"NORTH SANTIAM RIVER AT NIAGARA, OR",44.75377778,-122.2974444
2024-01-06,1.62,14181500,"NORTH SANTIAM RIVER AT NIAGARA, OR",44.75377778,-122.2974444
2024-01-07,1.73,14181500,"NORTH SANTIAM RIVER AT NIAGARA, OR",44.75377778,-122.2974444
2024-01-08,1.4,14181500,"NORTH SANTIAM RIVER AT NIAGARA, OR",44.75377778,-122.2974444
2024-01-09,1.53,14181500,"NORTH SANTIAM RIVER AT NIAGARA, OR",44.75377778,-122.2974444
2024-01-10,1.57,14181500,"NORTH SANTIAM RIVER AT NIAGARA, OR",44.75377778,-122.2974444
2024-01-11,1.45,14181500,"NORTH SANTIAM RIVER AT NIAGARA, OR",44.75377778,-122.2974444
2024-01-12,1.62,14181500,"NORTH SANTIAM RIVER AT NIAGARA, OR",44.75377778,-122.2974444
2024-01-13,1.66,14181500,"NORTH SANTIAM RIVER AT NIAGARA, OR",44.75377778,-122.2974444
2024-01-14,1.81,14181500,"NORTH SANTIAM RIVER AT NIAGARA, OR",44.75377778,-122.2974444
2024-01-15,1.71,14181500,"NORTH SANTIAM RIVER AT NIAGARA, OR",44.75377778,-122.2974444
2024-01-16,1.79,14181500,"NORTH SANTIAM RIVER AT NIAGARA, OR",44.75377778,-122.2974444
2024-01-17,1.85,14181500,"NORTH SANTIAM RIVER AT NIAGARA, OR",44.75377778,-122.2974444
2024-01-18,1.6,14181500,"NORTH SANTIAM RIVER AT NIAGARA, OR",44.75377778,-122.2974444
2024-01-19,1.58,14181500,"NORTH SANTIAM RIVER AT NIAGARA, OR",44.75377778,-122.2974444
2024-01-20,1.7,14181500,"NORTH SANTIAM RIVER AT NIAGARA, OR",44.75377778,-122.2974444
2024-01-21,1.7,14181500,"NORTH SANTIAM RIVER AT NIAGARA, OR",44.75377778,-122.2974444
2024-01-22,1.56,14181500,"NORTH SANTIAM RIVER AT NIAGARA, OR",44.75377778,-122.2974444
2024-01-23,1.56,14181500,"NORTH SANTIAM RIVER AT NIAGARA, OR",44.75377778,-122.2974444
2024-01-24,1.51,14181500,"NORTH SANTIAM RIVER AT NIAGARA, OR",44.75377778,-122.2974444
2024-01-25,1.36,14181500,"NORTH SANTIAM RIVER AT NIAGARA, OR",44.75377778,-122.2974444
2024-01-26,1.2,14181500,"NORTH SANTIAM RIVER AT NIAGARA, OR",44.75377778,-122.2974444
2024-01-27,1.1,14181500,"NORTH SANTIAM RIVER AT NIAGARA, OR",44.75377778,-122.2974444
2024-01-28,0.94,14181500,"NORTH SANTIAM RIVER AT NIAGARA, OR",44.75377778,-122.2974444
2024-01-29,0.93,14181500,"NORTH SANTIAM RIVER AT NIAGARA, OR",44.75377778,-122.2974444
2024-01-30,1.22,14181500,"NORTH SANTIAM RIVER AT NIAGARA, OR",44.75377778,-122.2974444
2024-01-31,1.66,14181500,"NORTH SANTIAM RIVER AT NIAGARA, OR",44.75377778,-122.2974444
2024-02-01,1.66,14181500,"NORTH SANTIAM RIVER AT NIAGARA, OR",44.75377778,-122.2974444
2024-02-02,1.6,14181500,"NORTH SANTIAM RIVER AT NIAGARA, OR",44.75377778,-122.2974444
2024-02-03,1.59,14181500,"NORTH SANTIAM RIVER AT NIAGARA, OR",44.75377778,-122.2974444
2024-02-04,1.66,14181500,"NORTH SANTIAM RIVER AT NIAGARA, OR",44.75377778,-122.2974444
2024-02-05,1.54,14181500,"NORTH SANTIAM RIVER AT NIAGARA, OR",44.75377778,-122.2974444
2024-02-06,1.4,14181500,"NORTH SANTIAM RIVER AT NIAGARA, OR",44.75377778,-122.2974444
2024-02-07,1.38,14181500,"NORTH SANTIAM RIVER AT NIAGARA, OR",44.75377778,-122.2974444
2024-02-08,1.31,14181500,"NORTH SANTIAM RIVER AT NIAGARA, OR",44.75377778,-122.2974444
2024-02-09,1.26,14181500,"NORTH SANTIAM RIVER AT NIAGARA, OR",44.75377778,-122.2974444
2024-02-10,1.23,14181500,"NORTH SANTIAM RIVER AT NIAGARA, OR",44.75377778,-122.2974444
2024-02-11,1.35,14181500,"NORTH SANTIAM RIVER AT NIAGARA, OR",44.75377778,-122.2974444
2024-02-12,1.36,14181500,"NORTH SANTIAM RIVER AT NIAGARA, OR",44.75377778,-122.2974444
2024-02-13,1.34,14181500,"NORTH SANTIAM RIVER AT NIAGARA, OR",44.75377778,-122.2974444
2024-02-14,1.36,14181500,"NORTH SANTIAM RIVER AT NIAGARA, OR",44.75377778,-122.2974444
2024-02-15,1.4,14181500,"NORTH SANTIAM RIVER AT NIAGARA, OR",44.75377778,-122.2974444
2024-02-16,1.39,14181500,"NORTH SANTIAM RIVER AT NIAGARA, OR",44.75377778,-122.2974444
2024-02-17,1.44,14181500,"NORTH SANTIAM RIVER AT NIAGARA, OR",44.75377778,-122.2974444
2024-02-18,1.33,14181500,"NORTH SANTIAM RIVER AT NIAGARA, OR",44.75377778,-122.2974444
2024-02-19,1.55,14181500,"NORTH SANTIAM RIVER AT NIAGARA, OR",44.75377778,-122.2974444
2024-02-20,1.42,14181500,"NORTH SANTIAM RIVER AT NIAGARA, OR",44.75377778,-122.2974444
2024-02-21,1.36,14181500,"NORTH SANTIAM RIVER AT NIAGARA, OR",44.75377778,-122.2974444
2024-02-22,1.47,14181500,"NORTH SANTIAM RIVER AT NIAGARA, OR",44.75377778,-122.2974444
2024-02-23,1.32,14181500,"NORTH SANTIAM RIVER AT NIAGARA, OR",44.75377778,-122.2974444
2024-02-24,1.46,14181500,"NORTH SANTIAM RIVER AT NIAGARA, OR",44.75377778,-122.2974444
2024-02-25,1.47,14181500,"NORTH SANTIAM RIVER AT NIAGARA, OR",44.75377778,-122.2974444
2024-02-26,1.51,14181500,"NORTH SANTIAM RIVER AT NIAGARA, OR",44.75377778,-122.2974444
2024-02-27,1.31,14181500,"NORTH SANTIAM RIVER AT NIAGARA, OR",44.75377778,-122.2974444
2024-02-28,1.16,14181500,"NORTH SANTIAM RIVER AT NIAGARA, OR",44.75377778,-122.2974444
2024-02-29,1.22,14181500,"NORTH SANTIAM RIVER AT NIAGARA, OR",44.75377778,-122.2974444
2024-03-01,1.21,14181500,"NORTH SANTIAM RIVER AT NIAGARA, OR",44.75377778,-122.2974444
2024-03-02,1.29,14181500,"NORTH SANTIAM RIVER AT NIAGARA, OR",44.75377778,-122.2974444
2024-03-03,1.4,14181500,"NORTH SANTIAM RIVER AT NIAGARA, OR",44.75377778,-122.2974444
2024-03-04,1.29,14181500,"NORTH SANTIAM RIVER AT NIAGARA, OR",44.75377778,-122.2974444
2024-03-05,1.25,14181500,"NORTH SANTIAM RIVER AT NIAGARA, OR",44.75377778,-122.2974444
2024-03-06,1.23,14181500,"NORTH SANTIAM RIVER AT NIAGARA, OR",44.75377778,-122.2974444
2024-03-07,1.3,14181500,"NORTH SANTIAM RIVER AT NIAGARA, OR",44.75377778,-122.2974444
2024-03-08,1.37,14181500,"NORTH SANTIAM RIVER AT NIAGARA, OR",44.75377778,-122.2974444
2024-03-09,1.56,14181500,"NORTH SANTIAM RIVER AT NIAGARA, OR",44.75377778,-122.2974444
2024-03-10,1.54,14181500,"NORTH SANTIAM RIVER AT NIAGARA, OR",44.75377778,-122.2974444
2024-03-11,1.47,14181500,"NORTH SANTIAM RIVER AT NIAGARA, OR",44.75377778,-122.2974444
2024-03-12,1.4,14181500,"NORTH SANTIAM RIVER AT NIAGARA, OR",44.75377778,-122.2974444
2024-03-13,1.3,14181500,"NORTH SANTIAM RIVER AT NIAGARA, OR",44.75377778,-122.2974444
2024-03-14,1.24,14181500,"NORTH SANTIAM RIVER AT NIAGARA, OR",44.75377778,-122.2974444
2024-03-15,1.88,14181500,"NORTH SANTIAM RIVER AT NIAGARA, OR",44.75377778,-122.2974444
2024-03-16,2.05,14181500,"NORTH SANTIAM RIVER AT NIAGARA, OR",44.75377778,-122.2974444
2024-03-17,2.51,14181500,"NORTH SANTIAM RIVER AT NIAGARA, OR",44.75377778,-122.2974444
2024-03-18,2.31,14181500,"NORTH SANTIAM RIVER AT NIAGARA, OR",44.75377778,-122.2974444
2024-03-19,2.15,14181500,"NORTH SANTIAM RIVER AT NIAGARA, OR",44.75377778,-122.2974444
2024-03-20,2.01,14181500,"NORTH SANTIAM RIVER AT NIAGARA, OR",44.75377778,-122.2974444
2024-03-21,1.38,14181500,"NORTH SANTIAM RIVER AT NIAGARA, OR",44.75377778,-122.2974444
2024-03-22,1.81,14181500,"NORTH SANTIAM RIVER AT NIAGARA, OR",44.75377778,-122.2974444
2024-03-23,2.89,14181500,"NORTH SANTIAM RIVER AT NIAGARA, OR",44.75377778,-122.2974444
2024-03-24,1.64,14181500,"NORTH SANTIAM RIVER AT NIAGARA, OR",44.75377778,-122.2974444
2024-03-25,1.64,14181500,"NORTH SANTIAM RIVER AT NIAGARA, OR",44.75377778,-122.2974444
2024-03-26,1.74,14181500,"NORTH SANTIAM RIVER AT NIAGARA, OR",44.75377778,-122.2974444
2024-03-27,1.61,14181500,"NORTH SANTIAM RIVER AT NIAGARA, OR",44.75377778,-122.2974444
2024-03-28,2.86,14181500,"NORTH SANTIAM RIVER AT NIAGARA, OR",44.75377778,-122.2974444
2024-03-29,2.58,14181500,"NORTH SANTIAM RIVER AT NIAGARA, OR",44.75377778,-122.2974444
2024-03-30,2.12,14181500,"NORTH SANTIAM RIVER AT NIAGARA, OR",44.75377778,-122.2974444
2024-03-31,2.26,14181500,"NORTH SANTIAM RIVER AT NIAGARA, OR",44.75377778,-122.2974444
2024-04-01,2.21,14181500,"NORTH SANTIAM RIVER AT NIAGARA, OR",44.75377778,-122.2974444
2024-04-02,1.97,14181500,"NORTH SANTIAM RIVER AT NIAGARA, OR",44.75377778,-122.2974444
2024-04-03,2.28,14181500,"NORTH SANTIAM RIVER AT NIAGARA, OR",44.75377778,-122.2974444
2024-04-04,2.33,14181500,"NORTH SANTIAM RIVER AT NIAGARA, OR",44.75377778,-122.2974444
2024-04-05,3.0,14181500,"NORTH SANTIAM RIVER AT NIAGARA, OR",44.75377778,-122.2974444
2024-04-06,4.94,14181500,"NORTH SANTIAM RIVER AT NIAGARA, OR",44.75377778,-122.2974444
2024-04-07,5.27,14181500,"NORTH SANTIAM RIVER AT NIAGARA, OR",44.75377778,-122.2974444
2024-04-08,4.91,14181500,"NORTH SANTIAM RIVER AT NIAGARA, OR",44.75377778,-122.2974444
2024-04-09,5.66,14181500,"NORTH SANTIAM RIVER AT NIAGARA, OR",44.75377778,-122.2974444
2024-04-10,4.81,14181500,"NORTH SANTIAM RIVER AT NIAGARA, OR",44.75377778,-122.2974444
2024-04-11,5.53,14181500,"NORTH SANTIAM RIVER AT NIAGARA, OR",44.75377778,-122.2974444
2024-04-19,2.22,14181500,"NORTH SANTIAM RIVER AT NIAGARA, OR",44.75377778,-122.2974444
2024-04-20,2.16,14181500,"NORTH SANTIAM RIVER AT NIAGARA, OR",44.75377778,-122.2974444
2024-04-21,2.33,14181500,"NORTH SANTIAM RIVER AT NIAGARA, OR",44.75377778,-122.2974444
2024-04-22,2.8,14181500,"NORTH SANTIAM RIVER AT NIAGARA, OR",44.75377778,-122.2974444
2024-04-23,2.64,14181500,"NORTH SANTIAM RIVER AT NIAGARA, OR",44.75377778,-122.2974444
2024-04-24,2.12,14181500,"NORTH SANTIAM RIVER AT NIAGARA, OR",44.75377778,-122.2974444
2024-04-25,1.97,14181500,"NORTH SANTIAM RIVER AT NIAGARA, OR",44.75377778,-122.2974444
2024-01-01,0.12,14182500,"LITTLE NORTH SANTIAM RIVER NEAR MEHAMA, OR",44.7915108,-122.5789738
2024-01-02,0.18,14182500,"LITTLE NORTH SANTIAM RIVER NEAR MEHAMA, OR",44.7915108,-122.5789738
2024-01-03,0.17,14182500,"LITTLE NORTH SANTIAM RIVER NEAR MEHAMA, OR",44.7915108,-122.5789738
2024-01-04,0.16,14182500,"LITTLE NORTH SANTIAM RIVER NEAR MEHAMA, OR",44.7915108,-122.5789738
2024-01-05,0.15,14182500,"LITTLE NORTH SANTIAM RIVER NEAR MEHAMA, OR",44.7915108,-122.5789738
2024-01-06,0.07,14182500,"LITTLE NORTH SANTIAM RIVER NEAR MEHAMA, OR",44.7915108,-122.5789738
2024-01-07,0.19,14182500,"LITTLE NORTH SANTIAM RIVER NEAR MEHAMA, OR",44.7915108,-122.5789738
2024-01-08,0.08,14182500,"LITTLE NORTH SANTIAM RIVER NEAR MEHAMA, OR",44.7915108,-122.5789738
2024-01-09,1.62,14182500,"LITTLE NORTH SANTIAM RIVER NEAR MEHAMA, OR",44.7915108,-122.5789738
2024-01-10,0.16,14182500,"LITTLE NORTH SANTIAM RIVER NEAR MEHAMA, OR",44.7915108,-122.5789738
2024-01-11,0.42,14182500,"LITTLE NORTH SANTIAM RIVER NEAR MEHAMA, OR",44.7915108,-122.5789738
2024-01-12,0.17,14182500,"LITTLE NORTH SANTIAM RIVER NEAR MEHAMA, OR",44.7915108,-122.5789738
2024-01-13,0.19,14182500,"LITTLE NORTH SANTIAM RIVER NEAR MEHAMA, OR",44.7915108,-122.5789738
2024-01-14,0.19,14182500,"LITTLE NORTH SANTIAM RIVER NEAR MEHAMA, OR",44.7915108,-122.5789738
2024-01-15,0.17,14182500,"LITTLE NORTH SANTIAM RIVER NEAR MEHAMA, OR",44.7915108,-122.5789738
2024-01-16,0.17,14182500,"LITTLE NORTH SANTIAM RIVER NEAR MEHAMA, OR",44.7915108,-122.5789738
2024-01-17,1.35,14182500,"LITTLE NORTH SANTIAM RIVER NEAR MEHAMA, OR",44.7915108,-122.5789738
2024-01-18,0.53,14182500,"LITTLE NORTH SANTIAM RIVER NEAR MEHAMA, OR",44.7915108,-122.5789738
2024-01-19,0.13,14182500,"LITTLE NORTH SANTIAM RIVER NEAR MEHAMA, OR",44.7915108,-122.5789738
2024-01-20,0.19,14182500,"LITTLE NORTH SANTIAM RIVER NEAR MEHAMA, OR",44.7915108,-122.5789738
2024-01-21,0.17,14182500,"LITTLE NORTH SANTIAM RIVER NEAR MEHAMA, OR",44.7915108,-122.5789738
2024-01-22,0.42,14182500,"LITTLE NORTH SANTIAM RIVER NEAR MEHAMA, OR",44.7915108,-122.5789738
2024-01-23,0.19,14182500,"LITTLE NORTH SANTIAM RIVER NEAR MEHAMA, OR",44.7915108,-122.5789738
2024-01-24,0.09,14182500,"LITTLE NORTH SANTIAM RIVER NEAR MEHAMA, OR",44.7915108,-122.5789738
2024-01-25,0.09,14182500,"LITTLE NORTH SANTIAM RIVER NEAR MEHAMA, OR",44.7915108,-122.5789738
2024-01-26,0.31,14182500,"LITTLE NORTH SANTIAM RIVER NEAR MEHAMA, OR",44.7915108,-122.5789738
2024-01-27,2.45,14182500,"LITTLE NORTH SANTIAM RIVER NEAR MEHAMA, OR",44.7915108,-122.5789738
2024-01-28,0.15,14182500,"LITTLE NORTH SANTIAM RIVER NEAR MEHAMA, OR",44.7915108,-122.5789738
2024-01-29,0.04,14182500,"LITTLE NORTH SANTIAM RIVER NEAR MEHAMA, OR",44.7915108,-122.5789738
2024-01-30,-0.02,14182500,"LITTLE NORTH SANTIAM RIVER NEAR MEHAMA, OR",44.7915108,-122.5789738
2024-01-31,0.04,14182500,"LITTLE NORTH SANTIAM RIVER NEAR MEHAMA, OR",44.7915108,-122.5789738
2024-02-01,0.02,14182500,"LITTLE NORTH SANTIAM RIVER NEAR MEHAMA, OR",44.7915108,-122.5789738
2024-02-02,0.01,14182500,"LITTLE NORTH SANTIAM RIVER NEAR MEHAMA, OR",44.7915108,-122.5789738
2024-02-03,0.0,14182500,"LITTLE NORTH SANTIAM RIVER NEAR MEHAMA, OR",44.7915108,-122.5789738
2024-02-04,0.01,14182500,"LITTLE NORTH SANTIAM RIVER NEAR MEHAMA, OR",44.7915108,-122.5789738
2024-02-05,0.03,14182500,"LITTLE NORTH SANTIAM RIVER NEAR MEHAMA, OR",44.7915108,-122.5789738
2024-02-06,0.09,14182500,"LITTLE NORTH SANTIAM RIVER NEAR MEHAMA, OR",44.7915108,-122.5789738
2024-02-07,0.05,14182500,"LITTLE NORTH SANTIAM RIVER NEAR MEHAMA, OR",44.7915108,-122.5789738
2024-02-08,0.08,14182500,"LITTLE NORTH SANTIAM RIVER NEAR MEHAMA, OR",44.7915108,-122.5789738
2024-02-09,0.11,14182500,"LITTLE NORTH SANTIAM RIVER NEAR MEHAMA, OR",44.7915108,-122.5789738
2024-02-10,0.11,14182500,"LITTLE NORTH SANTIAM RIVER NEAR MEHAMA, OR",44.7915108,-122.5789738
2024-02-11,0.04,14182500,"LITTLE NORTH SANTIAM RIVER NEAR MEHAMA, OR",44.7915108,-122.5789738
2024-02-12,0.04,14182500,"LITTLE NORTH SANTIAM RIVER NEAR MEHAMA, OR",44.7915108,-122.5789738
2024-02-13,0.12,14182500,"LITTLE NORTH SANTIAM RIVER NEAR MEHAMA, OR",44.7915108,-122.5789738
2024-02-14,0.11,14182500,"LITTLE NORTH SANTIAM RIVER NEAR MEHAMA, OR",44.7915108,-122.5789738
2024-02-15,0.15,14182500,"LITTLE NORTH SANTIAM RIVER NEAR MEHAMA, OR",44.7915108,-122.5789738
2024-02-16,0.15,14182500,"LITTLE NORTH SANTIAM RIVER NEAR MEHAMA, OR",44.7915108,-122.5789738
2024-02-17,0.13,14182500,"LITTLE NORTH SANTIAM RIVER NEAR MEHAMA, OR",44.7915108,-122.5789738
2024-02-18,0.08,14182500,"LITTLE NORTH SANTIAM RIVER NEAR MEHAMA, OR",44.7915108,-122.5789738
2024-02-19,0.07,14182500,"LITTLE NORTH SANTIAM RIVER NEAR MEHAMA, OR",44.7915108,-122.5789738
2024-02-20,0.15,14182500,"LITTLE NORTH SANTIAM RIVER NEAR MEHAMA, OR",44.7915108,-122.5789738
2024-02-21,0.23,14182500,"LITTLE NORTH SANTIAM RIVER NEAR MEHAMA, OR",44.7915108,-122.5789738
2024-02-22,0.22,14182500,"LITTLE NORTH SANTIAM RIVER NEAR MEHAMA, OR",44.7915108,-122.5789738
2024-02-23,0.11,14182500,"LITTLE NORTH SANTIAM RIVER NEAR MEHAMA, OR",44.7915108,-122.5789738
2024-02-24,0.1,14182500,"LITTLE NORTH SANTIAM RIVER NEAR MEHAMA, OR",44.7915108,-122.5789738
2024-02-25,0.21,14182500,"LITTLE NORTH SANTIAM RIVER NEAR MEHAMA, OR",44.7915108,-122.5789738
2024-02-26,1.44,14182500,"LITTLE NORTH SANTIAM RIVER NEAR MEHAMA, OR",44.7915108,-122.5789738
2024-02-27,0.5,14182500,"LITTLE NORTH SANTIAM RIVER NEAR MEHAMA, OR",44.7915108,-122.5789738
2024-02-28,0.84,14182500,"LITTLE NORTH SANTIAM RIVER NEAR MEHAMA, OR",44.7915108,-122.5789738
2024-02-29,2.08,14182500,"LITTLE NORTH SANTIAM RIVER NEAR MEHAMA, OR",44.7915108,-122.5789738
2024-03-01,0.4,14182500,"LITTLE NORTH SANTIAM RIVER NEAR MEHAMA, OR",44.7915108,-122.5789738
2024-03-02,0.92,14182500,"LITTLE NORTH SANTIAM RIVER NEAR MEHAMA, OR",44.7915108,-122.5789738
2024-03-03,0.3,14182500,"LITTLE NORTH SANTIAM RIVER NEAR MEHAMA, OR",44.7915108,-122.5789738
2024-03-04,0.17,14182500,"LITTLE NORTH SANTIAM RIVER NEAR MEHAMA, OR",44.7915108,-122.5789738
2024-03-05,0.12,14182500,"LITTLE NORTH SANTIAM RIVER NEAR MEHAMA, OR",44.7915108,-122.5789738
2024-03-06,0.17,14182500,"LITTLE NORTH SANTIAM RIVER NEAR MEHAMA, OR",44.7915108,-122.5789738
2024-03-07,0.13,14182500,"LITTLE NORTH SANTIAM RIVER NEAR MEHAMA, OR",44.7915108,-122.5789738
2024-03-08,0.13,14182500,"LITTLE NORTH SANTIAM RIVER NEAR MEHAMA, OR",44.7915108,-122.5789738
2024-03-09,0.19,14182500,"LITTLE NORTH SANTIAM RIVER NEAR MEHAMA, OR",44.7915108,-122.5789738
2024-03-10,0.38,14182500,"LITTLE NORTH SANTIAM RIVER NEAR MEHAMA, OR",44.7915108,-122.5789738
2024-03-11,0.38,14182500,"LITTLE NORTH SANTIAM RIVER NEAR MEHAMA, OR",44.7915108,-122.5789738
2024-03-12,0.6,14182500,"LITTLE NORTH SANTIAM RIVER NEAR MEHAMA, OR",44.7915108,-122.5789738
2024-03-13,0.33,14182500,"LITTLE NORTH SANTIAM RIVER NEAR MEHAMA, OR",44.7915108,-122.5789738
2024-03-14,0.26,14182500,"LITTLE NORTH SANTIAM RIVER NEAR MEHAMA, OR",44.7915108,-122.5789738
2024-03-15,0.27,14182500,"LITTLE NORTH SANTIAM RIVER NEAR MEHAMA, OR",44.7915108,-122.5789738
2024-03-16,0.27,14182500,"LITTLE NORTH SANTIAM RIVER NEAR MEHAMA, OR",44.7915108,-122.5789738
2024-03-17,0.35,14182500,"LITTLE NORTH SANTIAM RIVER NEAR MEHAMA, OR",44.7915108,-122.5789738
2024-03-18,0.42,14182500,"LITTLE NORTH SANTIAM RIVER NEAR MEHAMA, OR",44.7915108,-122.5789738
2024-03-19,0.45,14182500,"LITTLE NORTH SANTIAM RIVER NEAR MEHAMA, OR",44.7915108,-122.5789738
2024-03-20,0.39,14182500,"LITTLE NORTH SANTIAM RIVER NEAR MEHAMA, OR",44.7915108,-122.5789738
2024-03-21,0.37,14182500,"LITTLE NORTH SANTIAM RIVER NEAR MEHAMA, OR",44.7915108,-122.5789738
2024-03-22,0.49,14182500,"LITTLE NORTH SANTIAM RIVER NEAR MEHAMA, OR",44.7915108,-122.5789738
2024-03-23,0.44,14182500,"LITTLE NORTH SANTIAM RIVER NEAR MEHAMA, OR",44.7915108,-122.5789738
2024-03-24,0.62,14182500,"LITTLE NORTH SANTIAM RIVER NEAR MEHAMA, OR",44.7915108,-122.5789738
2024-03-25,0.62,14182500,"LITTLE NORTH SANTIAM RIVER NEAR MEHAMA, OR",44.7915108,-122.5789738
2024-03-26,1.12,14182500,"LITTLE NORTH SANTIAM RIVER NEAR MEHAMA, OR",44.7915108,-122.5789738
2024-03-27,1.97,14182500,"LITTLE NORTH SANTIAM RIVER NEAR MEHAMA, OR",44.7915108,-122.5789738
2024-03-28,0.74,14182500,"LITTLE NORTH SANTIAM RIVER NEAR MEHAMA, OR",44.7915108,-122.5789738
2024-03-29,0.49,14182500,"LITTLE NORTH SANTIAM RIVER NEAR MEHAMA, OR",44.7915108,-122.5789738
2024-03-30,0.46,14182500,"LITTLE NORTH SANTIAM RIVER NEAR MEHAMA, OR",44.7915108,-122.5789738
2024-03-31,1.57,14182500,"LITTLE NORTH SANTIAM RIVER NEAR MEHAMA, OR",44.7915108,-122.5789738
2024-04-01,0.71,14182500,"LITTLE NORTH SANTIAM RIVER NEAR MEHAMA, OR",44.7915108,-122.5789738
2024-04-02,0.83,14182500,"LITTLE NORTH SANTIAM RIVER NEAR MEHAMA, OR",44.7915108,-122.5789738
2024-04-03,0.86,14182500,"LITTLE NORTH SANTIAM RIVER NEAR MEHAMA, OR",44.7915108,-122.5789738
2024-04-04,0.89,14182500,"LITTLE NORTH SANTIAM RIVER NEAR MEHAMA, OR",44.7915108,-122.5789738
2024-04-05,1.33,14182500,"LITTLE NORTH SANTIAM RIVER NEAR MEHAMA, OR",44.7915108,-122.5789738
2024-04-06,1.3,14182500,"LITTLE NORTH SANTIAM RIVER NEAR MEHAMA, OR",44.7915108,-122.5789738
2024-04-07,1.06,14182500,"LITTLE NORTH SANTIAM RIVER NEAR MEHAMA, OR",44.7915108,-122.5789738
2024-04-08,0.98,14182500,"LITTLE NORTH SANTIAM RIVER NEAR MEHAMA, OR",44.7915108,-122.5789738
2024-04-09,0.9,14182500,"LITTLE NORTH SANTIAM RIVER NEAR MEHAMA, OR",44.7915108,-122.5789738
2024-04-10,1.01,14182500,"LITTLE NORTH SANTIAM RIVER NEAR MEHAMA, OR",44.7915108,-122.5789738
2024-04-11,1.44,14182500,"LITTLE NORTH SANTIAM RIVER NEAR MEHAMA, OR",44.7915108,-122.5789738
2024-04-12,1.53,14182500,"LITTLE NORTH SANTIAM RIVER NEAR MEHAMA, OR",44.7915108,-122.5789738
2024-04-13,3.12,14182500,"LITTLE NORTH SANTIAM RIVER NEAR MEHAMA, OR",44.7915108,-122.5789738
2024-04-14,3.01,14182500,"LITTLE NORTH SANTIAM RIVER NEAR MEHAMA, OR",44.7915108,-122.5789738
2024-04-15,2.07,14182500,"LITTLE NORTH SANTIAM RIVER NEAR MEHAMA, OR",44.7915108,-122.5789738
2024-04-16,2.01,14182500,"LITTLE NORTH SANTIAM RIVER NEAR MEHAMA, OR",44.7915108,-122.5789738
2024-04-17,1.68,14182500,"LITTLE NORTH SANTIAM RIVER NEAR MEHAMA, OR",44.7915108,-122.5789738
2024-04-18,3.87,14182500,"LITTLE NORTH SANTIAM RIVER NEAR MEHAMA, OR",44.7915108,-122.5789738
2024-04-19,3.76,14182500,"LITTLE NORTH SANTIAM RIVER NEAR MEHAMA, OR",44.7915108,-122.5789738
2024-04-20,1.95,14182500,"LITTLE NORTH SANTIAM RIVER NEAR MEHAMA, OR",44.7915108,-122.5789738
2024-04-21,1.73,14182500,"LITTLE NORTH SANTIAM RIVER NEAR MEHAMA, OR",44.7915108,-122.5789738
2024-04-22,2.19,14182500,"LITTLE NORTH SANTIAM RIVER NEAR MEHAMA, OR",44.7915108,-122.5789738
2024-04-23,3.41,14182500,"LITTLE NORTH SANTIAM RIVER NEAR MEHAMA, OR",44.7915108,-122.5789738
2024-04-24,2.6,14182500,"LITTLE NORTH SANTIAM RIVER NEAR MEHAMA, OR",44.7915108,-122.5789738
2024-04-25,3.76,14182500,"LITTLE NORTH SANTIAM RIVER NEAR MEHAMA, OR",44.7915108,-122.5789738
2024-04-26,62.82,14182500,"LITTLE NORTH SANTIAM RIVER NEAR MEHAMA, OR",44.7915108,-122.5789738
2024-04-27,2.36,14182500,"LITTLE NORTH SANTIAM RIVER NEAR MEHAMA, OR",44.7915108,-122.5789738
2024-04-28,1.21,14182500,"LITTLE NORTH SANTIAM RIVER NEAR MEHAMA, OR",44.7915108,-122.5789738
2024-04-29,1.2,14182500,"LITTLE NORTH SANTIAM RIVER NEAR MEHAMA, OR",44.7915108,-122.5789738
2024-04-30,1.09,14182500,"LITTLE NORTH SANTIAM RIVER NEAR MEHAMA, OR",44.7915108,-122.5789738
2024-05-01,1.51,14182500,"LITTLE NORTH SANTIAM RIVER NEAR MEHAMA, OR",44.7915108,-122.5789738
2024-05-02,0.98,14182500,"LITTLE NORTH SANTIAM RIVER NEAR MEHAMA, OR",44.7915108,-122.5789738
2024-05-03,0.87,14182500,"LITTLE NORTH SANTIAM RIVER NEAR MEHAMA, OR",44.7915108,-122.5789738
2024-05-04,0.82,14182500,"LITTLE NORTH SANTIAM RIVER NEAR MEHAMA, OR",44.7915108,-122.5789738
2024-05-05,3.56,14182500,"LITTLE NORTH SANTIAM RIVER NEAR MEHAMA, OR",44.7915108,-122.5789738
2024-05-06,2.48,14182500,"LITTLE NORTH SANTIAM RIVER NEAR MEHAMA, OR",44.7915108,-122.5789738
2024-05-07,0.5,14182500,"LITTLE NORTH SANTIAM RIVER NEAR MEHAMA, OR",44.7915108,-122.5789738
2024-05-08,0.43,14182500,"LITTLE NORTH SANTIAM RIVER NEAR MEHAMA, OR",44.7915108,-122.5789738
2024-05-09,0.4,14182500,"LITTLE NORTH SANTIAM RIVER NEAR MEHAMA, OR",44.7915108,-122.5789738
2024-05-10,0.44,14182500,"LITTLE NORTH SANTIAM RIVER NEAR MEHAMA, OR",44.7915108,-122.5789738
2024-05-11,0.75,14182500,"LITTLE NORTH SANTIAM RIVER NEAR MEHAMA, OR",44.7915108,-122.5789738
2024-05-12,0.82,14182500,"LITTLE NORTH SANTIAM RIVER NEAR MEHAMA, OR",44.7915108,-122.5789738
2024-05-13,3.32,14182500,"LITTLE NORTH SANTIAM RIVER NEAR MEHAMA, OR",44.7915108,-122.5789738
2024-05-14,2.58,14182500,"LITTLE NORTH SANTIAM RIVER NEAR MEHAMA, OR",44.7915108,-122.5789738
2024-05-15,0.95,14182500,"LITTLE NORTH SANTIAM RIVER NEAR MEHAMA, OR",44.7915108,-122.5789738
2024-05-16,1.03,14182500,"LITTLE NORTH SANTIAM RIVER NEAR MEHAMA, OR",44.7915108,-122.5789738
2024-05-17,3.24,14182500,"LITTLE NORTH SANTIAM RIVER NEAR MEHAMA, OR",44.7915108,-122.5789738
2024-05-18,1.06,14182500,"LITTLE NORTH SANTIAM RIVER NEAR MEHAMA, OR",44.7915108,-122.5789738
2024-05-19,4.08,14182500,"LITTLE NORTH SANTIAM RIVER NEAR MEHAMA, OR",44.7915108,-122.5789738
2024-05-20,1.53,14182500,"LITTLE NORTH SANTIAM RIVER NEAR MEHAMA, OR",44.7915108,-122.5789738
2024-05-21,1.51,14182500,"LITTLE NORTH SANTIAM RIVER NEAR MEHAMA, OR",44.7915108,-122.5789738
2024-05-22,1.14,14182500,"LITTLE NORTH SANTIAM RIVER NEAR MEHAMA, OR",44.7915108,-122.5789738
2024-05-23,1.23,14182500,"LITTLE NORTH SANTIAM RIVER NEAR MEHAMA, OR",44.7915108,-122.5789738
2024-05-24,1.26,14182500,"LITTLE NORTH SANTIAM RIVER NEAR MEHAMA, OR",44.7915108,-122.5789738
2024-05-25,0.98,14182500,"LITTLE NORTH SANTIAM RIVER NEAR MEHAMA, OR",44.7915108,-122.5789738
2024-05-26,0.74,14182500,"LITTLE NORTH SANTIAM RIVER NEAR MEHAMA, OR",44.7915108,-122.5789738
2024-05-27,0.89,14182500,"LITTLE NORTH SANTIAM RIVER NEAR MEHAMA, OR",44.7915108,-122.5789738
2024-05-28,1.18,14182500,"LITTLE NORTH SANTIAM RIVER NEAR MEHAMA, OR",44.7915108,-122.5789738
2024-05-29,0.67,14182500,"LITTLE NORTH SANTIAM RIVER NEAR MEHAMA, OR",44.7915108,-122.5789738
2024-05-30,0.54,14182500,"LITTLE NORTH SANTIAM RIVER NEAR MEHAMA, OR",44.7915108,-122.5789738
2024-05-31,0.41,14182500,"LITTLE NORTH SANTIAM RIVER NEAR MEHAMA, OR",44.7915108,-122.5789738
2024-06-01,0.4,14182500,"LITTLE NORTH SANTIAM RIVER NEAR MEHAMA, OR",44.7915108,-122.5789738
2024-06-02,2.67,14182500,"LITTLE NORTH SANTIAM RIVER NEAR MEHAMA, OR",44.7915108,-122.5789738
2024-06-03,2.95,14182500,"LITTLE NORTH SANTIAM RIVER NEAR MEHAMA, OR",44.7915108,-122.5789738
2024-06-04,0.22,14182500,"LITTLE NORTH SANTIAM RIVER NEAR MEHAMA, OR",44.7915108,-122.5789738
2024-06-05,0.18,14182500,"LITTLE NORTH SANTIAM RIVER NEAR MEHAMA, OR",44.7915108,-122.5789738
2024-06-06,0.05,14182500,"LITTLE NORTH SANTIAM RIVER NEAR MEHAMA, OR",44.7915108,-122.5789738
2024-06-07,0.02,14182500,"LITTLE NORTH SANTIAM RIVER NEAR MEHAMA, OR",44.7915108,-122.5789738
2024-06-08,0.04,14182500,"LITTLE NORTH SANTIAM RIVER NEAR MEHAMA, OR",44.7915108,-122.5789738
2024-06-09,0.07,14182500,"LITTLE NORTH SANTIAM RIVER NEAR MEHAMA, OR",44.7915108,-122.5789738
2024-06-10,0.11,14182500,"LITTLE NORTH SANTIAM RIVER NEAR MEHAMA, OR",44.7915108,-122.5789738
2024-06-11,0.36,14182500,"LITTLE NORTH SANTIAM RIVER NEAR MEHAMA, OR",44.7915108,-122.5789738
2024-06-12,0.09,14182500,"LITTLE NORTH SANTIAM RIVER NEAR MEHAMA, OR",44.7915108,-122.5789738
2024-06-13,0.14,14182500,"LITTLE NORTH SANTIAM RIVER NEAR MEHAMA, OR",44.7915108,-122.5789738
2024-06-14,0.19,14182500,"LITTLE NORTH SANTIAM RIVER NEAR MEHAMA, OR",44.7915108,-122.5789738
2024-06-15,0.26,14182500,"LITTLE NORTH SANTIAM RIVER NEAR MEHAMA, OR",44.7915108,-122.5789738
2024-06-16,0.17,14182500,"LITTLE NORTH SANTIAM RIVER NEAR MEHAMA, OR",44.7915108,-122.5789738
2024-06-17,0.18,14182500,"LITTLE NORTH SANTIAM RIVER NEAR MEHAMA, OR",44.7915108,-122.5789738
2024-06-18,0.09,14182500,"LITTLE NORTH SANTIAM RIVER NEAR MEHAMA, OR",44.7915108,-122.5789738
2024-06-19,0.1,14182500,"LITTLE NORTH SANTIAM RIVER NEAR MEHAMA, OR",44.7915108,-122.5789738
2024-06-20,0.17,14182500,"LITTLE NORTH SANTIAM RIVER NEAR MEHAMA, OR",44.7915108,-122.5789738
2024-06-21,0.15,14182500,"LITTLE NORTH SANTIAM RIVER NEAR MEHAMA, OR",44.7915108,-122.5789738
2024-06-22,0.2,14182500,"LITTLE NORTH SANTIAM RIVER NEAR MEHAMA, OR",44.7915108,-122.5789738
2024-06-23,0.15,14182500,"LITTLE NORTH SANTIAM RIVER NEAR MEHAMA, OR",44.7915108,-122.5789738
2024-06-24,0.17,14182500,"LITTLE NORTH SANTIAM RIVER NEAR MEHAMA, OR",44.7915108,-122.5789738
2024-06-25,0.18,14182500,"LITTLE NORTH SANTIAM RIVER NEAR MEHAMA, OR",44.7915108,-122.5789738
2024-06-26,0.02,14182500,"LITTLE NORTH SANTIAM RIVER NEAR MEHAMA, OR",44.7915108,-122.5789738
2024-06-27,0.04,14182500,"LITTLE NORTH SANTIAM RIVER NEAR MEHAMA, OR",44.7915108,-122.5789738
2024-06-28,0.05,14182500,"LITTLE NORTH SANTIAM RIVER NEAR MEHAMA, OR",44.7915108,-122.5789738
2024-06-29,0.2,14182500,"LITTLE NORTH SANTIAM RIVER NEAR MEHAMA, OR",44.7915108,-122.5789738
2024-06-30,0.04,14182500,"LITTLE NORTH SANTIAM RIVER NEAR MEHAMA, OR",44.7915108,-122.5789738
2024-07-01,0.0,14182500,"LITTLE NORTH SANTIAM RIVER NEAR MEHAMA, OR",44.7915108,-122.5789738
2024-07-02,0.03,14182500,"LITTLE NORTH SANTIAM RIVER NEAR MEHAMA, OR",44.7915108,-122.5789738
2024-07-03,0.01,14182500,"LITTLE NORTH SANTIAM RIVER NEAR MEHAMA, OR",44.7915108,-122.5789738
2024-07-04,0.02,14182500,"LITTLE NORTH SANTIAM RIVER NEAR MEHAMA, OR",44.7915108,-122.5789738
2024-07-05,0.04,14182500,"LITTLE NORTH SANTIAM RIVER NEAR MEHAMA, OR",44.7915108,-122.5789738
2024-07-06,0.14,14182500,"LITTLE NORTH SANTIAM RIVER NEAR MEHAMA, OR",44.7915108,-122.5789738
2024-07-07,0.06,14182500,"LITTLE NORTH SANTIAM RIVER NEAR MEHAMA, OR",44.7915108,-122.5789738
2024-07-08,0.12,14182500,"LITTLE NORTH SANTIAM RIVER NEAR MEHAMA, OR",44.7915108,-122.5789738
2024-07-09,0.1,14182500,"LITTLE NORTH SANTIAM RIVER NEAR MEHAMA, OR",44.7915108,-122.5789738
2024-07-10,0.19,14182500,"LITTLE NORTH SANTIAM RIVER NEAR MEHAMA, OR",44.7915108,-122.5789738
2024-07-11,0.34,14182500,"LITTLE NORTH SANTIAM RIVER NEAR MEHAMA, OR",44.7915108,-122.5789738
2024-07-12,0.57,14182500,"LITTLE NORTH SANTIAM RIVER NEAR MEHAMA, OR",44.7915108,-122.5789738
2024-07-13,0.32,14182500,"LITTLE NORTH SANTIAM RIVER NEAR MEHAMA, OR",44.7915108,-122.5789738
2024-07-14,0.33,14182500,"LITTLE NORTH SANTIAM RIVER NEAR MEHAMA, OR",44.7915108,-122.5789738
2024-07-15,0.18,14182500,"LITTLE NORTH SANTIAM RIVER NEAR MEHAMA, OR",44.7915108,-122.5789738
2024-07-16,0.99,14182500,"LITTLE NORTH SANTIAM RIVER NEAR MEHAMA, OR",44.7915108,-122.5789738
2024-07-17,0.19,14182500,"LITTLE NORTH SANTIAM RIVER NEAR MEHAMA, OR",44.7915108,-122.5789738
2024-07-18,0.61,14182500,"LITTLE NORTH SANTIAM RIVER NEAR MEHAMA, OR",44.7915108,-122.5789738
2024-07-19,0.54,14182500,"LITTLE NORTH SANTIAM RIVER NEAR MEHAMA, OR",44.7915108,-122.5789738
2024-07-20,0.16,14182500,"LITTLE NORTH SANTIAM RIVER NEAR MEHAMA, OR",44.7915108,-122.5789738
2024-07-21,0.41,14182500,"LITTLE NORTH SANTIAM RIVER NEAR MEHAMA, OR",44.7915108,-122.5789738
2024-07-22,0.27,14182500,"LITTLE NORTH SANTIAM RIVER NEAR MEHAMA, OR",44.7915108,-122.5789738
2024-07-23,0.13,14182500,"LITTLE NORTH SANTIAM RIVER NEAR MEHAMA, OR",44.7915108,-122.5789738
2024-07-24,0.11,14182500,"LITTLE NORTH SANTIAM RIVER NEAR MEHAMA, OR",44.7915108,-122.5789738
2024-07-25,0.29,14182500,"LITTLE NORTH SANTIAM RIVER NEAR MEHAMA, OR",44.7915108,-122.5789738
2024-07-26,0.22,14182500,"LITTLE NORTH SANTIAM RIVER NEAR MEHAMA, OR",44.7915108,-122.5789738
2024-07-27,0.44,14182500,"LITTLE NORTH SANTIAM RIVER NEAR MEHAMA, OR",44.7915108,-122.5789738
2024-07-28,0.56,14182500,"LITTLE NORTH SANTIAM RIVER NEAR MEHAMA, OR",44.7915108,-122.5789738
2024-07-29,0.27,14182500,"LITTLE NORTH SANTIAM RIVER NEAR MEHAMA, OR",44.7915108,-122.5789738
2024-07-30,0.31,14182500,"LITTLE NORTH SANTIAM RIVER NEAR MEHAMA, OR",44.7915108,-122.5789738
2024-07-31,0.22,14182500,"LITTLE NORTH SANTIAM RIVER NEAR MEHAMA, OR",44.7915108,-122.5789738
2024-08-01,0.13,14182500,"LITTLE NORTH SANTIAM RIVER NEAR MEHAMA, OR",44.7915108,-122.5789738
2024-08-02,0.37,14182500,"LITTLE NORTH SANTIAM RIVER NEAR MEHAMA, OR",44.7915108,-122.5789738
2024-08-03,0.29,14182500,"LITTLE NORTH SANTIAM RIVER NEAR MEHAMA, OR",44.7915108,-122.5789738
2024-08-04,0.06,14182500,"LITTLE NORTH SANTIAM RIVER NEAR MEHAMA, OR",44.7915108,-122.5789738
2024-08-05,0.43,14182500,"LITTLE NORTH SANTIAM RIVER NEAR MEHAMA, OR",44.7915108,-122.5789738
2024-08-06,1.13,14182500,"LITTLE NORTH SANTIAM RIVER NEAR MEHAMA, OR",44.7915108,-122.5789738
2024-08-07,0.2,14182500,"LITTLE NORTH SANTIAM RIVER NEAR MEHAMA, OR",44.7915108,-122.5789738
2024-08-08,0.41,14182500,"LITTLE NORTH SANTIAM RIVER NEAR MEHAMA, OR",44.7915108,-122.5789738
2024-08-09,3.72,14182500,"LITTLE NORTH SANTIAM RIVER NEAR MEHAMA, OR",44.7915108,-122.5789738
2024-08-10,1.34,14182500,"LITTLE NORTH SANTIAM RIVER NEAR MEHAMA, OR",44.7915108,-122.5789738
2024-08-11,5.27,14182500,"LITTLE NORTH SANTIAM RIVER NEAR MEHAMA, OR",44.7915108,-122.5789738
2024-08-12,0.17,14182500,"LITTLE NORTH SANTIAM RIVER NEAR MEHAMA, OR",44.7915108,-122.5789738
2024-08-13,1.35,14182500,"LITTLE NORTH SANTIAM RIVER NEAR MEHAMA, OR",44.7915108,-122.5789738
2024-08-14,0.74,14182500,"LITTLE NORTH SANTIAM RIVER NEAR MEHAMA, OR",44.7915108,-122.5789738
2024-08-15,0.4,14182500,"LITTLE NORTH SANTIAM RIVER NEAR MEHAMA, OR",44.7915108,-122.5789738
2024-08-16,0.53,14182500,"LITTLE NORTH SANTIAM RIVER NEAR MEHAMA, OR",44.7915108,-122.5789738
2024-08-17,0.21,14182500,"LITTLE NORTH SANTIAM RIVER NEAR MEHAMA, OR",44.7915108,-122.5789738
2024-08-18,1.32,14182500,"LITTLE NORTH SANTIAM RIVER NEAR MEHAMA, OR",44.7915108,-122.5789738
2024-08-19,0.25,14182500,"LITTLE NORTH SANTIAM RIVER NEAR MEHAMA, OR",44.7915108,-122.5789738
2024-08-20,0.07,14182500,"LITTLE NORTH SANTIAM RIVER NEAR MEHAMA, OR",44.7915108,-122.5789738
2024-08-21,0.0,14182500,"LITTLE NORTH SANTIAM RIVER NEAR MEHAMA, OR",44.7915108,-122.5789738
2024-08-22,0.3,14182500,"LITTLE NORTH SANTIAM RIVER NEAR MEHAMA, OR",44.7915108,-122.5789738
2024-08-26,0.01,14182500,"LITTLE NORTH SANTIAM RIVER NEAR MEHAMA, OR",44.7915108,-122.5789738
2024-08-27,0.01,14182500,"LITTLE NORTH SANTIAM RIVER NEAR MEHAMA, OR",44.7915108,-122.5789738
2024-08-28,0.01,14182500,"LITTLE NORTH SANTIAM RIVER NEAR MEHAMA, OR",44.7915108,-122.5789738
2024-08-29,0.08,14182500,"LITTLE NORTH SANTIAM RIVER NEAR MEHAMA, OR",44.7915108,-122.5789738
2024-08-30,0.02,14182500,"LITTLE NORTH SANTIAM RIVER NEAR MEHAMA, OR",44.7915108,-122.5789738
2024-08-31,0.0,14182500,"LITTLE NORTH SANTIAM RIVER NEAR MEHAMA, OR",44.7915108,-122.5789738
2024-09-01,0.03,14182500,"LITTLE NORTH SANTIAM RIVER NEAR MEHAMA, OR",44.7915108,-122.5789738
2024-09-02,0.02,14182500,"LITTLE NORTH SANTIAM RIVER NEAR MEHAMA, OR",44.7915108,-122.5789738
2024-09-03,0.02,14182500,"LITTLE NORTH SANTIAM RIVER NEAR MEHAMA, OR",44.7915108,-122.5789738
2024-09-04,0.03,14182500,"LITTLE NORTH SANTIAM RIVER NEAR MEHAMA, OR",44.7915108,-122.5789738
2024-09-05,0.03,14182500,"LITTLE NORTH SANTIAM RIVER NEAR MEHAMA, OR",44.7915108,-122.5789738
2024-09-06,0.02,14182500,"LITTLE NORTH SANTIAM RIVER NEAR MEHAMA, OR",44.7915108,-122.5789738
2024-09-07,0.04,14182500,"LITTLE NORTH SANTIAM RIVER NEAR MEHAMA, OR",44.7915108,-122.5789738
2024-09-08,0.02,14182500,"LITTLE NORTH SANTIAM RIVER NEAR MEHAMA, OR",44.7915108,-122.5789738
2024-09-09,0.01,14182500,"LITTLE NORTH SANTIAM RIVER NEAR MEHAMA, OR",44.7915108,-122.5789738
2024-09-10,0.01,14182500,"LITTLE NORTH SANTIAM RIVER NEAR MEHAMA, OR",44.7915108,-122.5789738
2024-09-11,-0.01,14182500,"LITTLE NORTH SANTIAM RIVER NEAR MEHAMA, OR",44.7915108,-122.5789738
2024-09-12,0.0,14182500,"LITTLE NORTH SANTIAM RIVER NEAR MEHAMA, OR",44.7915108,-122.5789738
2024-09-13,0.04,14182500,"LITTLE NORTH SANTIAM RIVER NEAR MEHAMA, OR",44.7915108,-122.5789738
2024-09-14,0.01,14182500,"LITTLE NORTH SANTIAM RIVER NEAR MEHAMA, OR",44.7915108,-122.5789738
2024-09-15,0.01,14182500,"LITTLE NORTH SANTIAM RIVER NEAR MEHAMA, OR",44.7915108,-122.5789738
2024-09-16,0.03,14182500,"LITTLE NORTH SANTIAM RIVER NEAR MEHAMA, OR",44.7915108,-122.5789738
2024-09-17,0.01,14182500,"LITTLE NORTH SANTIAM RIVER NEAR MEHAMA, OR",44.7915108,-122.5789738
2024-09-18,0.03,14182500,"LITTLE NORTH SANTIAM RIVER NEAR MEHAMA, OR",44.7915108,-122.5789738
2024-09-19,0.0,14182500,"LITTLE NORTH SANTIAM RIVER NEAR MEHAMA, OR",44.7915108,-122.5789738
2024-09-20,0.03,14182500,"LITTLE NORTH SANTIAM RIVER NEAR MEHAMA, OR",44.7915108,-122.5789738
2024-09-21,0.01,14182500,"LITTLE NORTH SANTIAM RIVER NEAR MEHAMA, OR",44.7915108,-122.5789738
2024-09-22,0.01,14182500,"LITTLE NORTH SANTIAM RIVER NEAR MEHAMA, OR",44.7915108,-122.5789738
2024-09-23,0.02,14182500,"LITTLE NORTH SANTIAM RIVER NEAR MEHAMA, OR",44.7915108,-122.5789738
2024-09-24,0.01,14182500,"LITTLE NORTH SANTIAM RIVER NEAR MEHAMA, OR",44.7915108,-122.5789738
2024-09-25,-0.01,14182500,"LITTLE NORTH SANTIAM RIVER NEAR MEHAMA, OR",44.7915108,-122.5789738
2024-09-26,-0.01,14182500,"LITTLE NORTH SANTIAM RIVER NEAR MEHAMA, OR",44.7915108,-122.5789738
2024-09-27,0.02,14182500,"LITTLE NORTH SANTIAM RIVER NEAR MEHAMA, OR",44.7915108,-122.5789738
2024-09-28,0.01,14182500,"LITTLE NORTH SANTIAM RIVER NEAR MEHAMA, OR",44.7915108,-122.5789738
2024-09-29,0.02,14182500,"LITTLE NORTH SANTIAM RIVER NEAR MEHAMA, OR",44.7915108,-122.5789738
2024-09-30,-0.01,14182500,"LITTLE NORTH SANTIAM RIVER NEAR MEHAMA, OR",44.7915108,-122.5789738
2024-01-01,1.71,14183020,"NORTH SANTIAM RIVER BLW STOUT CREEK, NR MEHAMA, OR",44.7782222,-122.6777222
2024-01-02,1.44,14183020,"NORTH SANTIAM RIVER BLW STOUT CREEK, NR MEHAMA, OR",44.7782222,-122.6777222
2024-01-03,1.48,14183020,"NORTH SANTIAM RIVER BLW STOUT CREEK, NR MEHAMA, OR",44.7782222,-122.6777222
2024-01-04,1.52,14183020,"NORTH SANTIAM RIVER BLW STOUT CREEK, NR MEHAMA, OR",44.7782222,-122.6777222
2024-01-05,1.37,14183020,"NORTH SANTIAM RIVER BLW STOUT CREEK, NR MEHAMA, OR",44.7782222,-122.6777222
2024-01-06,1.31,14183020,"NORTH SANTIAM RIVER BLW STOUT CREEK, NR MEHAMA, OR",44.7782222,-122.6777222
2024-01-07,1.49,14183020,"NORTH SANTIAM RIVER BLW STOUT CREEK, NR MEHAMA, OR",44.7782222,-122.6777222
2024-01-08,1.1,14183020,"NORTH SANTIAM RIVER BLW STOUT CREEK, NR MEHAMA, OR",44.7782222,-122.6777222
2024-01-09,3.1,14183020,"NORTH SANTIAM RIVER BLW STOUT CREEK, NR MEHAMA, OR",44.7782222,-122.6777222
2024-01-10,1.13,14183020,"NORTH SANTIAM RIVER BLW STOUT CREEK, NR MEHAMA, OR",44.7782222,-122.6777222
2024-01-11,1.2,14183020,"NORTH SANTIAM RIVER BLW STOUT CREEK, NR MEHAMA, OR",44.7782222,-122.6777222
2024-01-12,1.18,14183020,"NORTH SANTIAM RIVER BLW STOUT CREEK, NR MEHAMA, OR",44.7782222,-122.6777222
2024-01-13,1.13,14183020,"NORTH SANTIAM RIVER BLW STOUT CREEK, NR MEHAMA, OR",44.7782222,-122.6777222
2024-01-14,1.1,14183020,"NORTH SANTIAM RIVER BLW STOUT CREEK, NR MEHAMA, OR",44.7782222,-122.6777222
2024-01-15,1.29,14183020,"NORTH SANTIAM RIVER BLW STOUT CREEK, NR MEHAMA, OR",44.7782222,-122.6777222
2024-01-16,1.25,14183020,"NORTH SANTIAM RIVER BLW STOUT CREEK, NR MEHAMA, OR",44.7782222,-122.6777222
2024-01-17,2.35,14183020,"NORTH SANTIAM RIVER BLW STOUT CREEK, NR MEHAMA, OR",44.7782222,-122.6777222
2024-01-18,1.59,14183020,"NORTH SANTIAM RIVER BLW STOUT CREEK, NR MEHAMA, OR",44.7782222,-122.6777222
2024-01-19,1.27,14183020,"NORTH SANTIAM RIVER BLW STOUT CREEK, NR MEHAMA, OR",44.7782222,-122.6777222
2024-01-20,1.27,14183020,"NORTH SANTIAM RIVER BLW STOUT CREEK, NR MEHAMA, OR",44.7782222,-122.6777222
2024-01-21,1.77,14183020,"NORTH SANTIAM RIVER BLW STOUT CREEK, NR MEHAMA, OR",44.7782222,-122.6777222
2024-01-22,1.74,14183020,"NORTH SANTIAM RIVER BLW STOUT CREEK, NR MEHAMA, OR",44.7782222,-122.6777222
2024-01-23,1.55,14183020,"NORTH SANTIAM RIVER BLW STOUT CREEK, NR MEHAMA, OR",44.7782222,-122.6777222
2024-01-24,1.59,14183020,"NORTH SANTIAM RIVER BLW STOUT CREEK, NR MEHAMA, OR",44.7782222,-122.6777222
2024-01-25,1.42,14183020,"NORTH SANTIAM RIVER BLW STOUT CREEK, NR MEHAMA, OR",44.7782222,-122.6777222
2024-01-26,1.34,14183020,"NORTH SANTIAM RIVER BLW STOUT CREEK, NR MEHAMA, OR",44.7782222,-122.6777222
2024-01-27,1.16,14183020,"NORTH SANTIAM RIVER BLW STOUT CREEK, NR MEHAMA, OR",44.7782222,-122.6777222
2024-01-28,0.53,14183020,"NORTH SANTIAM RIVER BLW STOUT CREEK, NR MEHAMA, OR",44.7782222,-122.6777222
2024-01-29,0.42,14183020,"NORTH SANTIAM RIVER BLW STOUT CREEK, NR MEHAMA, OR",44.7782222,-122.6777222
2024-01-30,0.89,14183020,"NORTH SANTIAM RIVER BLW STOUT CREEK, NR MEHAMA, OR",44.7782222,-122.6777222
2024-01-31,0.92,14183020,"NORTH SANTIAM RIVER BLW STOUT CREEK, NR MEHAMA, OR",44.7782222,-122.6777222
2024-02-01,0.98,14183020,"NORTH SANTIAM RIVER BLW STOUT CREEK, NR MEHAMA, OR",44.7782222,-122.6777222
2024-02-02,0.89,14183020,"NORTH SANTIAM RIVER BLW STOUT CREEK, NR MEHAMA, OR",44.7782222,-122.6777222
2024-02-03,0.81,14183020,"NORTH SANTIAM RIVER BLW STOUT CREEK, NR MEHAMA, OR",44.7782222,-122.6777222
2024-02-04,0.94,14183020,"NORTH SANTIAM RIVER BLW STOUT CREEK, NR MEHAMA, OR",44.7782222,-122.6777222
2024-02-05,0.97,14183020,"NORTH SANTIAM RIVER BLW STOUT CREEK, NR MEHAMA, OR",44.7782222,-122.6777222
2024-02-06,0.73,14183020,"NORTH SANTIAM RIVER BLW STOUT CREEK, NR MEHAMA, OR",44.7782222,-122.6777222
2024-02-07,0.74,14183020,"NORTH SANTIAM RIVER BLW STOUT CREEK, NR MEHAMA, OR",44.7782222,-122.6777222
2024-02-08,0.76,14183020,"NORTH SANTIAM RIVER BLW STOUT CREEK, NR MEHAMA, OR",44.7782222,-122.6777222
2024-02-09,0.42,14183020,"NORTH SANTIAM RIVER BLW STOUT CREEK, NR MEHAMA, OR",44.7782222,-122.6777222
2024-02-10,0.31,14183020,"NORTH SANTIAM RIVER BLW STOUT CREEK, NR MEHAMA, OR",44.7782222,-122.6777222
2024-02-11,0.48,14183020,"NORTH SANTIAM RIVER BLW STOUT CREEK, NR MEHAMA, OR",44.7782222,-122.6777222
2024-02-12,0.45,14183020,"NORTH SANTIAM RIVER BLW STOUT CREEK, NR MEHAMA, OR",44.7782222,-122.6777222
2024-02-13,0.62,14183020,"NORTH SANTIAM RIVER BLW STOUT CREEK, NR MEHAMA, OR",44.7782222,-122.6777222
2024-02-14,0.56,14183020,"NORTH SANTIAM RIVER BLW STOUT CREEK, NR MEHAMA, OR",44.7782222,-122.6777222
2024-02-15,0.59,14183020,"NORTH SANTIAM RIVER BLW STOUT CREEK, NR MEHAMA, OR",44.7782222,-122.6777222
2024-02-16,0.88,14183020,"NORTH SANTIAM RIVER BLW STOUT CREEK, NR MEHAMA, OR",44.7782222,-122.6777222
2024-02-17,0.74,14183020,"NORTH SANTIAM RIVER BLW STOUT CREEK, NR MEHAMA, OR",44.7782222,-122.6777222
2024-02-18,0.68,14183020,"NORTH SANTIAM RIVER BLW STOUT CREEK, NR MEHAMA, OR",44.7782222,-122.6777222
2024-02-19,0.58,14183020,"NORTH SANTIAM RIVER BLW STOUT CREEK, NR MEHAMA, OR",44.7782222,-122.6777222
2024-02-20,0.55,14183020,"NORTH SANTIAM RIVER BLW STOUT CREEK, NR MEHAMA, OR",44.7782222,-122.6777222
2024-02-21,0.5,14183020,"NORTH SANTIAM RIVER BLW STOUT CREEK, NR MEHAMA, OR",44.7782222,-122.6777222
2024-02-22,0.67,14183020,"NORTH SANTIAM RIVER BLW STOUT CREEK, NR MEHAMA, OR",44.7782222,-122.6777222
2024-02-23,0.64,14183020,"NORTH SANTIAM RIVER BLW STOUT CREEK, NR MEHAMA, OR",44.7782222,-122.6777222
2024-02-24,0.59,14183020,"NORTH SANTIAM RIVER BLW STOUT CREEK, NR MEHAMA, OR",44.7782222,-122.6777222
2024-02-25,0.87,14183020,"NORTH SANTIAM RIVER BLW STOUT CREEK, NR MEHAMA, OR",44.7782222,-122.6777222
2024-02-26,1.66,14183020,"NORTH SANTIAM RIVER BLW STOUT CREEK, NR MEHAMA, OR",44.7782222,-122.6777222
2024-02-27,0.92,14183020,"NORTH SANTIAM RIVER BLW STOUT CREEK, NR MEHAMA, OR",44.7782222,-122.6777222
2024-02-28,1.28,14183020,"NORTH SANTIAM RIVER BLW STOUT CREEK, NR MEHAMA, OR",44.7782222,-122.6777222
2024-02-29,5.15,14183020,"NORTH SANTIAM RIVER BLW STOUT CREEK, NR MEHAMA, OR",44.7782222,-122.6777222
2024-03-01,0.86,14183020,"NORTH SANTIAM RIVER BLW STOUT CREEK, NR MEHAMA, OR",44.7782222,-122.6777222
2024-03-02,1.05,14183020,"NORTH SANTIAM RIVER BLW STOUT CREEK, NR MEHAMA, OR",44.7782222,-122.6777222
2024-03-03,0.79,14183020,"NORTH SANTIAM RIVER BLW STOUT CREEK, NR MEHAMA, OR",44.7782222,-122.6777222
2024-03-04,0.79,14183020,"NORTH SANTIAM RIVER BLW STOUT CREEK, NR MEHAMA, OR",44.7782222,-122.6777222
2024-03-05,0.84,14183020,"NORTH SANTIAM RIVER BLW STOUT CREEK, NR MEHAMA, OR",44.7782222,-122.6777222
2024-03-06,1.91,14183020,"NORTH SANTIAM RIVER BLW STOUT CREEK, NR MEHAMA, OR",44.7782222,-122.6777222
2024-03-07,0.69,14183020,"NORTH SANTIAM RIVER BLW STOUT CREEK, NR MEHAMA, OR",44.7782222,-122.6777222
2024-03-08,0.66,14183020,"NORTH SANTIAM RIVER BLW STOUT CREEK, NR MEHAMA, OR",44.7782222,-122.6777222
2024-03-09,0.99,14183020,"NORTH SANTIAM RIVER BLW STOUT CREEK, NR MEHAMA, OR",44.7782222,-122.6777222
2024-03-10,1.03,14183020,"NORTH SANTIAM RIVER BLW STOUT CREEK, NR MEHAMA, OR",44.7782222,-122.6777222
2024-03-11,1.27,14183020,"NORTH SANTIAM RIVER BLW STOUT CREEK, NR MEHAMA, OR",44.7782222,-122.6777222
2024-03-12,1.24,14183020,"NORTH SANTIAM RIVER BLW STOUT CREEK, NR MEHAMA, OR",44.7782222,-122.6777222
2024-03-13,1.09,14183020,"NORTH SANTIAM RIVER BLW STOUT CREEK, NR MEHAMA, OR",44.7782222,-122.6777222
2024-03-14,0.85,14183020,"NORTH SANTIAM RIVER BLW STOUT CREEK, NR MEHAMA, OR",44.7782222,-122.6777222
2024-03-15,0.68,14183020,"NORTH SANTIAM RIVER BLW STOUT CREEK, NR MEHAMA, OR",44.7782222,-122.6777222
2024-03-16,1.01,14183020,"NORTH SANTIAM RIVER BLW STOUT CREEK, NR MEHAMA, OR",44.7782222,-122.6777222
2024-03-17,1.43,14183020,"NORTH SANTIAM RIVER BLW STOUT CREEK, NR MEHAMA, OR",44.7782222,-122.6777222
2024-03-18,1.44,14183020,"NORTH SANTIAM RIVER BLW STOUT CREEK, NR MEHAMA, OR",44.7782222,-122.6777222
2024-03-19,1.49,14183020,"NORTH SANTIAM RIVER BLW STOUT CREEK, NR MEHAMA, OR",44.7782222,-122.6777222
2024-03-20,1.33,14183020,"NORTH SANTIAM RIVER BLW STOUT CREEK, NR MEHAMA, OR",44.7782222,-122.6777222
2024-03-21,1.23,14183020,"NORTH SANTIAM RIVER BLW STOUT CREEK, NR MEHAMA, OR",44.7782222,-122.6777222
2024-03-22,1.26,14183020,"NORTH SANTIAM RIVER BLW STOUT CREEK, NR MEHAMA, OR",44.7782222,-122.6777222
2024-03-23,1.92,14183020,"NORTH SANTIAM RIVER BLW STOUT CREEK, NR MEHAMA, OR",44.7782222,-122.6777222
2024-03-24,1.69,14183020,"NORTH SANTIAM RIVER BLW STOUT CREEK, NR MEHAMA, OR",44.7782222,-122.6777222
2024-03-25,1.37,14183020,"NORTH SANTIAM RIVER BLW STOUT CREEK, NR MEHAMA, OR",44.7782222,-122.6777222
2024-03-26,1.5,14183020,"NORTH SANTIAM RIVER BLW STOUT CREEK, NR MEHAMA, OR",44.7782222,-122.6777222
2024-03-27,2.51,14183020,"NORTH SANTIAM RIVER BLW STOUT CREEK, NR MEHAMA, OR",44.7782222,-122.6777222
2024-03-28,1.6,14183020,"NORTH SANTIAM RIVER BLW STOUT CREEK, NR MEHAMA, OR",44.7782222,-122.6777222
2024-03-29,1.57,14183020,"NORTH SANTIAM RIVER BLW STOUT CREEK, NR MEHAMA, OR",44.7782222,-122.6777222
2024-03-30,1.47,14183020,"NORTH SANTIAM RIVER BLW STOUT CREEK, NR MEHAMA, OR",44.7782222,-122.6777222
2024-03-31,1.41,14183020,"NORTH SANTIAM RIVER BLW STOUT CREEK, NR MEHAMA, OR",44.7782222,-122.6777222
2024-04-01,1.48,14183020,"NORTH SANTIAM RIVER BLW STOUT CREEK, NR MEHAMA, OR",44.7782222,-122.6777222
2024-04-02,1.44,14183020,"NORTH SANTIAM RIVER BLW STOUT CREEK, NR MEHAMA, OR",44.7782222,-122.6777222
2024-04-03,1.42,14183020,"NORTH SANTIAM RIVER BLW STOUT CREEK, NR MEHAMA, OR",44.7782222,-122.6777222
2024-04-04,1.69,14183020,"NORTH SANTIAM RIVER BLW STOUT CREEK, NR MEHAMA, OR",44.7782222,-122.6777222
2024-04-05,1.53,14183020,"NORTH SANTIAM RIVER BLW STOUT CREEK, NR MEHAMA, OR",44.7782222,-122.6777222
2024-04-06,2.11,14183020,"NORTH SANTIAM RIVER BLW STOUT CREEK, NR MEHAMA, OR",44.7782222,-122.6777222
2024-04-07,2.37,14183020,"NORTH SANTIAM RIVER BLW STOUT CREEK, NR MEHAMA, OR",44.7782222,-122.6777222
2024-04-08,2.22,14183020,"NORTH SANTIAM RIVER BLW STOUT CREEK, NR MEHAMA, OR",44.7782222,-122.6777222
2024-04-09,2.38,14183020,"NORTH SANTIAM RIVER BLW STOUT CREEK, NR MEHAMA, OR",44.7782222,-122.6777222
2024-04-10,3.4,14183020,"NORTH SANTIAM RIVER BLW STOUT CREEK, NR MEHAMA, OR",44.7782222,-122.6777222
2024-04-11,2.92,14183020,"NORTH SANTIAM RIVER BLW STOUT CREEK, NR MEHAMA, OR",44.7782222,-122.6777222
2024-04-12,3.02,14183020,"NORTH SANTIAM RIVER BLW STOUT CREEK, NR MEHAMA, OR",44.7782222,-122.6777222
2024-04-13,3.24,14183020,"NORTH SANTIAM RIVER BLW STOUT CREEK, NR MEHAMA, OR",44.7782222,-122.6777222
2024-04-14,3.91,14183020,"NORTH SANTIAM RIVER BLW STOUT CREEK, NR MEHAMA, OR",44.7782222,-122.6777222
2024-04-15,3.66,14183020,"NORTH SANTIAM RIVER BLW STOUT CREEK, NR MEHAMA, OR",44.7782222,-122.6777222
2024-04-16,3.58,14183020,"NORTH SANTIAM RIVER BLW STOUT CREEK, NR MEHAMA, OR",44.7782222,-122.6777222
2024-04-17,4.22,14183020,"NORTH SANTIAM RIVER BLW STOUT CREEK, NR MEHAMA, OR",44.7782222,-122.6777222
2024-04-18,4.09,14183020,"NORTH SANTIAM RIVER BLW STOUT CREEK, NR MEHAMA, OR",44.7782222,-122.6777222
2024-04-19,3.88,14183020,"NORTH SANTIAM RIVER BLW STOUT CREEK, NR MEHAMA, OR",44.7782222,-122.6777222
2024-04-20,3.07,14183020,"NORTH SANTIAM RIVER BLW STOUT CREEK, NR MEHAMA, OR",44.7782222,-122.6777222
2024-04-21,2.77,14183020,"NORTH SANTIAM RIVER BLW STOUT CREEK, NR MEHAMA, OR",44.7782222,-122.6777222
2024-04-22,3.08,14183020,"NORTH SANTIAM RIVER BLW STOUT CREEK, NR MEHAMA, OR",44.7782222,-122.6777222
2024-04-23,3.36,14183020,"NORTH SANTIAM RIVER BLW STOUT CREEK, NR MEHAMA, OR",44.7782222,-122.6777222
2024-04-24,2.9,14183020,"NORTH SANTIAM RIVER BLW STOUT CREEK, NR MEHAMA, OR",44.7782222,-122.6777222
2024-04-25,2.57,14183020,"NORTH SANTIAM RIVER BLW STOUT CREEK, NR MEHAMA, OR",44.7782222,-122.6777222
2024-04-26,3.88,14183020,"NORTH SANTIAM RIVER BLW STOUT CREEK, NR MEHAMA, OR",44.7782222,-122.6777222
2024-04-27,2.52,14183020,"NORTH SANTIAM RIVER BLW STOUT CREEK, NR MEHAMA, OR",44.7782222,-122.6777222
2024-04-28,1.78,14183020,"NORTH SANTIAM RIVER BLW STOUT CREEK, NR MEHAMA, OR",44.7782222,-122.6777222
2024-04-29,1.75,14183020,"NORTH SANTIAM RIVER BLW STOUT CREEK, NR MEHAMA, OR",44.7782222,-122.6777222
2024-04-30,1.65,14183020,"NORTH SANTIAM RIVER BLW STOUT CREEK, NR MEHAMA, OR",44.7782222,-122.6777222
2024-05-01,1.92,14183020,"NORTH SANTIAM RIVER BLW STOUT CREEK, NR MEHAMA, OR",44.7782222,-122.6777222
2024-05-02,1.89,14183020,"NORTH SANTIAM RIVER BLW STOUT CREEK, NR MEHAMA, OR",44.7782222,-122.6777222
2024-05-03,1.76,14183020,"NORTH SANTIAM RIVER BLW STOUT CREEK, NR MEHAMA, OR",44.7782222,-122.6777222
2024-05-04,1.94,14183020,"NORTH SANTIAM RIVER BLW STOUT CREEK, NR MEHAMA, OR",44.7782222,-122.6777222
2024-05-05,2.09,14183020,"NORTH SANTIAM RIVER BLW STOUT CREEK, NR MEHAMA, OR",44.7782222,-122.6777222
2024-05-06,2.24,14183020,"NORTH SANTIAM RIVER BLW STOUT CREEK, NR MEHAMA, OR",44.7782222,-122.6777222
2024-05-07,1.75,14183020,"NORTH SANTIAM RIVER BLW STOUT CREEK, NR MEHAMA, OR",44.7782222,-122.6777222
2024-05-08,1.8,14183020,"NORTH SANTIAM RIVER BLW STOUT CREEK, NR MEHAMA, OR",44.7782222,-122.6777222
2024-05-09,1.6,14183020,"NORTH SANTIAM RIVER BLW STOUT CREEK, NR MEHAMA, OR",44.7782222,-122.6777222
2024-05-10,1.73,14183020,"NORTH SANTIAM RIVER BLW STOUT CREEK, NR MEHAMA, OR",44.7782222,-122.6777222
2024-05-11,1.67,14183020,"NORTH SANTIAM RIVER BLW STOUT CREEK, NR MEHAMA, OR",44.7782222,-122.6777222
2024-05-12,1.57,14183020,"NORTH SANTIAM RIVER BLW STOUT CREEK, NR MEHAMA, OR",44.7782222,-122.6777222
2024-05-13,1.77,14183020,"NORTH SANTIAM RIVER BLW STOUT CREEK, NR MEHAMA, OR",44.7782222,-122.6777222
2024-05-14,1.67,14183020,"NORTH SANTIAM RIVER BLW STOUT CREEK, NR MEHAMA, OR",44.7782222,-122.6777222
2024-05-15,2.13,14183020,"NORTH SANTIAM RIVER BLW STOUT CREEK, NR MEHAMA, OR",44.7782222,-122.6777222
2024-05-16,1.89,14183020,"NORTH SANTIAM RIVER BLW STOUT CREEK, NR MEHAMA, OR",44.7782222,-122.6777222
2024-05-17,1.96,14183020,"NORTH SANTIAM RIVER BLW STOUT CREEK, NR MEHAMA, OR",44.7782222,-122.6777222
2024-05-18,2.07,14183020,"NORTH SANTIAM RIVER BLW STOUT CREEK, NR MEHAMA, OR",44.7782222,-122.6777222
2024-05-19,2.08,14183020,"NORTH SANTIAM RIVER BLW STOUT CREEK, NR MEHAMA, OR",44.7782222,-122.6777222
2024-05-20,2.11,14183020,"NORTH SANTIAM RIVER BLW STOUT CREEK, NR MEHAMA, OR",44.7782222,-122.6777222
2024-05-21,1.99,14183020,"NORTH SANTIAM RIVER BLW STOUT CREEK, NR MEHAMA, OR",44.7782222,-122.6777222
2024-05-22,2.14,14183020,"NORTH SANTIAM RIVER BLW STOUT CREEK, NR MEHAMA, OR",44.7782222,-122.6777222
2024-05-23,1.95,14183020,"NORTH SANTIAM RIVER BLW STOUT CREEK, NR MEHAMA, OR",44.7782222,-122.6777222
2024-05-24,1.97,14183020,"NORTH SANTIAM RIVER BLW STOUT CREEK, NR MEHAMA, OR",44.7782222,-122.6777222
2024-05-25,1.87,14183020,"NORTH SANTIAM RIVER BLW STOUT CREEK, NR MEHAMA, OR",44.7782222,-122.6777222
2024-05-26,1.99,14183020,"NORTH SANTIAM RIVER BLW STOUT CREEK, NR MEHAMA, OR",44.7782222,-122.6777222
2024-05-27,2.13,14183020,"NORTH SANTIAM RIVER BLW STOUT CREEK, NR MEHAMA, OR",44.7782222,-122.6777222
2024-05-28,2.22,14183020,"NORTH SANTIAM RIVER BLW STOUT CREEK, NR MEHAMA, OR",44.7782222,-122.6777222
2024-05-29,2.68,14183020,"NORTH SANTIAM RIVER BLW STOUT CREEK, NR MEHAMA, OR",44.7782222,-122.6777222
2024-05-30,2.36,14183020,"NORTH SANTIAM RIVER BLW STOUT CREEK, NR MEHAMA, OR",44.7782222,-122.6777222
2024-05-31,1.98,14183020,"NORTH SANTIAM RIVER BLW STOUT CREEK, NR MEHAMA, OR",44.7782222,-122.6777222
2024-06-01,1.86,14183020,"NORTH SANTIAM RIVER BLW STOUT CREEK, NR MEHAMA, OR",44.7782222,-122.6777222
2024-06-02,3.83,14183020,"NORTH SANTIAM RIVER BLW STOUT CREEK, NR MEHAMA, OR",44.7782222,-122.6777222
2024-06-03,8.14,14183020,"NORTH SANTIAM RIVER BLW STOUT CREEK, NR MEHAMA, OR",44.7782222,-122.6777222
2024-06-04,1.74,14183020,"NORTH SANTIAM RIVER BLW STOUT CREEK, NR MEHAMA, OR",44.7782222,-122.6777222
2024-06-05,1.79,14183020,"NORTH SANTIAM RIVER BLW STOUT CREEK, NR MEHAMA, OR",44.7782222,-122.6777222
2024-06-06,1.37,14183020,"NORTH SANTIAM RIVER BLW STOUT CREEK, NR MEHAMA, OR",44.7782222,-122.6777222
2024-06-07,1.48,14183020,"NORTH SANTIAM RIVER BLW STOUT CREEK, NR MEHAMA, OR",44.7782222,-122.6777222
2024-06-08,1.67,14183020,"NORTH SANTIAM RIVER BLW STOUT CREEK, NR MEHAMA, OR",44.7782222,-122.6777222
2024-06-09,2.06,14183020,"NORTH SANTIAM RIVER BLW STOUT CREEK, NR MEHAMA, OR",44.7782222,-122.6777222
2024-06-10,1.92,14183020,"NORTH SANTIAM RIVER BLW STOUT CREEK, NR MEHAMA, OR",44.7782222,-122.6777222
2024-06-11,2.13,14183020,"NORTH SANTIAM RIVER BLW STOUT CREEK, NR MEHAMA, OR",44.7782222,-122.6777222
2024-06-12,2.43,14183020,"NORTH SANTIAM RIVER BLW STOUT CREEK, NR MEHAMA, OR",44.7782222,-122.6777222
2024-06-13,2.49,14183020,"NORTH SANTIAM RIVER BLW STOUT CREEK, NR MEHAMA, OR",44.7782222,-122.6777222
2024-06-14,2.18,14183020,"NORTH SANTIAM RIVER BLW STOUT CREEK, NR MEHAMA, OR",44.7782222,-122.6777222
2024-06-15,2.55,14183020,"NORTH SANTIAM RIVER BLW STOUT CREEK, NR MEHAMA, OR",44.7782222,-122.6777222
2024-06-16,2.78,14183020,"NORTH SANTIAM RIVER BLW STOUT CREEK, NR MEHAMA, OR",44.7782222,-122.6777222
2024-06-17,3.12,14183020,"NORTH SANTIAM RIVER BLW STOUT CREEK, NR MEHAMA, OR",44.7782222,-122.6777222
2024-06-18,2.68,14183020,"NORTH SANTIAM RIVER BLW STOUT CREEK, NR MEHAMA, OR",44.7782222,-122.6777222
2024-06-19,2.65,14183020,"NORTH SANTIAM RIVER BLW STOUT CREEK, NR MEHAMA, OR",44.7782222,-122.6777222
2024-06-20,2.43,14183020,"NORTH SANTIAM RIVER BLW STOUT CREEK, NR MEHAMA, OR",44.7782222,-122.6777222
2024-06-21,2.92,14183020,"NORTH SANTIAM RIVER BLW STOUT CREEK, NR MEHAMA, OR",44.7782222,-122.6777222
2024-06-22,2.54,14183020,"NORTH SANTIAM RIVER BLW STOUT CREEK, NR MEHAMA, OR",44.7782222,-122.6777222
2024-06-23,2.6,14183020,"NORTH SANTIAM RIVER BLW STOUT CREEK, NR MEHAMA, OR",44.7782222,-122.6777222
2024-06-24,2.64,14183020,"NORTH SANTIAM RIVER BLW STOUT CREEK, NR MEHAMA, OR",44.7782222,-122.6777222
2024-06-25,2.67,14183020,"NORTH SANTIAM RIVER BLW STOUT CREEK, NR MEHAMA, OR",44.7782222,-122.6777222
2024-06-26,2.5,14183020,"NORTH SANTIAM RIVER BLW STOUT CREEK, NR MEHAMA, OR",44.7782222,-122.6777222
2024-06-27,2.99,14183020,"NORTH SANTIAM RIVER BLW STOUT CREEK, NR MEHAMA, OR",44.7782222,-122.6777222
2024-06-28,3.0,14183020,"NORTH SANTIAM RIVER BLW STOUT CREEK, NR MEHAMA, OR",44.7782222,-122.6777222
2024-06-29,2.8,14183020,"NORTH SANTIAM RIVER BLW STOUT CREEK, NR MEHAMA, OR",44.7782222,-122.6777222
2024-06-30,3.08,14183020,"NORTH SANTIAM RIVER BLW STOUT CREEK, NR MEHAMA, OR",44.7782222,-122.6777222
2024-07-01,3.17,14183020,"NORTH SANTIAM RIVER BLW STOUT CREEK, NR MEHAMA, OR",44.7782222,-122.6777222
2024-07-02,3.0,14183020,"NORTH SANTIAM RIVER BLW STOUT CREEK, NR MEHAMA, OR",44.7782222,-122.6777222
2024-07-03,3.33,14183020,"NORTH SANTIAM RIVER BLW STOUT CREEK, NR MEHAMA, OR",44.7782222,-122.6777222
2024-07-04,2.97,14183020,"NORTH SANTIAM RIVER BLW STOUT CREEK, NR MEHAMA, OR",44.7782222,-122.6777222
2024-07-05,3.31,14183020,"NORTH SANTIAM RIVER BLW STOUT CREEK, NR MEHAMA, OR",44.7782222,-122.6777222
2024-07-06,3.61,14183020,"NORTH SANTIAM RIVER BLW STOUT CREEK, NR MEHAMA, OR",44.7782222,-122.6777222
2024-07-07,3.19,14183020,"NORTH SANTIAM RIVER BLW STOUT CREEK, NR MEHAMA, OR",44.7782222,-122.6777222
2024-07-08,3.45,14183020,"NORTH SANTIAM RIVER BLW STOUT CREEK, NR MEHAMA, OR",44.7782222,-122.6777222
2024-07-09,3.06,14183020,"NORTH SANTIAM RIVER BLW STOUT CREEK, NR MEHAMA, OR",44.7782222,-122.6777222
2024-07-10,3.26,14183020,"NORTH SANTIAM RIVER BLW STOUT CREEK, NR MEHAMA, OR",44.7782222,-122.6777222
2024-07-11,3.74,14183020,"NORTH SANTIAM RIVER BLW STOUT CREEK, NR MEHAMA, OR",44.7782222,-122.6777222
2024-07-12,3.75,14183020,"NORTH SANTIAM RIVER BLW STOUT CREEK, NR MEHAMA, OR",44.7782222,-122.6777222
2024-07-13,3.79,14183020,"NORTH SANTIAM RIVER BLW STOUT CREEK, NR MEHAMA, OR",44.7782222,-122.6777222
2024-07-14,4.13,14183020,"NORTH SANTIAM RIVER BLW STOUT CREEK, NR MEHAMA, OR",44.7782222,-122.6777222
2024-07-15,4.18,14183020,"NORTH SANTIAM RIVER BLW STOUT CREEK, NR MEHAMA, OR",44.7782222,-122.6777222
2024-07-16,4.2,14183020,"NORTH SANTIAM RIVER BLW STOUT CREEK, NR MEHAMA, OR",44.7782222,-122.6777222
2024-07-17,4.0,14183020,"NORTH SANTIAM RIVER BLW STOUT CREEK, NR MEHAMA, OR",44.7782222,-122.6777222
2024-07-18,3.6,14183020,"NORTH SANTIAM RIVER BLW STOUT CREEK, NR MEHAMA, OR",44.7782222,-122.6777222
2024-07-19,3.9,14183020,"NORTH SANTIAM RIVER BLW STOUT CREEK, NR MEHAMA, OR",44.7782222,-122.6777222
2024-07-20,3.57,14183020,"NORTH SANTIAM RIVER BLW STOUT CREEK, NR MEHAMA, OR",44.7782222,-122.6777222
2024-07-21,3.95,14183020,"NORTH SANTIAM RIVER BLW STOUT CREEK, NR MEHAMA, OR",44.7782222,-122.6777222
2024-07-22,3.78,14183020,"NORTH SANTIAM RIVER BLW STOUT CREEK, NR MEHAMA, OR",44.7782222,-122.6777222
2024-07-23,3.91,14183020,"NORTH SANTIAM RIVER BLW STOUT CREEK, NR MEHAMA, OR",44.7782222,-122.6777222
2024-07-24,3.76,14183020,"NORTH SANTIAM RIVER BLW STOUT CREEK, NR MEHAMA, OR",44.7782222,-122.6777222
2024-07-25,3.71,14183020,"NORTH SANTIAM RIVER BLW STOUT CREEK, NR MEHAMA, OR",44.7782222,-122.6777222
2024-07-26,3.98,14183020,"NORTH SANTIAM RIVER BLW STOUT CREEK, NR MEHAMA, OR",44.7782222,-122.6777222
2024-07-27,3.71,14183020,"NORTH SANTIAM RIVER BLW STOUT CREEK, NR MEHAMA, OR",44.7782222,-122.6777222
2024-07-28,3.88,14183020,"NORTH SANTIAM RIVER BLW STOUT CREEK, NR MEHAMA, OR",44.7782222,-122.6777222
2024-07-29,3.74,14183020,"NORTH SANTIAM RIVER BLW STOUT CREEK, NR MEHAMA, OR",44.7782222,-122.6777222
2024-07-30,4.09,14183020,"NORTH SANTIAM RIVER BLW STOUT CREEK, NR MEHAMA, OR",44.7782222,-122.6777222
2024-07-31,3.65,14183020,"NORTH SANTIAM RIVER BLW STOUT CREEK, NR MEHAMA, OR",44.7782222,-122.6777222
2024-08-01,3.56,14183020,"NORTH SANTIAM RIVER BLW STOUT CREEK, NR MEHAMA, OR",44.7782222,-122.6777222
2024-08-02,2.22,14183020,"NORTH SANTIAM RIVER BLW STOUT CREEK, NR MEHAMA, OR",44.7782222,-122.6777222
2024-08-03,2.2,14183020,"NORTH SANTIAM RIVER BLW STOUT CREEK, NR MEHAMA, OR",44.7782222,-122.6777222
2024-08-04,2.55,14183020,"NORTH SANTIAM RIVER BLW STOUT CREEK, NR MEHAMA, OR",44.7782222,-122.6777222
2024-08-05,2.74,14183020,"NORTH SANTIAM RIVER BLW STOUT CREEK, NR MEHAMA, OR",44.7782222,-122.6777222
2024-08-06,2.83,14183020,"NORTH SANTIAM RIVER BLW STOUT CREEK, NR MEHAMA, OR",44.7782222,-122.6777222
2024-08-07,2.79,14183020,"NORTH SANTIAM RIVER BLW STOUT CREEK, NR MEHAMA, OR",44.7782222,-122.6777222
2024-08-08,2.79,14183020,"NORTH SANTIAM RIVER BLW STOUT CREEK, NR MEHAMA, OR",44.7782222,-122.6777222
2024-08-09,2.98,14183020,"NORTH SANTIAM RIVER BLW STOUT CREEK, NR MEHAMA, OR",44.7782222,-122.6777222
2024-08-10,3.2,14183020,"NORTH SANTIAM RIVER BLW STOUT CREEK, NR MEHAMA, OR",44.7782222,-122.6777222
2024-08-11,3.04,14183020,"NORTH SANTIAM RIVER BLW STOUT CREEK, NR MEHAMA, OR",44.7782222,-122.6777222
2024-08-12,3.27,14183020,"NORTH SANTIAM RIVER BLW STOUT CREEK, NR MEHAMA, OR",44.7782222,-122.6777222
2024-08-13,3.53,14183020,"NORTH SANTIAM RIVER BLW STOUT CREEK, NR MEHAMA, OR",44.7782222,-122.6777222
2024-08-14,3.24,14183020,"NORTH SANTIAM RIVER BLW STOUT CREEK, NR MEHAMA, OR",44.7782222,-122.6777222
2024-08-15,3.87,14183020,"NORTH SANTIAM RIVER BLW STOUT CREEK, NR MEHAMA, OR",44.7782222,-122.6777222
2024-08-16,3.88,14183020,"NORTH SANTIAM RIVER BLW STOUT CREEK, NR MEHAMA, OR",44.7782222,-122.6777222
2024-08-17,3.3,14183020,"NORTH SANTIAM RIVER BLW STOUT CREEK, NR MEHAMA, OR",44.7782222,-122.6777222
2024-08-18,3.53,14183020,"NORTH SANTIAM RIVER BLW STOUT CREEK, NR MEHAMA, OR",44.7782222,-122.6777222
2024-08-19,3.34,14183020,"NORTH SANTIAM RIVER BLW STOUT CREEK, NR MEHAMA, OR",44.7782222,-122.6777222
2024-08-20,3.27,14183020,"NORTH SANTIAM RIVER BLW STOUT CREEK, NR MEHAMA, OR",44.7782222,-122.6777222
2024-08-21,3.44,14183020,"NORTH SANTIAM RIVER BLW STOUT CREEK, NR MEHAMA, OR",44.7782222,-122.6777222
2024-08-22,3.93,14183020,"NORTH SANTIAM RIVER BLW STOUT CREEK, NR MEHAMA, OR",44.7782222,-122.6777222
2024-08-23,3.72,14183020,"NORTH SANTIAM RIVER BLW STOUT CREEK, NR MEHAMA, OR",44.7782222,-122.6777222
2024-08-24,3.78,14183020,"NORTH SANTIAM RIVER BLW STOUT CREEK, NR MEHAMA, OR",44.7782222,-122.6777222
2024-08-25,10.71,14183020,"NORTH SANTIAM RIVER BLW STOUT CREEK, NR MEHAMA, OR",44.7782222,-122.6777222
2024-08-26,3.89,14183020,"NORTH SANTIAM RIVER BLW STOUT CREEK, NR MEHAMA, OR",44.7782222,-122.6777222
2024-08-27,4.47,14183020,"NORTH SANTIAM RIVER BLW STOUT CREEK, NR MEHAMA, OR",44.7782222,-122.6777222
2024-08-28,4.99,14183020,"NORTH SANTIAM RIVER BLW STOUT CREEK, NR MEHAMA, OR",44.7782222,-122.6777222
2024-08-29,5.87,14183020,"NORTH SANTIAM RIVER BLW STOUT CREEK, NR MEHAMA, OR",44.7782222,-122.6777222
2024-08-30,3.83,14183020,"NORTH SANTIAM RIVER BLW STOUT CREEK, NR MEHAMA, OR",44.7782222,-122.6777222
2024-08-31,3.79,14183020,"NORTH SANTIAM RIVER BLW STOUT CREEK, NR MEHAMA, OR",44.7782222,-122.6777222
2024-09-01,4.39,14183020,"NORTH SANTIAM RIVER BLW STOUT CREEK, NR MEHAMA, OR",44.7782222,-122.6777222
2024-09-02,4.57,14183020,"NORTH SANTIAM RIVER BLW STOUT CREEK, NR MEHAMA, OR",44.7782222,-122.6777222
2024-09-03,4.61,14183020,"NORTH SANTIAM RIVER BLW STOUT CREEK, NR MEHAMA, OR",44.7782222,-122.6777222
2024-09-04,4.54,14183020,"NORTH SANTIAM RIVER BLW STOUT CREEK, NR MEHAMA, OR",44.7782222,-122.6777222
2024-09-05,4.78,14183020,"NORTH SANTIAM RIVER BLW STOUT CREEK, NR MEHAMA, OR",44.7782222,-122.6777222
2024-09-06,4.06,14183020,"NORTH SANTIAM RIVER BLW STOUT CREEK, NR MEHAMA, OR",44.7782222,-122.6777222
2024-09-07,3.95,14183020,"NORTH SANTIAM RIVER BLW STOUT CREEK, NR MEHAMA, OR",44.7782222,-122.6777222
2024-09-08,4.04,14183020,"NORTH SANTIAM RIVER BLW STOUT CREEK, NR MEHAMA, OR",44.7782222,-122.6777222
2024-09-09,4.03,14183020,"NORTH SANTIAM RIVER BLW STOUT CREEK, NR MEHAMA, OR",44.7782222,-122.6777222
2024-09-10,5.02,14183020,"NORTH SANTIAM RIVER BLW STOUT CREEK, NR MEHAMA, OR",44.7782222,-122.6777222
2024-09-11,4.7,14183020,"NORTH SANTIAM RIVER BLW STOUT CREEK, NR MEHAMA, OR",44.7782222,-122.6777222
2024-09-12,4.78,14183020,"NORTH SANTIAM RIVER BLW STOUT CREEK, NR MEHAMA, OR",44.7782222,-122.6777222
2024-09-13,4.49,14183020,"NORTH SANTIAM RIVER BLW STOUT CREEK, NR MEHAMA, OR",44.7782222,-122.6777222
2024-09-14,4.67,14183020,"NORTH SANTIAM RIVER BLW STOUT CREEK, NR MEHAMA, OR",44.7782222,-122.6777222
2024-09-15,4.58,14183020,"NORTH SANTIAM RIVER BLW STOUT CREEK, NR MEHAMA, OR",44.7782222,-122.6777222
2024-09-16,4.31,14183020,"NORTH SANTIAM RIVER BLW STOUT CREEK, NR MEHAMA, OR",44.7782222,-122.6777222
2024-09-17,4.78,14183020,"NORTH SANTIAM RIVER BLW STOUT CREEK, NR MEHAMA, OR",44.7782222,-122.6777222
2024-09-18,4.47,14183020,"NORTH SANTIAM RIVER BLW STOUT CREEK, NR MEHAMA, OR",44.7782222,-122.6777222
2024-09-19,4.54,14183020,"NORTH SANTIAM RIVER BLW STOUT CREEK, NR MEHAMA, OR",44.7782222,-122.6777222
2024-09-20,4.54,14183020,"NORTH SANTIAM RIVER BLW STOUT CREEK, NR MEHAMA, OR",44.7782222,-122.6777222
2024-09-21,4.6,14183020,"NORTH SANTIAM RIVER BLW STOUT CREEK, NR MEHAMA, OR",44.7782222,-122.6777222
2024-09-22,4.73,14183020,"NORTH SANTIAM RIVER BLW STOUT CREEK, NR MEHAMA, OR",44.7782222,-122.6777222
2024-09-23,4.92,14183020,"NORTH SANTIAM RIVER BLW STOUT CREEK, NR MEHAMA, OR",44.7782222,-122.6777222
2024-09-24,4.64,14183020,"NORTH SANTIAM RIVER BLW STOUT CREEK, NR MEHAMA, OR",44.7782222,-122.6777222
2024-09-25,4.96,14183020,"NORTH SANTIAM RIVER BLW STOUT CREEK, NR MEHAMA, OR",44.7782222,-122.6777222
2024-09-26,4.78,14183020,"NORTH SANTIAM RIVER BLW STOUT CREEK, NR MEHAMA, OR",44.7782222,-122.6777222
2024-09-27,4.94,14183020,"NORTH SANTIAM RIVER BLW STOUT CREEK, NR MEHAMA, OR",44.7782222,-122.6777222
2024-09-28,5.17,14183020,"NORTH SANTIAM RIVER BLW STOUT CREEK, NR MEHAMA, OR",44.7782222,-122.6777222
2024-09-29,4.65,14183020,"NORTH SANTIAM RIVER BLW STOUT CREEK, NR MEHAMA, OR",44.7782222,-122.6777222
2024-09-30,4.84,14183020,"NORTH SANTIAM RIVER BLW STOUT CREEK, NR MEHAMA, OR",44.7782222,-122.6777222
2024-04-09,27.23,14202650,"WAPATO CREEK AT SW GASTON ROAD, AT GASTON, OR",45.44064167,-123.125
2024-04-10,21.08,14202650,"WAPATO CREEK AT SW GASTON ROAD, AT GASTON, OR",45.44064167,-123.125
2024-04-11,26.23,14202650,"WAPATO CREEK AT SW GASTON ROAD, AT GASTON, OR",45.44064167,-123.125
2024-04-12,16.49,14202650,"WAPATO CREEK AT SW GASTON ROAD, AT GASTON, OR",45.44064167,-123.125
2024-04-13,22.65,14202650,"WAPATO CREEK AT SW GASTON ROAD, AT GASTON, OR",45.44064167,-123.125
2024-04-14,17.08,14202650,"WAPATO CREEK AT SW GASTON ROAD, AT GASTON, OR",45.44064167,-123.125
2024-04-15,15.53,14202650,"WAPATO CREEK AT SW GASTON ROAD, AT GASTON, OR",45.44064167,-123.125
2024-04-16,14.46,14202650,"WAPATO CREEK AT SW GASTON ROAD, AT GASTON, OR",45.44064167,-123.125
2024-04-17,36.49,14202650,"WAPATO CREEK AT SW GASTON ROAD, AT GASTON, OR",45.44064167,-123.125
2024-04-18,51.29,14202650,"WAPATO CREEK AT SW GASTON ROAD, AT GASTON, OR",45.44064167,-123.125
2024-04-19,56.24,14202650,"WAPATO CREEK AT SW GASTON ROAD, AT GASTON, OR",45.44064167,-123.125
2024-04-20,56.27,14202650,"WAPATO CREEK AT SW GASTON ROAD, AT GASTON, OR",45.44064167,-123.125
2024-04-21,44.0,14202650,"WAPATO CREEK AT SW GASTON ROAD, AT GASTON, OR",45.44064167,-123.125
2024-04-22,43.42,14202650,"WAPATO CREEK AT SW GASTON ROAD, AT GASTON, OR",45.44064167,-123.125
2024-04-23,39.36,14202650,"WAPATO CREEK AT SW GASTON ROAD, AT GASTON, OR",45.44064167,-123.125
2024-04-24,41.84,14202650,"WAPATO CREEK AT SW GASTON ROAD, AT GASTON, OR",45.44064167,-123.125
2024-04-25,35.04,14202650,"WAPATO CREEK AT SW GASTON ROAD, AT GASTON, OR",45.44064167,-123.125
2024-04-26,28.53,14202650,"WAPATO CREEK AT SW GASTON ROAD, AT GASTON, OR",45.44064167,-123.125
2024-04-27,65.68,14202650,"WAPATO CREEK AT SW GASTON ROAD, AT GASTON, OR",45.44064167,-123.125
2024-04-28,34.45,14202650,"WAPATO CREEK AT SW GASTON ROAD, AT GASTON, OR",45.44064167,-123.125
2024-04-29,39.92,14202650,"WAPATO CREEK AT SW GASTON ROAD, AT GASTON, OR",45.44064167,-123.125
2024-04-30,52.69,14202650,"WAPATO CREEK AT SW GASTON ROAD, AT GASTON, OR",45.44064167,-123.125
2024-05-01,41.78,14202650,"WAPATO CREEK AT SW GASTON ROAD, AT GASTON, OR",45.44064167,-123.125
2024-05-02,43.19,14202650,"WAPATO CREEK AT SW GASTON ROAD, AT GASTON, OR",45.44064167,-123.125
2024-05-03,17.32,14202650,"WAPATO CREEK AT SW GASTON ROAD, AT GASTON, OR",45.44064167,-123.125
2024-05-04,9.06,14202650,"WAPATO CREEK AT SW GASTON ROAD, AT GASTON, OR",45.44064167,-123.125
2024-05-05,29.61,14202650,"WAPATO CREEK AT SW GASTON ROAD, AT GASTON, OR",45.44064167,-123.125
2024-05-06,16.61,14202650,"WAPATO CREEK AT SW GASTON ROAD, AT GASTON, OR",45.44064167,-123.125
2024-05-07,37.2,14202650,"WAPATO CREEK AT SW GASTON ROAD, AT GASTON, OR",45.44064167,-123.125
2024-05-08,43.83,14202650,"WAPATO CREEK AT SW GASTON ROAD, AT GASTON, OR",45.44064167,-123.125
2024-05-09,53.73,14202650,"WAPATO CREEK AT SW GASTON ROAD, AT GASTON, OR",45.44064167,-123.125
2024-05-10,57.13,14202650,"WAPATO CREEK AT SW GASTON ROAD, AT GASTON, OR",45.44064167,-123.125
2024-05-11,64.02,14202650,"WAPATO CREEK AT SW GASTON ROAD, AT GASTON, OR",45.44064167,-123.125
2024-05-12,42.36,14202650,"WAPATO CREEK AT SW GASTON ROAD, AT GASTON, OR",45.44064167,-123.125
2024-05-13,37.68,14202650,"WAPATO CREEK AT SW GASTON ROAD, AT GASTON, OR",45.44064167,-123.125
2024-05-14,34.74,14202650,"WAPATO CREEK AT SW GASTON ROAD, AT GASTON, OR",45.44064167,-123.125
2024-05-15,47.97,14202650,"WAPATO CREEK AT SW GASTON ROAD, AT GASTON, OR",45.44064167,-123.125
2024-05-16,46.23,14202650,"WAPATO CREEK AT SW GASTON ROAD, AT GASTON, OR",45.44064167,-123.125
2024-05-17,34.74,14202650,"WAPATO CREEK AT SW GASTON ROAD, AT GASTON, OR",45.44064167,-123.125
2024-05-18,41.48,14202650,"WAPATO CREEK AT SW GASTON ROAD, AT GASTON, OR",45.44064167,-123.125
2024-05-19,36.79,14202650,"WAPATO CREEK AT SW GASTON ROAD, AT GASTON, OR",45.44064167,-123.125
2024-05-20,38.55,14202650,"WAPATO CREEK AT SW GASTON ROAD, AT GASTON, OR",45.44064167,-123.125
2024-05-21,58.86,14202650,"WAPATO CREEK AT SW GASTON ROAD, AT GASTON, OR",45.44064167,-123.125
2024-05-22,53.41,14202650,"WAPATO CREEK AT SW GASTON ROAD, AT GASTON, OR",45.44064167,-123.125
2024-05-23,81.5,14202650,"WAPATO CREEK AT SW GASTON ROAD, AT GASTON, OR",45.44064167,-123.125
2024-05-24,45.43,14202650,"WAPATO CREEK AT SW GASTON ROAD, AT GASTON, OR",45.44064167,-123.125
2024-05-25,36.86,14202650,"WAPATO CREEK AT SW GASTON ROAD, AT GASTON, OR",45.44064167,-123.125
2024-05-26,17.4,14202650,"WAPATO CREEK AT SW GASTON ROAD, AT GASTON, OR",45.44064167,-123.125
2024-05-27,8.04,14202650,"WAPATO CREEK AT SW GASTON ROAD, AT GASTON, OR",45.44064167,-123.125
2024-05-28,5.73,14202650,"WAPATO CREEK AT SW GASTON ROAD, AT GASTON, OR",45.44064167,-123.125
2024-05-29,5.0,14202650,"WAPATO CREEK AT SW GASTON ROAD, AT GASTON, OR",45.44064167,-123.125
2024-05-30,6.74,14202650,"WAPATO CREEK AT SW GASTON ROAD, AT GASTON, OR",45.44064167,-123.125
2024-05-31,4.01,14202650,"WAPATO CREEK AT SW GASTON ROAD, AT GASTON, OR",45.44064167,-123.125
2024-06-01,5.86,14202650,"WAPATO CREEK AT SW GASTON ROAD, AT GASTON, OR",45.44064167,-123.125
2024-06-02,11.7,14202650,"WAPATO CREEK AT SW GASTON ROAD, AT GASTON, OR",45.44064167,-123.125
2024-06-03,10.49,14202650,"WAPATO CREEK AT SW GASTON ROAD, AT GASTON, OR",45.44064167,-123.125
2024-06-04,10.68,14202650,"WAPATO CREEK AT SW GASTON ROAD, AT GASTON, OR",45.44064167,-123.125
2024-06-05,7.08,14202650,"WAPATO CREEK AT SW GASTON ROAD, AT GASTON, OR",45.44064167,-123.125
2024-06-06,3.87,14202650,"WAPATO CREEK AT SW GASTON ROAD, AT GASTON, OR",45.44064167,-123.125
2024-06-07,9.81,14202650,"WAPATO CREEK AT SW GASTON ROAD, AT GASTON, OR",45.44064167,-123.125
2024-06-08,15.63,14202650,"WAPATO CREEK AT SW GASTON ROAD, AT GASTON, OR",45.44064167,-123.125
2024-06-09,24.99,14202650,"WAPATO CREEK AT SW GASTON ROAD, AT GASTON, OR",45.44064167,-123.125
2024-06-10,40.82,14202650,"WAPATO CREEK AT SW GASTON ROAD, AT GASTON, OR",45.44064167,-123.125
2024-06-11,67.57,14202650,"WAPATO CREEK AT SW GASTON ROAD, AT GASTON, OR",45.44064167,-123.125
2024-06-12,85.27,14202650,"WAPATO CREEK AT SW GASTON ROAD, AT GASTON, OR",45.44064167,-123.125
2024-06-13,93.21,14202650,"WAPATO CREEK AT SW GASTON ROAD, AT GASTON, OR",45.44064167,-123.125
2024-06-14,87.5,14202650,"WAPATO CREEK AT SW GASTON ROAD, AT GASTON, OR",45.44064167,-123.125
2024-06-15,48.55,14202650,"WAPATO CREEK AT SW GASTON ROAD, AT GASTON, OR",45.44064167,-123.125
2024-06-16,48.63,14202650,"WAPATO CREEK AT SW GASTON ROAD, AT GASTON, OR",45.44064167,-123.125
2024-06-17,13.59,14202650,"WAPATO CREEK AT SW GASTON ROAD, AT GASTON, OR",45.44064167,-123.125
2024-01-01,1.63,452731123092100,"SCOGGINS CREEK NEAR SW OLD HWY 47, NEAR GASTON, OR",45.4586111,-123.1559167
2024-01-02,2.27,452731123092100,"SCOGGINS CREEK NEAR SW OLD HWY 47, NEAR GASTON, OR",45.4586111,-123.1559167
2024-01-03,1.88,452731123092100,"SCOGGINS CREEK NEAR SW OLD HWY 47, NEAR GASTON, OR",45.4586111,-123.1559167
2024-01-04,1.89,452731123092100,"SCOGGINS CREEK NEAR SW OLD HWY 47, NEAR GASTON, OR",45.4586111,-123.1559167
2024-01-05,1.75,452731123092100,"SCOGGINS CREEK NEAR SW OLD HWY 47, NEAR GASTON, OR",45.4586111,-123.1559167
2024-01-06,2.06,452731123092100,"SCOGGINS CREEK NEAR SW OLD HWY 47, NEAR GASTON, OR",45.4586111,-123.1559167
2024-01-07,1.78,452731123092100,"SCOGGINS CREEK NEAR SW OLD HWY 47, NEAR GASTON, OR",45.4586111,-123.1559167
2024-01-08,1.84,452731123092100,"SCOGGINS CREEK NEAR SW OLD HWY 47, NEAR GASTON, OR",45.4586111,-123.1559167
2024-01-09,2.12,452731123092100,"SCOGGINS CREEK NEAR SW OLD HWY 47, NEAR GASTON, OR",45.4586111,-123.1559167
2024-01-10,1.71,452731123092100,"SCOGGINS CREEK NEAR SW OLD HWY 47, NEAR GASTON, OR",45.4586111,-123.1559167
2024-01-11,1.57,452731123092100,"SCOGGINS CREEK NEAR SW OLD HWY 47, NEAR GASTON, OR",45.4586111,-123.1559167
2024-01-12,2.39,452731123092100,"SCOGGINS CREEK NEAR SW OLD HWY 47, NEAR GASTON, OR",45.4586111,-123.1559167
2024-01-13,2.36,452731123092100,"SCOGGINS CREEK NEAR SW OLD HWY 47, NEAR GASTON, OR",45.4586111,-123.1559167
2024-01-14,2.67,452731123092100,"SCOGGINS CREEK NEAR SW OLD HWY 47, NEAR GASTON, OR",45.4586111,-123.1559167
2024-01-15,2.13,452731123092100,"SCOGGINS CREEK NEAR SW OLD HWY 47, NEAR GASTON, OR",45.4586111,-123.1559167
2024-01-16,2.06,452731123092100,"SCOGGINS CREEK NEAR SW OLD HWY 47, NEAR GASTON, OR",45.4586111,-123.1559167
2024-01-17,2.1,452731123092100,"SCOGGINS CREEK NEAR SW OLD HWY 47, NEAR GASTON, OR",45.4586111,-123.1559167
2024-01-18,2.28,452731123092100,"SCOGGINS CREEK NEAR SW OLD HWY 47, NEAR GASTON, OR",45.4586111,-123.1559167
2024-01-19,2.17,452731123092100,"SCOGGINS CREEK NEAR SW OLD HWY 47, NEAR GASTON, OR",45.4586111,-123.1559167
2024-01-20,2.42,452731123092100,"SCOGGINS CREEK NEAR SW OLD HWY 47, NEAR GASTON, OR",45.4586111,-123.1559167
2024-01-21,2.13,452731123092100,"SCOGGINS CREEK NEAR SW OLD HWY 47, NEAR GASTON, OR",45.4586111,-123.1559167
2024-01-22,2.03,452731123092100,"SCOGGINS CREEK NEAR SW OLD HWY 47, NEAR GASTON, OR",45.4586111,-123.1559167
2024-01-23,1.92,452731123092100,"SCOGGINS CREEK NEAR SW OLD HWY 47, NEAR GASTON, OR",45.4586111,-123.1559167
2024-01-24,1.82,452731123092100,"SCOGGINS CREEK NEAR SW OLD HWY 47, NEAR GASTON, OR",45.4586111,-123.1559167
2024-01-25,1.91,452731123092100,"SCOGGINS CREEK NEAR SW OLD HWY 47, NEAR GASTON, OR",45.4586111,-123.1559167
2024-01-26,2.18,452731123092100,"SCOGGINS CREEK NEAR SW OLD HWY 47, NEAR GASTON, OR",45.4586111,-123.1559167
2024-01-27,1.95,452731123092100,"SCOGGINS CREEK NEAR SW OLD HWY 47, NEAR GASTON, OR",45.4586111,-123.1559167
2024-01-28,1.39,452731123092100,"SCOGGINS CREEK NEAR SW OLD HWY 47, NEAR GASTON, OR",45.4586111,-123.1559167
2024-01-29,2.09,452731123092100,"SCOGGINS CREEK NEAR SW OLD HWY 47, NEAR GASTON, OR",45.4586111,-123.1559167
2024-01-30,2.06,452731123092100,"SCOGGINS CREEK NEAR SW OLD HWY 47, NEAR GASTON, OR",45.4586111,-123.1559167
2024-01-31,1.98,452731123092100,"SCOGGINS CREEK NEAR SW OLD HWY 47, NEAR GASTON, OR",45.4586111,-123.1559167
2024-02-01,1.84,452731123092100,"SCOGGINS CREEK NEAR SW OLD HWY 47, NEAR GASTON, OR",45.4586111,-123.1559167
2024-02-02,1.63,452731123092100,"SCOGGINS CREEK NEAR SW OLD HWY 47, NEAR GASTON, OR",45.4586111,-123.1559167
2024-02-03,1.8,452731123092100,"SCOGGINS CREEK NEAR SW OLD HWY 47, NEAR GASTON, OR",45.4586111,-123.1559167
2024-02-04,1.64,452731123092100,"SCOGGINS CREEK NEAR SW OLD HWY 47, NEAR GASTON, OR",45.4586111,-123.1559167
2024-02-05,1.44,452731123092100,"SCOGGINS CREEK NEAR SW OLD HWY 47, NEAR GASTON, OR",45.4586111,-123.1559167
2024-02-06,1.61,452731123092100,"SCOGGINS CREEK NEAR SW OLD HWY 47, NEAR GASTON, OR",45.4586111,-123.1559167
2024-02-07,1.88,452731123092100,"SCOGGINS CREEK NEAR SW OLD HWY 47, NEAR GASTON, OR",45.4586111,-123.1559167
2024-02-08,2.66,452731123092100,"SCOGGINS CREEK NEAR SW OLD HWY 47, NEAR GASTON, OR",45.4586111,-123.1559167
2024-02-09,2.4,452731123092100,"SCOGGINS CREEK NEAR SW OLD HWY 47, NEAR GASTON, OR",45.4586111,-123.1559167
2024-02-10,2.26,452731123092100,"SCOGGINS CREEK NEAR SW OLD HWY 47, NEAR GASTON, OR",45.4586111,-123.1559167
2024-02-11,2.56,452731123092100,"SCOGGINS CREEK NEAR SW OLD HWY 47, NEAR GASTON, OR",45.4586111,-123.1559167
2024-02-12,2.23,452731123092100,"SCOGGINS CREEK NEAR SW OLD HWY 47, NEAR GASTON, OR",45.4586111,-123.1559167
2024-02-13,2.07,452731123092100,"SCOGGINS CREEK NEAR SW OLD HWY 47, NEAR GASTON, OR",45.4586111,-123.1559167
2024-02-14,2.49,452731123092100,"SCOGGINS CREEK NEAR SW OLD HWY 47, NEAR GASTON, OR",45.4586111,-123.1559167
2024-02-15,1.87,452731123092100,"SCOGGINS CREEK NEAR SW OLD HWY 47, NEAR GASTON, OR",45.4586111,-123.1559167
2024-02-16,1.67,452731123092100,"SCOGGINS CREEK NEAR SW OLD HWY 47, NEAR GASTON, OR",45.4586111,-123.1559167
2024-02-17,1.44,452731123092100,"SCOGGINS CREEK NEAR SW OLD HWY 47, NEAR GASTON, OR",45.4586111,-123.1559167
2024-02-18,1.69,452731123092100,"SCOGGINS CREEK NEAR SW OLD HWY 47, NEAR GASTON, OR",45.4586111,-123.1559167
2024-02-19,1.6,452731123092100,"SCOGGINS CREEK NEAR SW OLD HWY 47, NEAR GASTON, OR",45.4586111,-123.1559167
2024-02-20,2.78,452731123092100,"SCOGGINS CREEK NEAR SW OLD HWY 47, NEAR GASTON, OR",45.4586111,-123.1559167
2024-02-21,1.91,452731123092100,"SCOGGINS CREEK NEAR SW OLD HWY 47, NEAR GASTON, OR",45.4586111,-123.1559167
2024-02-22,2.46,452731123092100,"SCOGGINS CREEK NEAR SW OLD HWY 47, NEAR GASTON, OR",45.4586111,-123.1559167
2024-02-23,2.16,452731123092100,"SCOGGINS CREEK NEAR SW OLD HWY 47, NEAR GASTON, OR",45.4586111,-123.1559167
2024-02-24,1.72,452731123092100,"SCOGGINS CREEK NEAR SW OLD HWY 47, NEAR GASTON, OR",45.4586111,-123.1559167
2024-02-25,1.88,452731123092100,"SCOGGINS CREEK NEAR SW OLD HWY 47, NEAR GASTON, OR",45.4586111,-123.1559167
2024-02-26,2.73,452731123092100,"SCOGGINS CREEK NEAR SW OLD HWY 47, NEAR GASTON, OR",45.4586111,-123.1559167
2024-02-27,2.49,452731123092100,"SCOGGINS CREEK NEAR SW OLD HWY 47, NEAR GASTON, OR",45.4586111,-123.1559167
2024-02-28,2.6,452731123092100,"SCOGGINS CREEK NEAR SW OLD HWY 47, NEAR GASTON, OR",45.4586111,-123.1559167
2024-02-29,2.46,452731123092100,"SCOGGINS CREEK NEAR SW OLD HWY 47, NEAR GASTON, OR",45.4586111,-123.1559167
2024-03-01,1.88,452731123092100,"SCOGGINS CREEK NEAR SW OLD HWY 47, NEAR GASTON, OR",45.4586111,-123.1559167
2024-03-02,2.14,452731123092100,"SCOGGINS CREEK NEAR SW OLD HWY 47, NEAR GASTON, OR",45.4586111,-123.1559167
2024-03-03,2.2,452731123092100,"SCOGGINS CREEK NEAR SW OLD HWY 47, NEAR GASTON, OR",45.4586111,-123.1559167
2024-03-04,2.17,452731123092100,"SCOGGINS CREEK NEAR SW OLD HWY 47, NEAR GASTON, OR",45.4586111,-123.1559167
2024-03-05,2.07,452731123092100,"SCOGGINS CREEK NEAR SW OLD HWY 47, NEAR GASTON, OR",45.4586111,-123.1559167
2024-03-06,2.28,452731123092100,"SCOGGINS CREEK NEAR SW OLD HWY 47, NEAR GASTON, OR",45.4586111,-123.1559167
2024-03-07,2.36,452731123092100,"SCOGGINS CREEK NEAR SW OLD HWY 47, NEAR GASTON, OR",45.4586111,-123.1559167
2024-03-08,2.23,452731123092100,"SCOGGINS CREEK NEAR SW OLD HWY 47, NEAR GASTON, OR",45.4586111,-123.1559167
2024-03-09,2.85,452731123092100,"SCOGGINS CREEK NEAR SW OLD HWY 47, NEAR GASTON, OR",45.4586111,-123.1559167
2024-03-10,1.93,452731123092100,"SCOGGINS CREEK NEAR SW OLD HWY 47, NEAR GASTON, OR",45.4586111,-123.1559167
2024-03-11,2.87,452731123092100,"SCOGGINS CREEK NEAR SW OLD HWY 47, NEAR GASTON, OR",45.4586111,-123.1559167
2024-03-12,2.19,452731123092100,"SCOGGINS CREEK NEAR SW OLD HWY 47, NEAR GASTON, OR",45.4586111,-123.1559167
2024-03-13,2.37,452731123092100,"SCOGGINS CREEK NEAR SW OLD HWY 47, NEAR GASTON, OR",45.4586111,-123.1559167
2024-03-14,2.09,452731123092100,"SCOGGINS CREEK NEAR SW OLD HWY 47, NEAR GASTON, OR",45.4586111,-123.1559167
2024-03-15,2.59,452731123092100,"SCOGGINS CREEK NEAR SW OLD HWY 47, NEAR GASTON, OR",45.4586111,-123.1559167
2024-03-16,1.49,452731123092100,"SCOGGINS CREEK NEAR SW OLD HWY 47, NEAR GASTON, OR",45.4586111,-123.1559167
2024-03-19,1.13,452731123092100,"SCOGGINS CREEK NEAR SW OLD HWY 47, NEAR GASTON, OR",45.4586111,-123.1559167
2024-03-20,1.19,452731123092100,"SCOGGINS CREEK NEAR SW OLD HWY 47, NEAR GASTON, OR",45.4586111,-123.1559167
2024-03-21,1.1,452731123092100,"SCOGGINS CREEK NEAR SW OLD HWY 47, NEAR GASTON, OR",45.4586111,-123.1559167
2024-03-22,1.03,452731123092100,"SCOGGINS CREEK NEAR SW OLD HWY 47, NEAR GASTON, OR",45.4586111,-123.1559167
2024-03-23,0.86,452731123092100,"SCOGGINS CREEK NEAR SW OLD HWY 47, NEAR GASTON, OR",45.4586111,-123.1559167
2024-03-24,1.03,452731123092100,"SCOGGINS CREEK NEAR SW OLD HWY 47, NEAR GASTON, OR",45.4586111,-123.1559167
2024-03-25,0.97,452731123092100,"SCOGGINS CREEK NEAR SW OLD HWY 47, NEAR GASTON, OR",45.4586111,-123.1559167
2024-03-26,0.96,452731123092100,"SCOGGINS CREEK NEAR SW OLD HWY 47, NEAR GASTON, OR",45.4586111,-123.1559167
2024-03-27,0.95,452731123092100,"SCOGGINS CREEK NEAR SW OLD HWY 47, NEAR GASTON, OR",45.4586111,-123.1559167
2024-03-28,1.17,452731123092100,"SCOGGINS CREEK NEAR SW OLD HWY 47, NEAR GASTON, OR",45.4586111,-123.1559167
2024-03-29,1.01,452731123092100,"SCOGGINS CREEK NEAR SW OLD HWY 47, NEAR GASTON, OR",45.4586111,-123.1559167
2024-03-30,0.85,452731123092100,"SCOGGINS CREEK NEAR SW OLD HWY 47, NEAR GASTON, OR",45.4586111,-123.1559167
2024-03-31,1.07,452731123092100,"SCOGGINS CREEK NEAR SW OLD HWY 47, NEAR GASTON, OR",45.4586111,-123.1559167
2024-04-01,1.27,452731123092100,"SCOGGINS CREEK NEAR SW OLD HWY 47, NEAR GASTON, OR",45.4586111,-123.1559167
2024-04-02,1.26,452731123092100,"SCOGGINS CREEK NEAR SW OLD HWY 47, NEAR GASTON, OR",45.4586111,-123.1559167
2024-04-03,1.02,452731123092100,"SCOGGINS CREEK NEAR SW OLD HWY 47, NEAR GASTON, OR",45.4586111,-123.1559167
2024-04-04,1.16,452731123092100,"SCOGGINS CREEK NEAR SW OLD HWY 47, NEAR GASTON, OR",45.4586111,-123.1559167
2024-04-05,1.11,452731123092100,"SCOGGINS CREEK NEAR SW OLD HWY 47, NEAR GASTON, OR",45.4586111,-123.1559167
2024-04-06,1.24,452731123092100,"SCOGGINS CREEK NEAR SW OLD HWY 47, NEAR GASTON, OR",45.4586111,-123.1559167
2024-04-07,0.83,452731123092100,"SCOGGINS CREEK NEAR SW OLD HWY 47, NEAR GASTON, OR",45.4586111,-123.1559167
2024-04-08,0.9,452731123092100,"SCOGGINS CREEK NEAR SW OLD HWY 47, NEAR GASTON, OR",45.4586111,-123.1559167
2024-04-09,0.92,452731123092100,"SCOGGINS CREEK NEAR SW OLD HWY 47, NEAR GASTON, OR",45.4586111,-123.1559167
2024-04-10,0.79,452731123092100,"SCOGGINS CREEK NEAR SW OLD HWY 47, NEAR GASTON, OR",45.4586111,-123.1559167
2024-04-11,1.03,452731123092100,"SCOGGINS CREEK NEAR SW OLD HWY 47, NEAR GASTON, OR",45.4586111,-123.1559167
2024-04-12,0.93,452731123092100,"SCOGGINS CREEK NEAR SW OLD HWY 47, NEAR GASTON, OR",45.4586111,-123.1559167
2024-04-13,0.93,452731123092100,"SCOGGINS CREEK NEAR SW OLD HWY 47, NEAR GASTON, OR",45.4586111,-123.1559167
2024-04-14,0.96,452731123092100,"SCOGGINS CREEK NEAR SW OLD HWY 47, NEAR GASTON, OR",45.4586111,-123.1559167
2024-04-15,2.96,452731123092100,"SCOGGINS CREEK NEAR SW OLD HWY 47, NEAR GASTON, OR",45.4586111,-123.1559167
2024-04-16,1.08,452731123092100,"SCOGGINS CREEK NEAR SW OLD HWY 47, NEAR GASTON, OR",45.4586111,-123.1559167
2024-04-17,1.03,452731123092100,"SCOGGINS CREEK NEAR SW OLD HWY 47, NEAR GASTON, OR",45.4586111,-123.1559167
2024-04-18,0.96,452731123092100,"SCOGGINS CREEK NEAR SW OLD HWY 47, NEAR GASTON, OR",45.4586111,-123.1559167
2024-04-19,1.35,452731123092100,"SCOGGINS CREEK NEAR SW OLD HWY 47, NEAR GASTON, OR",45.4586111,-123.1559167
2024-04-20,1.07,452731123092100,"SCOGGINS CREEK NEAR SW OLD HWY 47, NEAR GASTON, OR",45.4586111,-123.1559167
2024-04-21,2.66,452731123092100,"SCOGGINS CREEK NEAR SW OLD HWY 47, NEAR GASTON, OR",45.4586111,-123.1559167
2024-04-22,1.44,452731123092100,"SCOGGINS CREEK NEAR SW OLD HWY 47, NEAR GASTON, OR",45.4586111,-123.1559167
2024-04-23,1.0,452731123092100,"SCOGGINS CREEK NEAR SW OLD HWY 47, NEAR GASTON, OR",45.4586111,-123.1559167
2024-04-24,3.05,452731123092100,"SCOGGINS CREEK NEAR SW OLD HWY 47, NEAR GASTON, OR",45.4586111,-123.1559167
2024-04-25,1.0,452731123092100,"SCOGGINS CREEK NEAR SW OLD HWY 47, NEAR GASTON, OR",45.4586111,-123.1559167
2024-04-26,1.07,452731123092100,"SCOGGINS CREEK NEAR SW OLD HWY 47, NEAR GASTON, OR",45.4586111,-123.1559167
2024-04-27,0.86,452731123092100,"SCOGGINS CREEK NEAR SW OLD HWY 47, NEAR GASTON, OR",45.4586111,-123.1559167
2024-04-28,0.88,452731123092100,"SCOGGINS CREEK NEAR SW OLD HWY 47, NEAR GASTON, OR",45.4586111,-123.1559167
2024-04-29,0.88,452731123092100,"SCOGGINS CREEK NEAR SW OLD HWY 47, NEAR GASTON, OR",45.4586111,-123.1559167
2024-04-30,1.24,452731123092100,"SCOGGINS CREEK NEAR SW OLD HWY 47, NEAR GASTON, OR",45.4586111,-123.1559167
2024-05-01,1.12,452731123092100,"SCOGGINS CREEK NEAR SW OLD HWY 47, NEAR GASTON, OR",45.4586111,-123.1559167
2024-05-03,1.64,452731123092100,"SCOGGINS CREEK NEAR SW OLD HWY 47, NEAR GASTON, OR",45.4586111,-123.1559167
2024-05-04,1.22,452731123092100,"SCOGGINS CREEK NEAR SW OLD HWY 47, NEAR GASTON, OR",45.4586111,-123.1559167
2024-05-05,1.09,452731123092100,"SCOGGINS CREEK NEAR SW OLD HWY 47, NEAR GASTON, OR",45.4586111,-123.1559167
2024-05-06,1.13,452731123092100,"SCOGGINS CREEK NEAR SW OLD HWY 47, NEAR GASTON, OR",45.4586111,-123.1559167
2024-05-07,1.1,452731123092100,"SCOGGINS CREEK NEAR SW OLD HWY 47, NEAR GASTON, OR",45.4586111,-123.1559167
2024-05-08,1.03,452731123092100,"SCOGGINS CREEK NEAR SW OLD HWY 47, NEAR GASTON, OR",45.4586111,-123.1559167
2024-05-09,1.04,452731123092100,"SCOGGINS CREEK NEAR SW OLD HWY 47, NEAR GASTON, OR",45.4586111,-123.1559167
2024-05-10,1.42,452731123092100,"SCOGGINS CREEK NEAR SW OLD HWY 47, NEAR GASTON, OR",45.4586111,-123.1559167
2024-05-11,1.01,452731123092100,"SCOGGINS CREEK NEAR SW OLD HWY 47, NEAR GASTON, OR",45.4586111,-123.1559167
2024-05-12,1.08,452731123092100,"SCOGGINS CREEK NEAR SW OLD HWY 47, NEAR GASTON, OR",45.4586111,-123.1559167
2024-05-13,1.1,452731123092100,"SCOGGINS CREEK NEAR SW OLD HWY 47, NEAR GASTON, OR",45.4586111,-123.1559167
2024-05-14,1.03,452731123092100,"SCOGGINS CREEK NEAR SW OLD HWY 47, NEAR GASTON, OR",45.4586111,-123.1559167
2024-05-15,1.13,452731123092100,"SCOGGINS CREEK NEAR SW OLD HWY 47, NEAR GASTON, OR",45.4586111,-123.1559167
2024-05-16,0.97,452731123092100,"SCOGGINS CREEK NEAR SW OLD HWY 47, NEAR GASTON, OR",45.4586111,-123.1559167
2024-05-17,0.88,452731123092100,"SCOGGINS CREEK NEAR SW OLD HWY 47, NEAR GASTON, OR",45.4586111,-123.1559167
2024-05-18,0.86,452731123092100,"SCOGGINS CREEK NEAR SW OLD HWY 47, NEAR GASTON, OR",45.4586111,-123.1559167
2024-05-19,0.95,452731123092100,"SCOGGINS CREEK NEAR SW OLD HWY 47, NEAR GASTON, OR",45.4586111,-123.1559167
2024-05-20,0.92,452731123092100,"SCOGGINS CREEK NEAR SW OLD HWY 47, NEAR GASTON, OR",45.4586111,-123.1559167
2024-05-21,0.78,452731123092100,"SCOGGINS CREEK NEAR SW OLD HWY 47, NEAR GASTON, OR",45.4586111,-123.1559167
2024-05-22,0.89,452731123092100,"SCOGGINS CREEK NEAR SW OLD HWY 47, NEAR GASTON, OR",45.4586111,-123.1559167
2024-05-09,1.4,453027122400000,"WILLAMETTE RIVER BLW HOLGATE CHANNEL, PORTLAND, OR",45.50748056,-122.6666139
2024-05-10,0.97,453027122400000,"WILLAMETTE RIVER BLW HOLGATE CHANNEL, PORTLAND, OR",45.50748056,-122.6666139
2024-05-11,1.03,453027122400000,"WILLAMETTE RIVER BLW HOLGATE CHANNEL, PORTLAND, OR",45.50748056,-122.6666139
2024-05-12,0.91,453027122400000,"WILLAMETTE RIVER BLW HOLGATE CHANNEL, PORTLAND, OR",45.50748056,-122.6666139
2024-05-13,1.79,453027122400000,"WILLAMETTE RIVER BLW HOLGATE CHANNEL, PORTLAND, OR",45.50748056,-122.6666139
2024-05-14,1.08,453027122400000,"WILLAMETTE RIVER BLW HOLGATE CHANNEL, PORTLAND, OR",45.50748056,-122.6666139
2024-05-15,1.59,453027122400000,"WILLAMETTE RIVER BLW HOLGATE CHANNEL, PORTLAND, OR",45.50748056,-122.6666139
2024-05-16,2.23,453027122400000,"WILLAMETTE RIVER BLW HOLGATE CHANNEL, PORTLAND, OR",45.50748056,-122.6666139
2024-05-17,1.56,453027122400000,"WILLAMETTE RIVER BLW HOLGATE CHANNEL, PORTLAND, OR",45.50748056,-122.6666139
2024-05-18,1.47,453027122400000,"WILLAMETTE RIVER BLW HOLGATE CHANNEL, PORTLAND, OR",45.50748056,-122.6666139
2024-05-19,2.7,453027122400000,"WILLAMETTE RIVER BLW HOLGATE CHANNEL, PORTLAND, OR",45.50748056,-122.6666139
2024-05-20,1.44,453027122400000,"WILLAMETTE RIVER BLW HOLGATE CHANNEL, PORTLAND, OR",45.50748056,-122.6666139
2024-05-21,2.06,453027122400000,"WILLAMETTE RIVER BLW HOLGATE CHANNEL, PORTLAND, OR",45.50748056,-122.6666139
2024-05-22,1.98,453027122400000,"WILLAMETTE RIVER BLW HOLGATE CHANNEL, PORTLAND, OR",45.50748056,-122.6666139
2024-05-23,2.44,453027122400000,"WILLAMETTE RIVER BLW HOLGATE CHANNEL, PORTLAND, OR",45.50748056,-122.6666139
2024-05-24,2.07,453027122400000,"WILLAMETTE RIVER BLW HOLGATE CHANNEL, PORTLAND, OR",45.50748056,-122.6666139
2024-05-25,2.15,453027122400000,"WILLAMETTE RIVER BLW HOLGATE CHANNEL, PORTLAND, OR",45.50748056,-122.6666139
2024-05-26,1.89,453027122400000,"WILLAMETTE RIVER BLW HOLGATE CHANNEL, PORTLAND, OR",45.50748056,-122.6666139
2024-05-27,2.6,453027122400000,"WILLAMETTE RIVER BLW HOLGATE CHANNEL, PORTLAND, OR",45.50748056,-122.6666139
2024-05-28,4.82,453027122400000,"WILLAMETTE RIVER BLW HOLGATE CHANNEL, PORTLAND, OR",45.50748056,-122.6666139
2024-05-29,4.29,453027122400000,"WILLAMETTE RIVER BLW HOLGATE CHANNEL, PORTLAND, OR",45.50748056,-122.6666139
2024-05-30,3.5,453027122400000,"WILLAMETTE RIVER BLW HOLGATE CHANNEL, PORTLAND, OR",45.50748056,-122.6666139
2024-05-31,3.04,453027122400000,"WILLAMETTE RIVER BLW HOLGATE CHANNEL, PORTLAND, OR",45.50748056,-122.6666139
2024-06-01,13.04,453027122400000,"WILLAMETTE RIVER BLW HOLGATE CHANNEL, PORTLAND, OR",45.50748056,-122.6666139
2024-06-02,11.66,453027122400000,"WILLAMETTE RIVER BLW HOLGATE CHANNEL, PORTLAND, OR",45.50748056,-122.6666139
2024-06-03,4.11,453027122400000,"WILLAMETTE RIVER BLW HOLGATE CHANNEL, PORTLAND, OR",45.50748056,-122.6666139
2024-06-04,1.97,453027122400000,"WILLAMETTE RIVER BLW HOLGATE CHANNEL, PORTLAND, OR",45.50748056,-122.6666139
2024-06-05,2.13,453027122400000,"WILLAMETTE RIVER BLW HOLGATE CHANNEL, PORTLAND, OR",45.50748056,-122.6666139
2024-06-06,1.34,453027122400000,"WILLAMETTE RIVER BLW HOLGATE CHANNEL, PORTLAND, OR",45.50748056,-122.6666139
2024-06-07,1.62,453027122400000,"WILLAMETTE RIVER BLW HOLGATE CHANNEL, PORTLAND, OR",45.50748056,-122.6666139
2024-06-08,1.46,453027122400000,"WILLAMETTE RIVER BLW HOLGATE CHANNEL, PORTLAND, OR",45.50748056,-122.6666139
2024-06-09,1.2,453027122400000,"WILLAMETTE RIVER BLW HOLGATE CHANNEL, PORTLAND, OR",45.50748056,-122.6666139
2024-06-10,1.43,453027122400000,"WILLAMETTE RIVER BLW HOLGATE CHANNEL, PORTLAND, OR",45.50748056,-122.6666139
2024-06-11,1.97,453027122400000,"WILLAMETTE RIVER BLW HOLGATE CHANNEL, PORTLAND, OR",45.50748056,-122.6666139
2024-06-12,2.16,453027122400000,"WILLAMETTE RIVER BLW HOLGATE CHANNEL, PORTLAND, OR",45.50748056,-122.6666139
2024-06-13,2.33,453027122400000,"WILLAMETTE RIVER BLW HOLGATE CHANNEL, PORTLAND, OR",45.50748056,-122.6666139
2024-06-14,3.18,453027122400000,"WILLAMETTE RIVER BLW HOLGATE CHANNEL, PORTLAND, OR",45.50748056,-122.6666139
2024-06-15,4.15,453027122400000,"WILLAMETTE RIVER BLW HOLGATE CHANNEL, PORTLAND, OR",45.50748056,-122.6666139
2024-06-16,4.04,453027122400000,"WILLAMETTE RIVER BLW HOLGATE CHANNEL, PORTLAND, OR",45.50748056,-122.6666139
2024-06-17,3.89,453027122400000,"WILLAMETTE RIVER BLW HOLGATE CHANNEL, PORTLAND, OR",45.50748056,-122.6666139
2024-06-18,3.05,453027122400000,"WILLAMETTE RIVER BLW HOLGATE CHANNEL, PORTLAND, OR",45.50748056,-122.6666139
2024-06-19,4.08,453027122400000,"WILLAMETTE RIVER BLW HOLGATE CHANNEL, PORTLAND, OR",45.50748056,-122.6666139
2024-06-20,3.61,453027122400000,"WILLAMETTE RIVER BLW HOLGATE CHANNEL, PORTLAND, OR",45.50748056,-122.6666139
2024-06-21,4.64,453027122400000,"WILLAMETTE RIVER BLW HOLGATE CHANNEL, PORTLAND, OR",45.50748056,-122.6666139
2024-06-22,6.07,453027122400000,"WILLAMETTE RIVER BLW HOLGATE CHANNEL, PORTLAND, OR",45.50748056,-122.6666139
2024-06-23,4.04,453027122400000,"WILLAMETTE RIVER BLW HOLGATE CHANNEL, PORTLAND, OR",45.50748056,-122.6666139
2024-06-24,3.15,453027122400000,"WILLAMETTE RIVER BLW HOLGATE CHANNEL, PORTLAND, OR",45.50748056,-122.6666139
2024-06-25,4.53,453027122400000,"WILLAMETTE RIVER BLW HOLGATE CHANNEL, PORTLAND, OR",45.50748056,-122.6666139
2024-06-26,2.89,453027122400000,"WILLAMETTE RIVER BLW HOLGATE CHANNEL, PORTLAND, OR",45.50748056,-122.6666139
2024-06-27,2.3,453027122400000,"WILLAMETTE RIVER BLW HOLGATE CHANNEL, PORTLAND, OR",45.50748056,-122.6666139
2024-06-28,3.38,453027122400000,"WILLAMETTE RIVER BLW HOLGATE CHANNEL, PORTLAND, OR",45.50748056,-122.6666139
2024-06-29,6.09,453027122400000,"WILLAMETTE RIVER BLW HOLGATE CHANNEL, PORTLAND, OR",45.50748056,-122.6666139
2024-06-30,5.99,453027122400000,"WILLAMETTE RIVER BLW HOLGATE CHANNEL, PORTLAND, OR",45.50748056,-122.6666139
2024-07-01,2.73,453027122400000,"WILLAMETTE RIVER BLW HOLGATE CHANNEL, PORTLAND, OR",45.50748056,-122.6666139
2024-07-02,2.76,453027122400000,"WILLAMETTE RIVER BLW HOLGATE CHANNEL, PORTLAND, OR",45.50748056,-122.6666139
2024-07-03,3.05,453027122400000,"WILLAMETTE RIVER BLW HOLGATE CHANNEL, PORTLAND, OR",45.50748056,-122.6666139
2024-07-04,2.79,453027122400000,"WILLAMETTE RIVER BLW HOLGATE CHANNEL, PORTLAND, OR",45.50748056,-122.6666139
2024-07-05,3.76,453027122400000,"WILLAMETTE RIVER BLW HOLGATE CHANNEL, PORTLAND, OR",45.50748056,-122.6666139
2024-07-06,5.5,453027122400000,"WILLAMETTE RIVER BLW HOLGATE CHANNEL, PORTLAND, OR",45.50748056,-122.6666139
2024-07-07,13.39,453027122400000,"WILLAMETTE RIVER BLW HOLGATE CHANNEL, PORTLAND, OR",45.50748056,-122.6666139
2024-07-08,7.4,453027122400000,"WILLAMETTE RIVER BLW HOLGATE CHANNEL, PORTLAND, OR",45.50748056,-122.6666139
2024-07-09,6.78,453027122400000,"WILLAMETTE RIVER BLW HOLGATE CHANNEL, PORTLAND, OR",45.50748056,-122.6666139
2024-07-10,7.46,453027122400000,"WILLAMETTE RIVER BLW HOLGATE CHANNEL, PORTLAND, OR",45.50748056,-122.6666139
2024-07-11,4.94,453027122400000,"WILLAMETTE RIVER BLW HOLGATE CHANNEL, PORTLAND, OR",45.50748056,-122.6666139
2024-07-12,7.85,453027122400000,"WILLAMETTE RIVER BLW HOLGATE CHANNEL, PORTLAND, OR",45.50748056,-122.6666139
2024-07-13,4.22,453027122400000,"WILLAMETTE RIVER BLW HOLGATE CHANNEL, PORTLAND, OR",45.50748056,-122.6666139
2024-07-14,3.73,453027122400000,"WILLAMETTE RIVER BLW HOLGATE CHANNEL, PORTLAND, OR",45.50748056,-122.6666139
2024-07-15,5.08,453027122400000,"WILLAMETTE RIVER BLW HOLGATE CHANNEL, PORTLAND, OR",45.50748056,-122.6666139
2024-07-16,4.52,453027122400000,"WILLAMETTE RIVER BLW HOLGATE CHANNEL, PORTLAND, OR",45.50748056,-122.6666139
2024-07-17,6.23,453027122400000,"WILLAMETTE RIVER BLW HOLGATE CHANNEL, PORTLAND, OR",45.50748056,-122.6666139
2024-07-18,7.05,453027122400000,"WILLAMETTE RIVER BLW HOLGATE CHANNEL, PORTLAND, OR",45.50748056,-122.6666139
2024-07-19,5.51,453027122400000,"WILLAMETTE RIVER BLW HOLGATE CHANNEL, PORTLAND, OR",45.50748056,-122.6666139
2024-07-20,4.57,453027122400000,"WILLAMETTE RIVER BLW HOLGATE CHANNEL, PORTLAND, OR",45.50748056,-122.6666139
2024-07-21,5.4,453027122400000,"WILLAMETTE RIVER BLW HOLGATE CHANNEL, PORTLAND, OR",45.50748056,-122.6666139
2024-07-22,6.94,453027122400000,"WILLAMETTE RIVER BLW HOLGATE CHANNEL, PORTLAND, OR",45.50748056,-122.6666139
2024-07-23,6.04,453027122400000,"WILLAMETTE RIVER BLW HOLGATE CHANNEL, PORTLAND, OR",45.50748056,-122.6666139
2024-07-24,8.3,453027122400000,"WILLAMETTE RIVER BLW HOLGATE CHANNEL, PORTLAND, OR",45.50748056,-122.6666139
2024-07-25,7.96,453027122400000,"WILLAMETTE RIVER BLW HOLGATE CHANNEL, PORTLAND, OR",45.50748056,-122.6666139
2024-07-26,6.68,453027122400000,"WILLAMETTE RIVER BLW HOLGATE CHANNEL, PORTLAND, OR",45.50748056,-122.6666139
2024-07-27,6.97,453027122400000,"WILLAMETTE RIVER BLW HOLGATE CHANNEL, PORTLAND, OR",45.50748056,-122.6666139
2024-07-28,6.09,453027122400000,"WILLAMETTE RIVER BLW HOLGATE CHANNEL, PORTLAND, OR",45.50748056,-122.6666139
2024-07-29,4.24,453027122400000,"WILLAMETTE RIVER BLW HOLGATE CHANNEL, PORTLAND, OR",45.50748056,-122.6666139
2024-07-30,6.27,453027122400000,"WILLAMETTE RIVER BLW HOLGATE CHANNEL, PORTLAND, OR",45.50748056,-122.6666139
2024-07-31,3.33,453027122400000,"WILLAMETTE RIVER BLW HOLGATE CHANNEL, PORTLAND, OR",45.50748056,-122.6666139
2024-08-01,7.71,453027122400000,"WILLAMETTE RIVER BLW HOLGATE CHANNEL, PORTLAND, OR",45.50748056,-122.6666139
2024-08-02,5.54,453027122400000,"WILLAMETTE RIVER BLW HOLGATE CHANNEL, PORTLAND, OR",45.50748056,-122.6666139
2024-08-03,4.31,453027122400000,"WILLAMETTE RIVER BLW HOLGATE CHANNEL, PORTLAND, OR",45.50748056,-122.6666139
2024-08-04,3.46,453027122400000,"WILLAMETTE RIVER BLW HOLGATE CHANNEL, PORTLAND, OR",45.50748056,-122.6666139
2024-08-05,3.79,453027122400000,"WILLAMETTE RIVER BLW HOLGATE CHANNEL, PORTLAND, OR",45.50748056,-122.6666139
2024-08-06,4.22,453027122400000,"WILLAMETTE RIVER BLW HOLGATE CHANNEL, PORTLAND, OR",45.50748056,-122.6666139
2024-08-07,4.7,453027122400000,"WILLAMETTE RIVER BLW HOLGATE CHANNEL, PORTLAND, OR",45.50748056,-122.6666139
2024-08-08,4.08,453027122400000,"WILLAMETTE RIVER BLW HOLGATE CHANNEL, PORTLAND, OR",45.50748056,-122.6666139
2024-08-09,5.27,453027122400000,"WILLAMETTE RIVER BLW HOLGATE CHANNEL, PORTLAND, OR",45.50748056,-122.6666139
2024-08-10,4.8,453027122400000,"WILLAMETTE RIVER BLW HOLGATE CHANNEL, PORTLAND, OR",45.50748056,-122.6666139
2024-08-11,4.33,453027122400000,"WILLAMETTE RIVER BLW HOLGATE CHANNEL, PORTLAND, OR",45.50748056,-122.6666139
2024-08-12,6.39,453027122400000,"WILLAMETTE RIVER BLW HOLGATE CHANNEL, PORTLAND, OR",45.50748056,-122.6666139
2024-08-13,5.64,453027122400000,"WILLAMETTE RIVER BLW HOLGATE CHANNEL, PORTLAND, OR",45.50748056,-122.6666139
2024-08-14,3.54,453027122400000,"WILLAMETTE RIVER BLW HOLGATE CHANNEL, PORTLAND, OR",45.50748056,-122.6666139
2024-08-15,9.6,453027122400000,"WILLAMETTE RIVER BLW HOLGATE CHANNEL, PORTLAND, OR",45.50748056,-122.6666139
2024-08-16,4.58,453027122400000,"WILLAMETTE RIVER BLW HOLGATE CHANNEL, PORTLAND, OR",45.50748056,-122.6666139
2024-08-17,5.77,453027122400000,"WILLAMETTE RIVER BLW HOLGATE CHANNEL, PORTLAND, OR",45.50748056,-122.6666139
2024-08-18,5.3,453027122400000,"WILLAMETTE RIVER BLW HOLGATE CHANNEL, PORTLAND, OR",45.50748056,-122.6666139
2024-08-19,4.22,453027122400000,"WILLAMETTE RIVER BLW HOLGATE CHANNEL, PORTLAND, OR",45.50748056,-122.6666139
2024-08-20,5.33,453027122400000,"WILLAMETTE RIVER BLW HOLGATE CHANNEL, PORTLAND, OR",45.50748056,-122.6666139
2024-08-21,12.24,453027122400000,"WILLAMETTE RIVER BLW HOLGATE CHANNEL, PORTLAND, OR",45.50748056,-122.6666139
2024-08-22,6.57,453027122400000,"WILLAMETTE RIVER BLW HOLGATE CHANNEL, PORTLAND, OR",45.50748056,-122.6666139
2024-08-23,4.79,453027122400000,"WILLAMETTE RIVER BLW HOLGATE CHANNEL, PORTLAND, OR",45.50748056,-122.6666139
2024-08-24,3.64,453027122400000,"WILLAMETTE RIVER BLW HOLGATE CHANNEL, PORTLAND, OR",45.50748056,-122.6666139
2024-08-25,3.62,453027122400000,"WILLAMETTE RIVER BLW HOLGATE CHANNEL, PORTLAND, OR",45.50748056,-122.6666139
2024-08-26,4.75,453027122400000,"WILLAMETTE RIVER BLW HOLGATE CHANNEL, PORTLAND, OR",45.50748056,-122.6666139
2024-08-27,4.37,453027122400000,"WILLAMETTE RIVER BLW HOLGATE CHANNEL, PORTLAND, OR",45.50748056,-122.6666139
2024-08-28,4.55,453027122400000,"WILLAMETTE RIVER BLW HOLGATE CHANNEL, PORTLAND, OR",45.50748056,-122.6666139
2024-08-29,4.55,453027122400000,"WILLAMETTE RIVER BLW HOLGATE CHANNEL, PORTLAND, OR",45.50748056,-122.6666139
2024-08-30,8.04,453027122400000,"WILLAMETTE RIVER BLW HOLGATE CHANNEL, PORTLAND, OR",45.50748056,-122.6666139
2024-08-31,9.16,453027122400000,"WILLAMETTE RIVER BLW HOLGATE CHANNEL, PORTLAND, OR",45.50748056,-122.6666139
2024-09-01,7.07,453027122400000,"WILLAMETTE RIVER BLW HOLGATE CHANNEL, PORTLAND, OR",45.50748056,-122.6666139
2024-09-02,7.89,453027122400000,"WILLAMETTE RIVER BLW HOLGATE CHANNEL, PORTLAND, OR",45.50748056,-122.6666139
2024-09-03,5.56,453027122400000,"WILLAMETTE RIVER BLW HOLGATE CHANNEL, PORTLAND, OR",45.50748056,-122.6666139
2024-09-04,4.19,453027122400000,"WILLAMETTE RIVER BLW HOLGATE CHANNEL, PORTLAND, OR",45.50748056,-122.6666139
2024-09-05,6.44,453027122400000,"WILLAMETTE RIVER BLW HOLGATE CHANNEL, PORTLAND, OR",45.50748056,-122.6666139
2024-09-06,5.49,453027122400000,"WILLAMETTE RIVER BLW HOLGATE CHANNEL, PORTLAND, OR",45.50748056,-122.6666139
2024-09-07,4.55,453027122400000,"WILLAMETTE RIVER BLW HOLGATE CHANNEL, PORTLAND, OR",45.50748056,-122.6666139
2024-09-08,3.58,453027122400000,"WILLAMETTE RIVER BLW HOLGATE CHANNEL, PORTLAND, OR",45.50748056,-122.6666139
2024-09-09,3.47,453027122400000,"WILLAMETTE RIVER BLW HOLGATE CHANNEL, PORTLAND, OR",45.50748056,-122.6666139
2024-09-10,5.06,453027122400000,"WILLAMETTE RIVER BLW HOLGATE CHANNEL, PORTLAND, OR",45.50748056,-122.6666139
2024-09-11,11.05,453027122400000,"WILLAMETTE RIVER BLW HOLGATE CHANNEL, PORTLAND, OR",45.50748056,-122.6666139
2024-09-12,5.44,453027122400000,"WILLAMETTE RIVER BLW HOLGATE CHANNEL, PORTLAND, OR",45.50748056,-122.6666139
2024-09-13,2.49,453027122400000,"WILLAMETTE RIVER BLW HOLGATE CHANNEL, PORTLAND, OR",45.50748056,-122.6666139
2024-09-14,4.85,453027122400000,"WILLAMETTE RIVER BLW HOLGATE CHANNEL, PORTLAND, OR",45.50748056,-122.6666139
2024-09-15,3.53,453027122400000,"WILLAMETTE RIVER BLW HOLGATE CHANNEL, PORTLAND, OR",45.50748056,-122.6666139
2024-09-16,5.76,453027122400000,"WILLAMETTE RIVER BLW HOLGATE CHANNEL, PORTLAND, OR",45.50748056,-122.6666139
2024-09-17,4.07,453027122400000,"WILLAMETTE RIVER BLW HOLGATE CHANNEL, PORTLAND, OR",45.50748056,-122.6666139
